bolt_neve,termek_neve,kezdeti_datum,vege_datum,eredeti_ar,kedvezmenyes_ar,kartyas_e,kategoria,hierarchiaszint,egyedi_hash
Auchan,FODROSLEVELŰ SALÁTA,2026-04-16,2026-04-22,699,499,False,Salátafélék,3,a767c1963e14c09bb8dff356deca5d816c173bc7da5f999dc8a2bb23a6e4e743
ALDI,KOKTÉL-PARADICSOM,2026-04-20,2026-04-22,695,599,False,Paradicsom,3,e0240db69cbe9fbfb74a74f1be64428583fd0b2f56a9f359133609c36982f348
Tesco,HEGYES ERŐS PAPRIKA,2026-04-20,2026-04-22,119,99,False,Paprika,3,b97e6a538c70e43fda804e3e993533b2bd92cddc176d40d329dfb3cba765334d
Auchan,PÓRÉHAGYMA,2026-04-16,2026-04-22,599,349,False,Hagyma,3,efc934ddd9f440e6d1a33aab9c6bf8166eada72ce0d44947bc524238c16ad928
Tesco,KELKÁPOSZTA,2026-04-16,2026-04-22,599,399,False,Karfiol és káposzta,3,fe2a90c48513053c44b075503ab464e274ef03ab1056aefbcde1e3b4e5b27586
SPAR,Aviko Zig Zag hasábburgonya,2026-04-16,2026-04-22,2699,1499,True,Mirelit zöldség,3,913f1f74ba19202112114464533801686849dcbf1b899842214a09ab8a2cd0b0
ALDI,ALL SEASONS BROKKOLI-MIX,2026-04-16,2026-04-22,485,405,False,Mirelit zöldség,3,0b6cf779d2bdf569c7d26042507cde69f0f93112052c575e7417f80753b35003
SPAR,S-BUDGET brokkolirózsa,2026-04-16,2026-04-22,1099,899,False,Mirelit zöldség,3,1696f7a0a3c726930c62de4b51e112cf3f8408fff28f8a158d27ffb5bba2c2df
Auchan,PETREZSELYEM,2026-04-16,2026-04-22,699,499,False,Fűszernövények,3,f3ca290d5bfbcf3a116356b7ca14af2005e07bae633c81557de54eb6d3baa1c7
Auchan,GYÖMBÉR,2026-04-16,2026-04-22,2490,1699,False,Egzotikus zöldség,3,b3891ebe1afc7ef6ab14e7ccefb5cf58f640a921da29e3871e53c4e9fd7183c5
SPAR,Petrezselyemgyökér,2026-04-16,2026-04-22,1299,599,True,Gyökér- és leveleszöldség,3,870bee4822fc19457dfb71a64b11171e0d889176b033158eee5554e7fb064558
Lidl,Bio vákuumcsomagolt cékla,2026-04-16,2026-04-22,699,499,True,Gyökér- és leveleszöldség,3,ed1b6513a5e1f0d25c3b15a2b816a37e0a3865deba2ccb72d48bf9da5b9b93ff
Lidl,Zellerszár,2026-04-20,2026-04-22,599,449,True,Gyökér- és leveleszöldség,3,0efb8b58b037d6f983bffd57582fbe8ec3fddfae07f8b6a9e11f15de5c4d98a8
Auchan,CÉKLA,2026-04-16,2026-04-22,449,199,False,Gyökér- és leveleszöldség,3,672c2452b74ab18e096dcc15ae8fd90a7e7f1e39de81a29c34a300b6670a0273
Tesco,Magyar csomós retek,2026-04-16,2026-04-22,249,219,False,Gyökér- és leveleszöldség,3,fab68879bd2ccaebb05becfd40bc206d8c5ba41fcea96c3a3e3a8f6b135af24d
Auchan,VEGYESZÖLDSÉG,2026-04-16,2026-04-22,799,499,False,Gyökér- és leveleszöldség,3,4f492918ad2d353e602c1d6615ad38fbea0cc4d4c5558d574b14c7b989e0abf0
Auchan,SPÁRGA,2026-04-16,2026-04-22,2999,1499,False,Gyökér- és leveleszöldség,3,0e758c364f51394e55639526b972f64353057ec4e17a91428c0cc0bbf925aa7c
SPAR,S-BUDGET fehér csiperkegomba,2026-04-16,2026-04-22,899,699,True,Gomba,3,c5d020153fcf4b63c1c350c07b3a1df52c377c3d495016a8297a2afaa5007158
Auchan,Rozmár ROZMÁR SZEGFŰ- VAGY RÓKAGOMBA,2026-04-16,2026-04-22,2729,1899,True,Gomba,3,d6499c5b5a35b48fc526399a78fcd19e793aca651ac5401b289ab0660d607c50
ALDI,BIO NATURA BIO GOMBA,2026-04-20,2026-04-22,699,499,False,Gomba,3,2d090e8af4d6338771dbba04da42a2c27ab3a4e3825bb4772992ca48e27ea82f
Tesco,Tesco magyar fehér csiperkegomba,2026-04-16,2026-04-22,899,599,False,Gomba,3,54fa8bcd7581ff9ebaecb31757e28675b399bb209cc49f9fdae999e6ee550d8b
Auchan,CUKKINI,2026-04-16,2026-04-22,1199,699,False,Tökfélék,3,066dffc0495e31a14a908055705b5cd27f6fe6c6e1d9997529ad2515f045bae0
ALDI,"ALL SEASONS VÁGOTT, SÁRGA HÜVELYŰ ZÖLDBAB",2026-04-20,2026-04-22,799,499,False,Egyéb zöldség,3,c56992ecff85d2fa96f405f3ad65eb2c96f74f2db42661af3419479374e99b38
Auchan,Eisberg EISBERG RANCH VAGY FARMER MIX,2026-04-16,2026-04-22,369,299,False,Egyéb zöldség,3,56897a0c4a3a9b87a52c7e6ead51f37031b6219ad111fb7104ff674cb27bea1b
Auchan,Eisberg EISBERG PÁNTLIKA VAGY PUSZTA MIX,2026-04-16,2026-04-22,549,439,False,Egyéb zöldség,3,cb9bb7ff77a4d957055c5d185bdff98497fd8c1dd8e63047e32a6a94110dc5e6
ALDI,KLASSZIKUS SALÁTAMIX,2026-04-16,2026-04-22,699,479,False,Egyéb zöldség,3,f07673ed64482ab675fe59a6e0d16f17f4f1a0fcdc4e31b85c2da2d6e0c6fdee
ALDI,GOLDEN ALMA,2026-04-20,2026-04-22,459,399,False,Almafélék,3,555b75b160b6d8225095959421dece4fc2339f0b6e5dba5a542f4ed9622ff49a
ALDI,CONFERENCE KÖRTE,2026-04-20,2026-04-22,769,599,False,Almafélék,3,bc789787aa00ab73508ebd0feb8d9bf1fc60567dd2d99ca43e4c83edf1b71315
Tesco,Áfonya,2026-04-16,2026-04-22,899,649,False,Bogyós gyümölcsök,3,47ef2bb8425b2b3ccc042968d7f9b114dc474dfb5938baf17a400f30b31a8f54
ALDI,EPER,2026-04-20,2026-04-22,1499,899,False,Bogyós gyümölcsök,3,ba22aac3de17078e0c5d2f3b7bcbfed9d5ab1b9221f279bcef06b62c40a27738
SPAR,Avokádó,2026-04-16,2026-04-22,599,399,True,Egzotikus gyümölcs,3,2e4d575d0ec1a13b96d5e927eea73b1edbddeee4e760b964aa61708f93490133
Lidl,Avokádó,2026-04-20,2026-04-22,599,199,False,Egzotikus gyümölcs,3,29f03a6dc9716388c038e7c7a1f723fee68804c8680d88b8447dce999d77e27b
Auchan,ANANÁSZ,2026-04-16,2026-04-22,1099,799,False,Egzotikus gyümölcs,3,4841972093b11c627678de98c61a5c461bc1f6f3755f286574e141e336af266e
Auchan,AVOKÁDÓ,2026-04-16,2026-04-22,1699,999,False,Egzotikus gyümölcs,3,afeececd78f05507e7e5a318ecf7c56b75b5f1ef6fd89ccf4f2481aaa402da2d
Lidl,GELATELLI Pálcikás jégkrém csoki-darabokkal,2026-04-16,2026-04-22,449,299,True,Mirelit gyümölcs,3,20d8e444d7eb21a2802878509a514330770084aa0d2960d3084ff1e2f6b547d4
Auchan,Aviko AVIKO GYORSFAGYASZTOTT BURGONYAKÖRET,2026-04-16,2026-04-22,1329,999,True,Mirelit gyümölcs,3,56846703b7a74d60d21ff514687faf107b5aca34e62519580052cdea6c42c365
SPAR,Nutella poharas jégkrém,2026-04-16,2026-04-22,2999,2499,True,Mirelit gyümölcs,3,e4f17ba4c57decc6a7d9aa9e4ed13ed4636b6ede5c91ae71ad23c8d7f4c1f8c8
Lidl,CULINEA Mogyorókrémes nudli,2026-04-16,2026-04-22,1149,799,True,Mirelit gyümölcs,3,dbf76d6450228ba85ad6e915c6307151f64be7535a33e257277faa79d36280fa
Lidl,CULINEA Tavaszi tekercs,2026-04-16,2026-04-22,1199,779,True,Mirelit gyümölcs,3,b464b4f52a1ca8d44617bd4aeb90452c4727ce25d41051f6812851a86d76de84
SPAR,SPAR dubai csokis jégkrém,2026-04-16,2026-04-22,2999,2199,True,Mirelit gyümölcs,3,cfab9d8e0f9fbed8450695d2f7074d4f8d364293c41058684163d4e9f9154c57
SPAR,Aviko Zig Zag hasábburgonya,2026-04-16,2026-04-22,2699,1499,True,Mirelit gyümölcs,3,c232900f8fc84e947f874fad7adb94fc21bcdebd83b5dc49dccc01d8851b4f07
Tesco,Dr. Oetker Ristorante pizza,2026-04-02,2026-04-22,1599,1099,True,Mirelit gyümölcs,3,ba22e493cc82f6b73b7a0e0f445299611923be48a97563d609b1b72e86d14696
Tesco,Manhattan jégkrém,2026-04-02,2026-04-22,2399,2059,True,Mirelit gyümölcs,3,c913532a0b9ec59801388cf379aea7c48a7ad8c44b31c6bcee33af94f86b34ae
Tesco,Magnum jégkrém multipack,2026-04-02,2026-04-22,4229,3399,True,Mirelit gyümölcs,3,8e0a392ad2d6b7ae57cce72c836df5de14978d9953c51c5b8c8b7ecb3b8f1b50
Auchan,Vici VICI CLASSIC SURIMI HALRÚD,2026-04-16,2026-04-22,799,599,True,Mirelit gyümölcs,3,fc63e33496919daa4c356ea7ba5511d974f29c7da1eaee98322b85a2bf03bc41
Tesco,Master Good Fini Dino gyorsfagyasztott Dinoszaurusz Nuggets,2026-04-16,2026-04-22,2799,2269,True,Mirelit gyümölcs,3,7d1721ef86b56e23ea11072b488cbad7e55b31e9a3f6d29a7636b33ec20b8120
Tesco,Oreo jégkrém,2026-04-16,2026-04-22,879,719,True,Mirelit gyümölcs,3,9b406a5f6ffff83356bf81eb3f323e4ba48cc2870e3a4d33901ac819e9686550
Tesco,Milka Mini jégkrém multipack,2026-04-16,2026-04-22,3329,2885,True,Mirelit gyümölcs,3,06b9b2ecb65d80e44ec251266dae2eba52adeb0985a8a815f4ed01df8f4403b4
Tesco,"Frigotti előkelesztett, gyorsfagyasztott mini kakaós csiga",2026-04-16,2026-04-22,2729,1899,True,Mirelit gyümölcs,3,4df1896af432861fbfb12cde09e51e69c26613d91c856e466039d89b06f9fce6
Tesco,Carte dOr vegán jégkrém,2026-04-16,2026-04-22,2749,1999,True,Mirelit gyümölcs,3,a5e319e5d3e5baeba411bcfa9c3a845134794b0232be238835d4f555c4911a14
Tesco,Vici Surimi Kama halrúd,2026-04-16,2026-04-22,989,749,True,Mirelit gyümölcs,3,468ad52688e484db47b6238be5e769f5b3f60ac2590e0e5d527a90a1760ac9c0
ALDI,ALL SEASONS BROKKOLI-MIX,2026-04-16,2026-04-22,485,405,False,Mirelit gyümölcs,3,ba37270295156fe52423d58eea4acbd63df3d97ee1b8366ff5064029b67855f5
SPAR,Doro pizza,2026-04-16,2026-04-22,549,459,False,Mirelit gyümölcs,3,cc35036c635d1a82f031b12ca1deaf962027768c73c8ac23d61b785e6e4a8449
SPAR,Carte dOr jégkrém,2026-04-16,2026-04-22,849,649,False,Mirelit gyümölcs,3,0f7668b2f6516a5a53dc1b241e1eb9318f4a48eaeae87f3ad85a805ad6a1ecb9
Auchan,CARTE DOR MINI JÉGKRÉM,2026-04-16,2026-04-22,849,699,False,Mirelit gyümölcs,3,43294eafb927c2f5f2e1ef3265bde93851fa402fb47bb9720b8c53e25949e227
Lidl,BIOMAR FISH Panírozott tintahalkarikák,2026-04-20,2026-04-22,999,749,False,Mirelit gyümölcs,3,e9d021473955e8af057076bdb64c0325ad4bdcea12a7ced12e386be9086a6025
SPAR,Sprint fekete szeder,2026-04-16,2026-04-22,999,799,False,Mirelit gyümölcs,3,1e500e60d4188667b89dc0d507d5177e998b4d59b5dc1136d67cc874264b4495
SPAR,S-BUDGET brokkolirózsa,2026-04-16,2026-04-22,1099,899,False,Mirelit gyümölcs,3,fd338442d04b4348aa05b84e185f0ec9cbfe30683a50086003ef025239d3d65e
SPAR,SPAR Exotic Duo pálcikás jégkrém válogatás,2026-04-16,2026-04-22,1599,999,False,Mirelit gyümölcs,3,52da7c63cc6d23891d9c6efe4c1f05c2c9613b6127813af89032b19e44b5d106
SPAR,Come a Casa lasagne,2026-04-16,2026-04-22,1299,1099,False,Mirelit gyümölcs,3,c2876a5b3b11f296d5701b1ac52de0737732148aaec8fd946bb4a07b6c1da2bb
SPAR,SPAR veggie jégkrémválogatás,2026-04-16,2026-04-22,1399,1199,False,Mirelit gyümölcs,3,cbd736b4ac8fe5157e3f2586e9ab6ecd980f755544c3d21e7a659140c2703fe8
SPAR,S-BUDGET Conte jégkrémválogatás,2026-04-16,2026-04-22,1399,1199,False,Mirelit gyümölcs,3,4c913d49d42056830d85d8e8d20f7138be72645c804b4f23474c344af28968d1
Auchan,"Auchan AUCHAN KEDVENC GYORSFAGYASZTOTT, CSÍPŐS CSIRKESZÁRNYAK",2026-04-16,2026-04-22,1719,1449,False,Mirelit gyümölcs,3,a47f7b84bba5670b4eaadaf40c181620936595d105e402cef6a95727fc8774a3
SPAR,Algida Smile jégkrém,2026-04-16,2026-04-22,1699,1449,False,Mirelit gyümölcs,3,0b0dcca36bbd747f06025343121dca160762c6db303364882360f87f791d0fbf
Auchan,Classic CLASSIC GYORSFAGYASZTOTT HEKKFILÉ,2026-04-16,2026-04-22,2359,1599,False,Mirelit gyümölcs,3,18028f7570700a1e53389fe669bf501d64bded1834374aa6aef285cee99f10cc
Tesco,"Valdor Zizu gyorsfagyasztott, panírozott csirkemellfilé",2026-04-02,2026-04-22,3099,1699,False,Mirelit gyümölcs,3,4863c318d836fba65d1f0de49f1d24d79135390dc83b77dc502aef367c185958
Auchan,COME A CASA LASAGNE BOLOGNESE,2026-04-16,2026-04-22,2199,1799,False,Mirelit gyümölcs,3,d4c1c3e7ee98c900259d16afae3edf56e351ebba8f0e1ea574400bd23fc93d07
Auchan,CARTE DOR SOFT & CRUNCHY CSALÁDI JÉGKRÉM,2026-04-16,2026-04-22,2599,1799,False,Mirelit gyümölcs,3,4d8d3c4d1db01b1e783b2062b9548fcb85cea4d1f97a1c49b9b2600e105a52e3
Auchan,Carte DOr CARTE DOR CSALÁDI JÉGKRÉM,2026-04-16,2026-04-22,2599,1799,False,Mirelit gyümölcs,3,e70905fdaf05eae41121ef0d28ab7f0efe2db0733b7bb802a6a8559f2cbbd931
Auchan,Steak House STEAK HOUSE GYORSFAGYASZTOTT HAMBURGER HÚSPOGÁCSA,2026-04-16,2026-04-22,2499,1999,False,Mirelit gyümölcs,3,56934d96c53089a81c50d536dd0f01d80d0e13fd048bd84fdce3a28dcf88d4b4
Auchan,CORNETTO MAX PISZTÁCIA TÖLCSÉRES JÉGKRÉM MULTIPACK,2026-04-16,2026-04-22,2499,1999,False,Mirelit gyümölcs,3,f4da285ed03d48122d0d5aa0bd12be4fac3bb613e2c64bef5a1407f6c06bf910
Auchan,MAGNUM PÁLCIKÁS JÉGKRÉM MULTIPACK,2026-04-16,2026-04-22,2399,1999,False,Mirelit gyümölcs,3,4c514dd7e09f9da914fe628301d266b07645123646e07b8b64c40f5c289e2033
SPAR,Fine Ice jégkrém,2026-04-16,2026-04-22,2499,2199,False,Mirelit gyümölcs,3,0150793829156a99414f124884d28304a3bad5ca5de2cba05db51ffb8fde9f24
Auchan,Valdor VALDOR ZIZU GYORSFAGYASZTOTT CSIRKEMELLFILÉ,2026-04-16,2026-04-22,3099,2199,False,Mirelit gyümölcs,3,c2bb720bb6d3d306ea146c9f14b05d3a49efdb94621af2ef83552fada2c136d1
SPAR,Kinder Bueno multipack jégkrém,2026-04-16,2026-04-22,2999,2499,False,Mirelit gyümölcs,3,cdf50b6e5730c9c65dc67c5402dd5a218e11038d54f4885dc063daf7bbda6a59
Auchan,MAGNUM BON BON POHARAS JÉGKRÉM,2026-04-16,2026-04-22,2999,2499,False,Mirelit gyümölcs,3,71cc9efd0a0fb14b122f007cb3f8e6171e4f1a6827491eea23a65f522a4332cd
SPAR,Valdor cheddar sajttal töltött csirkemell,2026-04-16,2026-04-22,3499,2649,False,Mirelit gyümölcs,3,462d48b389e1d34e882b19ad7ada61dabe6835d716e12ba9c63de2443ae0d7bb
Auchan,BEN&JERRYS POHARAS JÉGKRÉM,2026-04-16,2026-04-22,3999,3299,False,Mirelit gyümölcs,3,a2b8cc014144e4014ec9a65039492fae5e0a4cec62f9e8276e9c734bc9596538
Auchan,Székely EREDETI SZÉKELY MICCS,2026-04-16,2026-04-22,5499,4399,False,Mirelit gyümölcs,3,39382dd3b21ad088a8187e41e09f3061c8bfd33e1b849ca604d4e20816b08678
Auchan,Royal ROYAL FEKETE TIGRISRÁK,2026-04-16,2026-04-22,6499,4499,False,Mirelit gyümölcs,3,2fdfe9ec20460675bdf93c0c0fb92d5c75c9e96e5ce4f7871990ff56b1f518ac
Auchan,ANGUS MARHA HAMBURGER HÚSPOGÁCSA,2026-04-16,2026-04-22,1999,1499,False,Marhahús,2,c3b817a8b14195f3b0503503e6f0cfd135de8c7d6648793daba6cd29fa897773
SPAR,SPAR toGo GRILLCSIRKE EGÉSZCOMB + KÖRET serpenyős zöldségkeverék,2026-04-16,2026-04-22,1728,1199,False,Csirkehús,2,e0fde2ee9f50e290f20538c0a693ac50229624057d0846617156591dd57e216c
Tesco,Friss magyar csirkemellfilé,2026-04-16,2026-04-22,1919,1775,False,Csirkehús,2,8f9148eb414ab0dea3ae7ab5cf3af0220fdd2fdbc015c05303bcf86047997ee9
Auchan,CSIRKEMELLFILÉ,2026-04-16,2026-04-22,2399,1899,False,Csirkehús,2,c6de0fe2eb7d17a8b82b20b6bef5ceffa1a425cb9171333006285837b22550b1
Lidl,PIKOK PURE Pulykamájas,2026-04-20,2026-04-22,269,199,False,Pulykahús,2,61f168d4f9b47dbd6435b29e9db4af9b2f92b992d21fe8e7ae33db45169ef5a1
SPAR,Kockázott pulyka felsőcombfilé,2026-04-16,2026-04-22,1399,1199,False,Pulykahús,2,dfe0d16b9e36ebf6818e78940e39d10940e9bea1e9aa58063ed541104a5a0b6a
SPAR,"Regnum füstölt, főtt tarja",2026-04-16,2026-04-22,529,419,False,Sertéshús,2,7e414beed60466e45659307996fedcb91ece6107a470fd6c9f3072e119e2aeaf
Auchan,Auchan AUCHAN KEDVENC SERTÉSLÁB,2026-04-16,2026-04-22,989,799,False,Sertéshús,2,44bc66ee6bb04676ef27c2a5fe71b463b043750fd9465310fa0479ee7483fac7
Auchan,SERTÉSLAPOCKA,2026-04-16,2026-04-22,1729,1249,False,Sertéshús,2,af3f1187cde8e2d75325cd505aa7174b9b544dc18f22781fadf7393d5fcb95e4
Tesco,Tesco friss sertés-marha darálthús,2026-04-16,2026-04-22,1599,1299,False,Sertéshús,2,3531014bdd15da9f1253ceabbee37c61857044ab0b4c8fe5a85178c33af8a0ac
Tesco,Friss sertés bőrös császár,2026-04-16,2026-04-22,1999,1549,False,Sertéshús,2,a6339c667fa5158369407c2ad4eec45ed12b9b92e5077da08b996b43b136e89f
Auchan,HAJNAL HÚS FRÉDI GRILL SERTÉSTARJA-SZELET BARNA SÖRÖS PÁCBAN,2026-04-16,2026-04-22,2499,2219,False,Sertéshús,2,4df8c88b6194b143882e304fb8cad6638708281a9211bcb0284cb12cf5c3abc3
Auchan,VADDISZNÓ GULYÁSHÚS,2026-04-16,2026-04-22,5299,4759,False,Sertéshús,2,54651c67ddc5c304c6a3bc7290e71349b1453ba8e91913855c6508d0064d1d67
SPAR,Busaszelet,2026-04-16,2026-04-22,279,249,False,Halak és tenger gyümölcsei,2,091d208bd5c36c0a7532787ff6135098da9853084e11b1bb147658150e93fab4
SPAR,Vici Snow Crab surimi,2026-04-16,2026-04-22,999,799,False,Halak és tenger gyümölcsei,2,9c10883bd65844e7d8413ecb40faebbbad23337f6a44e090fa84bf6d4fbfc59d
SPAR,Classic hekkfilé,2026-04-16,2026-04-22,2899,1999,False,Halak és tenger gyümölcsei,2,3032510cfbd37ad2848c1c2f6cc0ece5e3db0d06443da7e8a393a0e222041165
Auchan,FRISS LAZACFILÉ,2026-04-16,2026-04-22,8249,6199,False,Halak és tenger gyümölcsei,2,3607953f3f543eef191aa0c283a78b9691181b10246ddd3d0726f5878f464842
Auchan,Vici VICI CLASSIC SURIMI HALRÚD,2026-04-16,2026-04-22,799,599,True,Halak és tenger gyümölcsei,2,a1a0971df89efb505b840a7bd1b37d67b13f1183c678ddf33bc63b1654e52117
Tesco,Vici Surimi Kama halrúd,2026-04-16,2026-04-22,989,749,True,Halak és tenger gyümölcsei,2,ec2c8ec5d4e5046d5e8dec115494d2a4d52741d9e1915e8ac48449d422a3e2b8
Lidl,BIOMAR FISH Panírozott tintahalkarikák,2026-04-20,2026-04-22,999,749,False,Halak és tenger gyümölcsei,2,df31fabe68be09f205e4d45ec0a8fd1d79b6cea9552475785f1afbafc232b0a7
Auchan,Classic CLASSIC GYORSFAGYASZTOTT HEKKFILÉ,2026-04-16,2026-04-22,2359,1599,False,Halak és tenger gyümölcsei,2,05030e60b4b2c911e76fa18c36a04a685925d56adc59bb636f700ccb5b05e4c2
Auchan,Royal ROYAL FEKETE TIGRISRÁK,2026-04-16,2026-04-22,6499,4499,False,Halak és tenger gyümölcsei,2,db87af6f1b9e6b672c961df5f46d52c4b92b42e06c614a238962e1a947fa9501
Tesco,Master Good Fini Dino gyorsfagyasztott Dinoszaurusz Nuggets,2026-04-16,2026-04-22,2799,2269,True,Egyéb hús,2,3a7149f75d44fb0e8b80c0b7b37937e00d338e755e3f333becd4c9e521933c8b
Auchan,"Auchan AUCHAN KEDVENC GYORSFAGYASZTOTT, CSÍPŐS CSIRKESZÁRNYAK",2026-04-16,2026-04-22,1719,1449,False,Egyéb hús,2,42c6ef4a8bc29f98df5f80fb3fe13bd4867a669e239fe5ef818303cb5f5b76ac
Tesco,"Valdor Zizu gyorsfagyasztott, panírozott csirkemellfilé",2026-04-02,2026-04-22,3099,1699,False,Egyéb hús,2,ab6765727866ecb9cf78319444b491dd8adab85b743c84f5da8fdbea40e70bdc
Auchan,Steak House STEAK HOUSE GYORSFAGYASZTOTT HAMBURGER HÚSPOGÁCSA,2026-04-16,2026-04-22,2499,1999,False,Egyéb hús,2,1d08f00efaecd5f0cb58e4efa7906248be7828ef90db65d6a167d815ba232e5f
Auchan,Valdor VALDOR ZIZU GYORSFAGYASZTOTT CSIRKEMELLFILÉ,2026-04-16,2026-04-22,3099,2199,False,Egyéb hús,2,8199ba75545a888771bc4274f7ec256ba4b5e8a793e8e1cbd632c1399f49fd7a
SPAR,Valdor cheddar sajttal töltött csirkemell,2026-04-16,2026-04-22,3499,2649,False,Egyéb hús,2,e4a035e4d6b42f50fab9bf53c449a45ee5568e735be1ed3adc7cd53c8b1978aa
Auchan,Székely EREDETI SZÉKELY MICCS,2026-04-16,2026-04-22,5499,4399,False,Egyéb hús,2,b80411eedee61f4f9dcdbdc4932b76a0d9440e47caaaff5aa3db94ca28ec080b
Auchan,Kaiser KAISER GRILLKOLBÁSZ,2026-04-16,2026-04-22,999,899,True,Egyéb hús,2,529f7b0e74a4363d67d20cc0613476c139f4fa7cdce454406f504bd09bf9cb7c
Auchan,Wiesbauer WIESBAUER GRILLER,2026-04-16,2026-04-22,1279,999,True,Egyéb hús,2,6a758aee6c1080d23034d2078bdd33ab03a9ac3cf5f6fccddc52f957feac6ad9
SPAR,Regnum BBQ grillkolbász,2026-04-16,2026-04-22,1699,1399,True,Egyéb hús,2,3919f0f52d4193195ec25a539cc94c0ff7ffb9145605ed8e9a5cb2154a0f9378
Auchan,THYMOS FOLYÉKONY FŰSZERPÁC,2026-04-16,2026-04-22,719,549,False,Egyéb hús,2,cba68defea3b035553f5d81115a0e3ad7518f465a6307d4ce49efc56136ca0bf
Lidl,PIKOK PURE Bajor grillkolbász,2026-04-16,2026-04-22,999,849,False,Egyéb hús,2,87f78f48f13f45bb68e5af8111b450c50943fce1694ddb1b582e38e7cc64b669
Auchan,Régimódi RÉGIMÓDI SAJTOS GRILLKOLBÁSZ,2026-04-16,2026-04-22,1099,989,False,Egyéb hús,2,10380aff3639eee0da2adf60cbe9851eab2624a019b67abbbefa1399e1ed9358
Auchan,Régimódi RÉGIMÓDI PIKÁNS SÜTŐKOLBÁSZ,2026-04-16,2026-04-22,1399,999,False,Egyéb hús,2,0082dfdd892b4c3cd89c4329730b1794237ccaf51d876a6aef88915b00694243
Auchan,NÁDUDVARI CHEF EXCLUSIVE GRILLKOLBÁSZ,2026-04-16,2026-04-22,1399,1199,False,Egyéb hús,2,b8e3a86baf6571d84e4b040299898d12b0d973131a9e2c5a25926d2d9f44d882
Auchan,WIESBAUER GRILLKOLBÁSZ MIX,2026-04-16,2026-04-22,1699,1499,False,Egyéb hús,2,9382c70902c3579f2a3427630621ab68382c1061778baa1d10fcaf240a96d333
Tesco,Goldenfood bőrös kacsamellfilé vagy pecsenye kacsacomb,2026-04-16,2026-04-22,400,320,False,Egyéb hús,2,486e36c957954500fbbef6c942c31e0b16cbbfff1989af050d215c7f7f4b77f3
Auchan,Valdor VALDOR PECSENYEKACSA CSOMAG,2026-04-16,2026-04-22,2499,1599,False,Egyéb hús,2,7c505548b0017e0af2d9cb538cc8d4478b7993209b3fd07ee0227a6309d53c30
Auchan,PECSENYENYÚLMÁJ,2026-04-16,2026-04-22,2299,1999,False,Egyéb hús,2,0ce68db90b232d83fc02cc00389db88cd42e1fd9a7c458b36b819b48772899dd
Auchan,GÍMSZARVAS PÖRKÖLTHÚS,2026-04-16,2026-04-22,6199,4999,False,Egyéb hús,2,8b6b2630e9aa8385b9da59b64079f8f89d20c557e7d517999331593afc9dac31
SPAR,Zott Jogobella joghurtos ital,2026-04-16,2026-04-22,349,215,True,Joghurt és kefír,2,c9d815c4ce739b3047a3b98dece4224c354e4fad302bf2ded8be3228335aa9ba
Tesco,Nádudvari kefir,2026-04-16,2026-04-22,549,299,True,Joghurt és kefír,2,e2d1d6ebd6d7b84d7c07d1a4395770ac8f37c6b60dfa508fd5290f4842cb501e
Tesco,Danone Actimel joghurtital multipack,2026-04-16,2026-04-22,849,599,True,Joghurt és kefír,2,838c2b5a2d8a63434ca8dc21ed445ab3de6de51a97f934ba1f185686f06cbc92
Tesco,Zott Jogobella joghurt,2026-04-16,2026-04-22,158,139,False,Joghurt és kefír,2,3ad4fe06bca86064af062cc9e5018ef507176e7554e2eb0233986cab64ed1327
SPAR,SPAR skyr,2026-04-16,2026-04-22,879,599,False,Joghurt és kefír,2,b7b61c7e79fb4eb8c02ca4a739435b265eb1c093836a9346d5589ce2ce361253
SPAR,Zott Jogobella gyümölcsjoghurt,2026-04-16,2026-04-22,740,691,False,Joghurt és kefír,2,ce308151111f296d894234c85e43ddc660628ef2515aa483a2dfe6fe82e449a2
Auchan,Danone DANONE OIKOS KRÉMJOGHURT,2026-04-16,2026-04-22,849,699,False,Joghurt és kefír,2,b9fac0b0b99c1451cbd25a206f4cb7cc0b551112167c9de105ee624bb3bfc4b9
Auchan,Therezia THEREZIA TELEMEA JUHSAJT,2026-04-16,2026-04-22,1749,1199,True,Sajt,2,a5b42a0f21b1e2927d8f2f8aa836dbaf06615bdc3e8ce1755e735840fad1e08f
Auchan,"Tebike TEBIKE FRISS, NATÚR KECSKESAJT",2026-04-16,2026-04-22,1899,1449,True,Sajt,2,749aeb2340c54e554df74773ad9f41c52f92329ac7d192605428b1c356d049ec
Tesco,"Leerdammer Original félkemény, zsíros szeletelt sajt",2026-04-16,2026-04-22,899,579,True,Sajt,2,891626d8a9a4f3fa80354ddf03daa4e203f4d00c4fc9e57f1d9a08a4061df9c0
Tesco,Hajdú Grillsajt,2026-04-16,2026-04-22,1199,899,True,Sajt,2,024b1de0bcd180323baa68a008b09dac92b6dfbe14eb17ff299418524d719105
Tesco,Président Salakis Feta sajt,2026-04-16,2026-04-22,1399,1099,True,Sajt,2,cdbf9c3af50f701401f67659215f030cabf9f88841d3fa17d3e2cc861c6ef4cd
Tesco,Hajdú Körös sajtkorong,2026-04-16,2026-04-22,2990,1799,True,Sajt,2,28efaa851208103171f5c06d1c8ece90da94ffef2b7cddfdbc4f805675287891
Tesco,Magyar Gouda vagy Edami sajt,2026-04-16,2026-04-22,369,339,True,Sajt,2,3b98252d7f8cd3fa624c32df7d2050bd79cdcd3f3fa53d69e8af9086efce4983
Tesco,Leerdammer Protein szeletelt sajt,2026-04-16,2026-04-22,899,579,True,Sajt,2,2edf6db95b11a4c3eddb00de17b95044c1cf61a790db4913e8ca8a371b5ad230
SPAR,S-BUDGET trappista sajt korong,2026-04-16,2026-04-22,239,189,False,Sajt,2,aacdddd32ecb5a78d373741c78bd27f5763e43848d8d9413cec352d581713ca9
SPAR,Viaszos holland gouda sajt,2026-04-16,2026-04-22,729,499,False,Sajt,2,cdc90a844344dde0ed9b9a5c3a42dfcb588b2807551fbd469eb362abe9eab2f3
Auchan,Auchan AUCHAN KEDVENC GRILLSAJT,2026-04-16,2026-04-22,949,599,False,Sajt,2,0e4bf0f0b4c19fb453b25898e4e181680c814079b9b4c24de55152fbcbd6d271
Auchan,My! Cheese MY! CHEESE GRILLSAJT,2026-04-16,2026-04-22,949,699,False,Sajt,2,4aa1813bf48cb7d90cfbb74b1a9d63619a775d37faa442547892cc6c3defe2a1
SPAR,SPAR free from gouda sajt,2026-04-16,2026-04-22,999,749,False,Sajt,2,7c943fc387bd6e6890308aedada3f9f17eeeb1a8020e57635201fcfc87733295
Auchan,Szarvasi SZARVASI GRILL MOZZARELLA SAJT,2026-04-16,2026-04-22,1159,799,False,Sajt,2,677f1802d1d5f42c760f0e83de9b2b13d6eb21742bdef3a6215236030dd22faa
SPAR,SPAR BBQ grillsajt,2026-04-16,2026-04-22,1029,799,False,Sajt,2,dd8d4a89c746a31396a249712797caaaea1b02267cadba6bd4e1574e55266eac
Lidl,PILOS Gouda sajt,2026-04-20,2026-04-22,1225,849,False,Sajt,2,23084994b38269cea187081aa0a1efb03ca0cb5628360ad26cfa45507c4059ab
Auchan,Hajdú HAJDÚ GRILLSAJT,2026-04-16,2026-04-22,1199,899,False,Sajt,2,4f4df685654bb663436caf7245008512dcc935fb31065c968c3204acd0e71b6d
Auchan,Alföldi Garabonciás ALFÖLDI GARABONCIÁS GRILL GOMOLYASAJT,2026-04-16,2026-04-22,1049,899,False,Sajt,2,23f3c998cd4ab4e50aabe98f25a0186b1ff87572c335a16545d50522286955c8
Lidl,MILBONA Szeletelt cheddar sajt,2026-04-20,2026-04-22,1349,999,False,Sajt,2,f108a8306d1f11f5ad7337c902b1b9190c2b2223b2751eed646323a5833d3f03
Auchan,Hotos HOTOS FETASAJT,2026-04-16,2026-04-22,3499,2799,False,Sajt,2,65238d8894a93beae7994cb37cd0ece609167ba11f864070d75b2cc732b4f532
Auchan,Karaván KARAVÁN SAJT,2026-04-16,2026-04-22,5279,3649,False,Sajt,2,77339f9ac172083652e4d06dae51ebf1ea4147fa9c829a2c7c0d77eeef8e8856
Tesco,Vénusz+ Valódi Vajas 60% zsírtartalmú margarin,2026-04-16,2026-04-22,573,543,False,Vaj/vajkrém/margarin,2,70475cc42fe034ea0f8be05942d9399dee8897ea7aec0da922ca59602400978e
SPAR,Bords Eve margarin,2026-04-16,2026-04-22,656,589,False,Vaj/vajkrém/margarin,2,165afa9cbbe546a8282020b606f8f83cb126349c617d4323538ac7b7f87b14bc
Tesco,Eleplant 75% zsírtartalmú margarin,2026-04-16,2026-04-22,699,599,False,Vaj/vajkrém/margarin,2,3d3163f4e841be4435418a1f19251daf32b7e79dbbfea4fe5c2597737e4b8ab5
Tesco,"Mizo ESL tej 3,5%",2026-04-16,2026-04-22,749,599,True,Tej és tejalapú ital,2,0e89b373b69d6f0b833fa6992c45dad20d18436c4b659c079398bca22c72f73f
Tesco,Milka UHT tejital Milka csokoládéval és zsírszegény kakaóporral,2026-04-16,2026-04-22,699,619,True,Tej és tejalapú ital,2,e6de4c2727af9c461b7dcf49b0c7c19c90682f632e9459d91c35701effa4df8e
SPAR,Riska UHT tej,2026-04-16,2026-04-22,318,175,False,Tej és tejalapú ital,2,5b12c66a532c6fba5df5ed7f0c68ee6823f0935d71adfd85c6cb89994d100983
ALDI,KOKÁRDÁS UHT TEJ,2026-04-20,2026-04-22,279,179,False,Tej és tejalapú ital,2,485401bdd90436090ca39e1c7bb9a1c4cd9e10e424127038ee19148465e37b0b
SPAR,Mizo tejital,2026-04-16,2026-04-22,489,399,False,Tej és tejalapú ital,2,1d4a05e62a421470432346e82b343162df0a30826a0ebd75101c734d729f2d2b
Tesco,Danette puding multipack,2026-04-16,2026-04-22,919,769,True,Tejdesszert,2,e805d65dde1e7a9214bf30dbf3043a49ab1e8042836c630d7da52e9fca7275d7
Tesco,Pöttyös Protein Túró Rudi multipack,2026-04-16,2026-04-22,1849,1599,True,Tejdesszert,2,ed17b37165146b0844d9647b08fa79ec7545559d5d602dfd690cc50f2b5254c0
ALDI,CRANE HIGH PROTEIN PUDING,2026-04-20,2026-04-22,439,279,False,Tejdesszert,2,7a89359ee97349affd697e32029b3282db35c62c3f62cb3e903dda51d867abf7
ALDI,PÖTTYÖS TÚRÓ RUDI,2026-04-20,2026-04-22,1699,1399,False,Tejdesszert,2,c4ed1e32a909dc7235c4ec076b45af4d1b4615beba142f54998da957bd47c312
Auchan,Mazsi MAZSI FEKETEERDŐ DESSZERT,2026-04-16,2026-04-22,1990,1599,False,Tejdesszert,2,229c7959ad289b950c4ec27fc5eecb5586aca596a637756e65b3e446d3501c84
Auchan,Pöttyös PÖTTYÖS PROTEIN RUDI,2026-04-16,2026-04-22,1979,1599,False,Tejdesszert,2,ddd80a35b88af0cf2c8f8f18c57f7a43504fd0e35414c9d0a7d654ae6b30c08d
Tesco,Rama Professional Cremefine spray,2026-04-16,2026-04-22,1299,999,True,Tejszín/tejhab/tejföl,2,1f929abf3f624396c6df2e144a78c31e544677a1447a183e8c2ab0041b1d8547
Auchan,Rama RAMA HABSPRAY,2026-04-16,2026-04-22,1299,999,True,Tejszín/tejhab/tejföl,2,dbd613e0d3951f1ff375bb29dcdb6148d9d71a138eeb7209f69975bbe41447ca
Tesco,Milli Perfecto főzőtejszín multipack,2026-04-16,2026-04-22,1149,999,True,Tejszín/tejhab/tejföl,2,d22bd43eed94405b4280d579206e3bb3f75063cb3b8052fdbfae7ecf999d3178
SPAR,Meggle UHT főzőtejszín,2026-04-16,2026-04-22,599,449,False,Tejszín/tejhab/tejföl,2,e1907f506842b8c859e2bb4dcb355fc75fce5543d2070db2d57f7376b9c533ed
Auchan,"Meggle MEGGLE LAKTÓZMENTES, HOZZÁADOTT CUKOR NÉLKÜLI TEJSZÍNHABSPRAY",2026-04-16,2026-04-22,1089,759,False,Tejszín/tejhab/tejföl,2,9429b32f2a98c779de8f1d0052774ed73b34be35de893edf80a4f73c2dca4e6b
Tesco,Kunsági tejföl,2026-04-16,2026-04-22,1249,769,False,Tejszín/tejhab/tejföl,2,7feb708461e0554d0201d877f6700a2257ed27c2b0e197a070e303b513e9e3a6
SPAR,Magyar tejföl,2026-04-16,2026-04-22,1069,899,False,Tejszín/tejhab/tejföl,2,ea1bb696cc9639af82e1e91cc4738d57f330a465759205c83bf70fe70a9aaafa
SPAR,Mizo rögös túró,2026-04-16,2026-04-22,799,749,False,Túró,2,82388d563abb143d0c621cdf8cce958807c9de31de2cc080fd8970042a2db7ed
Lidl,MILBONA Laktózmentes habtejszín,2026-04-20,2026-04-22,409,339,True,Mentes,2,f67ff808575231e05f8bfc78209a784e2648f0730fca59df786fcc2f2b855674
SPAR,Sprint fekete szeder,2026-04-16,2026-04-22,999,799,False,Desszert,2,c6ca8ece0b491240f2bf00757c67e9acdb028d44694b90fbdf82738c2038c578
Auchan,AUCHAN KEDVENC ERDEI GYÜMÖLCSTORTA,2026-04-16,2026-04-22,779,599,False,Desszert,2,619c702b312ef7582a98131119941056f5713873649544f163475b55edac7f15
Tesco,"Twix, Snickers vagy Mars szeletes csokoládé multipack",2026-04-16,2026-04-22,1069,929,True,Csokoládé,2,70eba68886d24373af84bc2977a1d7800695d11688042d2a25204bac076b4fcb
Tesco,Milka kistáblás csokoládé,2026-04-16,2026-04-22,699,549,True,Csokoládé,2,7e8a2166d92491e2c84800d71b4d29e8f58674f8f280d3b3ea8b10cd2dde0493
Tesco,Sport XXL tejcsokoládéval mártott rumos ízű kakaós szelet,2026-04-16,2026-04-22,369,309,True,Csokoládé,2,d394be11c39c8df40ed727ed44f3a8ed132cf98fcc64a89af700bb54e59ddb42
Tesco,KitKat F1 csokoládé,2026-03-26,2026-04-26,1099,899,True,Csokoládé,2,57dbee1b7efe1c0f6ebf0ae96d1d1445289333f3ba5eda2cac9dd3b2ce333587
Tesco,KitKat Ball,2026-03-26,2026-04-26,1499,1349,True,Csokoládé,2,7f8b034c851e01ac05b8127d086db8c15bcfc4822694b5509353b1a030701782
Tesco,KitKat Double Chocolate táblás csokoládé,2026-03-26,2026-04-26,1069,899,True,Csokoládé,2,983c9a1a7aacf2fe4e59e909df44b25e88ea94542aa48c6ba64f62d727239e86
Tesco,Balaton Plusz szeletes csokoládé,2026-04-16,2026-04-22,249,219,True,Csokoládé,2,206158c4e8c9e463f60678b3073e8a3006452f216b51e7a8d5ac77d12426f0c7
Tesco,Kinder Bueno vagy Bueno White multipack,2026-04-16,2026-04-22,949,799,True,Csokoládé,2,6831f96a6a1a10650512cff4e26aac944b9c00c774b700a22a5c92837fe75a9f
Tesco,M&Ms drazsé,2026-04-16,2026-04-22,1089,799,True,Csokoládé,2,15ea1101df055388b6234dcb359b027b524b8c3ae6cc23d86d8c1aef41cfe0c2
Tesco,Kinder csokoládé,2026-04-16,2026-04-22,1989,1499,True,Csokoládé,2,1fc511a6a8f3cf7b77cdab564b251559115a6bdd9fe1c2c337b65bd095b1e535
Auchan,BALATON SZELET,2026-04-16,2026-04-22,199,139,True,Csokoládé,2,467cc34e7cfd31eac8905d21ff2deaafa9f5bb342066814e0c08185a96485de6
Auchan,"BOUNTY, SNICKERS, TWIX, MARS BOUNTY, SNICKERS, TWIX VAGY MARS SZELET",2026-04-16,2026-04-22,429,329,True,Csokoládé,2,b096e9d11241a9cc2bc6d8c8645153bbade3c94faff1a2b24866900a33e127e1
Auchan,Cornexi CORNEXI HOZZÁADOTT CUKOR NÉLKÜLI ZABRUDI,2026-04-16,2026-04-22,159,129,False,Csokoládé,2,b1cccc2194af90a4e09c13bc73edfed28b1b8ac69bcf072d466bec14a6ef922e
Lidl,Balaton BALATON XXL,2026-04-20,2026-04-22,279,179,False,Csokoládé,2,cf7326f2df0eae2741fb918be4dca34a5117fa64b4bcfb00b3d490d457f448e6
ALDI,RIQUET TÁBLÁS ÉTCSOKOLÁDÉ,2026-04-20,2026-04-22,479,329,False,Csokoládé,2,d9bd246591b646fa02acabd6bae7898d5a31f35c4e4a8f43a8e9c676f540be0c
SPAR,Kinder Joy,2026-04-16,2026-04-22,499,349,False,Csokoládé,2,6b9bc269a6efc09ca90e1d69cd0ecf1b8e3e1f0ee9b5545c6465baac131ab0b0
Auchan,Szerencsi SZERENCSI ZERO% TÖLTÖTT TEJCSOKOLÁDÉ ÉDESÍTŐSZERREL,2026-04-16,2026-04-22,535,419,False,Csokoládé,2,b2e1fc89c083ffc9b07daeb3fc9b039ceee7eac729fd7638cb8f427ce898598e
ALDI,MOSER ROTH PRÉMIUM CSOKOLÁDÉ,2026-04-16,2026-04-22,1429,999,False,Csokoládé,2,a07a5abd6a9d3d707fec3e5f408693dbc35e2e2539e204229b841e9fbfc2c0dc
Tesco,Dörmi piskóta,2026-04-16,2026-04-22,159,139,True,Kekszes édesség,2,eac83f53944bf36a14941ae04adc98d665fb178634400e961df2e4bf529c3adb
Tesco,Oreo keksz,2026-04-16,2026-04-22,699,569,True,Kekszes édesség,2,addb2e7bb1859690140e3919f5037881e57ff2ac7cd85de437f012fd15707b49
Tesco,Győri Édes omlós keksz,2026-04-16,2026-04-22,449,399,True,Kekszes édesség,2,b0dc1d59a008d20e700c6861c3cacb5ada6c4c3bd8a40f9d02c2da94cb4097db
Tesco,Detki Mini Perec étbevonóval,2026-04-16,2026-04-22,659,419,True,Kekszes édesség,2,4c967448813ab5a370d7b0ecb89710b9a32752b2c258d5cdd122ad64f806a9c5
Tesco,Győri Pilóta piskótatallér,2026-04-16,2026-04-22,669,579,True,Kekszes édesség,2,203d0348e3bf746227566c45898f9c770f93da6c785f7622685d55dab3858273
Tesco,Győri Pilóta vaníliás ízű karika,2026-04-16,2026-04-22,889,699,True,Kekszes édesség,2,a9a83156a8f5a04790e75de4361ffa666477712b1b4943e53d066647f1a16afb
Tesco,belVita Soft Bakes gabonakeksz multipack,2026-04-16,2026-04-22,1199,849,True,Kekszes édesség,2,25215fe7ff72fbc8f890a79b1e7e94eacd7bc5ebcd9ea2a04c11714a60597f4a
Auchan,Lisse LISSE HOZZÁADOTT CUKOR NÉLKÜLI TÖLTÖTT OSTYA,2026-04-16,2026-04-22,599,499,False,Kekszes édesség,2,62d861a88010a32d35118a82741f4e50940b5c8a78a016644fc6850853f870c6
Auchan,Detki DETKI HOZZÁADOTT CUKOR NÉLKÜLI VANÍLIÁS KARIKA,2026-04-16,2026-04-22,769,615,False,Kekszes édesség,2,2efab11c03d2624b59ef74873bfc16551ce59ad3073da9f272ea6244367e415c
Auchan,Urban URBAN LOVE FREE HOZZÁADOTT CUKOR NÉLKÜLI PARÁNY,2026-04-16,2026-04-22,949,799,False,Kekszes édesség,2,688ea0058b0751282a3d3eb444ec7869d3402d0ce248931264b5c66c6bf9c36c
Auchan,BELVITA JÓ REGGELT! KEKSZ,2026-04-16,2026-04-22,1199,899,False,Kekszes édesség,2,00b83cf7f010b752287123236b45209c098f62dc7d029ca5439dc97f6b3b22b5
Lidl,TASTINO Háztartási keksz,2026-04-16,2026-04-22,1199,999,False,Kekszes édesség,2,d136022c4dab75531e6c795c776b6551cae256b38b3043e6d2edab402d40717e
SPAR,Belgian Truffles desszert,2026-04-16,2026-04-22,1999,1599,True,Egyéb édesség,2,b96dd8580d1d7ee5de624026994cf3ea11d561a4f344c1cba69c12c4d4b59254
Tesco,Merci Petits csokoládékülönlegesség,2026-04-16,2026-04-22,1759,1199,True,Egyéb édesség,2,7101f421641cea27b3ff8326ed34980a152ea51681778dbab75d37220eabbe91
Tesco,Toffifee mogyorós desszert,2026-04-16,2026-04-22,2149,1699,True,Egyéb édesség,2,0055e32f454c75c1353f83dbd83c060617c7cd17422c4ca8cd2c5a7865c3a37c
ALDI,MOSER ROTH PRALINÉ,2026-04-16,2026-04-22,2299,1859,False,Egyéb édesség,2,a5a48318437053c13b30a8fb1c02ccc936b857685b7c35f7305b770dcba5fd18
SPAR,Mérői Pékség mézes krémes,2026-04-16,2026-04-22,1099,899,True,Sütemény,2,ffcd43e6332a676f1f1ca2b7e462099cab4924971d1a777d726b8c1786e8d94e
SPAR,Tornyos puncsszelet,2026-04-16,2026-04-22,1690,1290,True,Sütemény,2,192def64c432655097d56ed4ee431fc04d77a77e626764fe525fc8e7b4066d18
Auchan,FAMILY HEART GLUTÉN- ÉS LAKTÓZMENTES BROWNIE SZELET,2026-04-16,2026-04-22,299,229,False,Sütemény,2,3301d267f8b3522deff76f3721e01781e0c7366192975974728bfdf8e5ba054a
Auchan,Auchan AUCHAN KEDVENC SOMLÓI GALUSKA,2026-04-16,2026-04-22,373,249,False,Sütemény,2,7f901893428df12855c12a751cd9f37a33d2358d9ac751e1a3bdebcea7c28d19
Tesco,Trolli 3D gumicukor,2026-04-16,2026-04-22,1359,1199,True,Cukorka/gumicukor/rágógumi,2,a1311e1aa2d1da97088555ce0c36d41940ff65c665e175f7277c5c0c266c5bb5
Lidl,SWEET CORNER Gyümölcsízű rágócukorka,2026-04-16,2026-04-22,1199,749,True,Cukorka/gumicukor/rágógumi,2,ab753031eee2492cca6f065f3804e8ae2a2dd7c2015f3b4e19a6229f676e605d
Lidl,GOLDEN SUN Bulgur,2026-04-16,2026-04-22,329,269,True,Rizs/tészta/hüvelyes,2,9cf0d690465d24ca45c566dc1ce1ddeb386573716fcce0e0d4de7077a5dc4215
Tesco,Durillo durum száraztészta,2026-04-16,2026-04-22,749,599,True,Rizs/tészta/hüvelyes,2,8b496dc03d03671feb083ce21d1ae982ac5b95e4f93432bdf07b9e6210d83491
Tesco,Crivellin Gnocchi burgonyás gombóc,2026-04-16,2026-04-22,1049,799,True,Rizs/tészta/hüvelyes,2,1a500410e31a1121d3c580e9e6d282070bf4bf00082d8b8aae40ca6ebb0d8901
ALDI,BON-RI SÁRGABORSÓ,2026-04-16,2026-04-22,269,219,False,Rizs/tészta/hüvelyes,2,fa049e3c438845a26abb3317895ced9eaa46962f9b3adb6ca8721bc2dd7d4509
ALDI,CSÁSZÁR TARHONYA,2026-04-20,2026-04-22,435,349,False,Rizs/tészta/hüvelyes,2,1b06c8afa66d74de4b8937ca2ef73263941cd46753f33a97446c545b2c2801ef
SPAR,Gyermelyi 8 tojásos száraztészta,2026-04-16,2026-04-22,689,445,False,Rizs/tészta/hüvelyes,2,6a6acca6a010ef62cbaf33efef1e86226ee702335f2ce7cb7350a925e3757478
SPAR,Nagykun „A” minőségű rizs,2026-04-16,2026-04-22,899,619,False,Rizs/tészta/hüvelyes,2,d6388ee2c3c47bda80b01710f92c24cab681a9e90b70876e22d751dcdc7c37ad
SPAR,SPAR ASIA jázmin rizs,2026-04-16,2026-04-22,999,749,False,Rizs/tészta/hüvelyes,2,87b9d1c6c0adbe7fec61a7ac44f8d7b41d9286a4b2709a61ceb3272dfedf41db
Auchan,"TELLÉR ÉTKEZÉSI, SZÁRAZ TARKABAB",2026-04-16,2026-04-22,1149,799,False,Rizs/tészta/hüvelyes,2,214144c40c1dc9abacd90b4638d54f2f0c9a2fa75fe3d3d43901633b45eb31c4
Auchan,BARBARA GLUTÉNMENTES CSIGATÉSZTA,2026-04-16,2026-04-22,1039,829,False,Rizs/tészta/hüvelyes,2,b5a6f7c1790fc3105a215620e37c380f399f00d263319be3678f314f2524b781
Auchan,AUCHAN KEDVENC DURUM KÖRETTÉSZTA,2026-04-16,2026-04-22,1099,899,False,Rizs/tészta/hüvelyes,2,7fb2de927f58acc784ed7f9c663bf5e2b24137f6fb0cfb7d3e613575e675f791
Auchan,LE VENEZIANE GLUTÉNMENTES LASAGNE,2026-04-16,2026-04-22,2299,1839,False,Rizs/tészta/hüvelyes,2,e13efbddc80eb95908c796acfec8bf78ad49b96d0914b166c95e949885981bec
Tesco,Nestlé gabonapehely-szelet vagy Nestlé Fitness gabonapehely-szelet,2026-04-16,2026-04-22,245,158,True,Müzli és gabonapehely,2,66895b65600cd7b9cc7cd445bdf409273c61812ac6b7a20b4f449e843d5a7356
Tesco,Tesco gabonapehely,2026-04-16,2026-04-22,989,825,True,Müzli és gabonapehely,2,dc12a29f0ea9a06d45150965a38cc348ccef85d582d79c292c8e7e567b2f2f28
Auchan,RICE UP! GLUTÉNMENTES RIZSSZELET,2026-04-16,2026-04-22,249,199,False,Müzli és gabonapehely,2,073e8df9b23bbcf45f0d645a1474344a3e59f0cb6695512a5b8497e8bddafe7c
Auchan,Rice Up! RICE UP! HOZZÁADOTT CUKOR NÉLKÜLI RIZSSZELET,2026-04-16,2026-04-22,299,239,False,Müzli és gabonapehely,2,eb7a37a3839a5eb11005ed415ac27e2f4a0d43858bbdc92fea3b8729dfa6c792
SPAR,"Cerbona zabpehely, zabpehelyliszt",2026-04-16,2026-04-22,699,579,False,Müzli és gabonapehely,2,f60098f934b33ed1c110a4216413fb5d1a422169f5eea1e7a250fd50236c2186
ALDI,GOLDEN BRIDGE PROTEIN-MÜZLISZELET,2026-04-16,2026-04-22,1299,999,False,Müzli és gabonapehely,2,e5cdca45faa62381349039383fee1b0821bca07bddc26332abd3c7382d4d2d1a
SPAR,Nestlé gabonapehely,2026-04-16,2026-04-22,1799,1399,False,Müzli és gabonapehely,2,2d670235dc7a4a797df2cb6a24f1e29c254aed9f08c8b56bad4e37be8623b0cc
Tesco,Maggi pörköltszaft-ízesítő kocka vagy leveskocka,2026-04-16,2026-04-22,449,399,True,Fűszerek,2,385c46de1e089f61661c9b91b977c9db29fd4085b6087f7178d188bbec11b9c4
ALDI,LE GUSTO FŰSZER,2026-04-16,2026-04-22,215,155,False,Fűszerek,2,8577aaa14a9359a24361f6e17bd759695e9c0b0ead29ee72b15330ed83cce499
Tesco,"Helcom/Fruppy felezett, hámozott őszibarackbefőtt",2026-04-16,2026-04-22,939,825,True,Befőtt,3,59b3f9f071bdac56cbfa870122b0d84bd0b321bce85f5615da5695e3e4679376
SPAR,Helcom ananász,2026-04-16,2026-04-22,999,799,False,Befőtt,3,918e42b5e9a65a61d860e4bc117139522d134d8e074ec84ec347f1d70a974723
Auchan,KOFA JALAPENO PAPRIKA,2026-04-16,2026-04-22,829,699,False,Savanyúság,3,5801eff1176b1d94d677b09d8f072292eeca2d98b3bda465ea6a67134791a13d
Auchan,"AUCHAN KEDVENC VÁGOTT, SAVANYÍTOTT ZÖLDSÉGEK",2026-04-16,2026-04-22,899,699,False,Savanyúság,3,3c8ef76c04271667b19c0b66155aeb5163bd5f849d041363d8c3e53570a35ffd
SPAR,SPAR kovászos uborka,2026-04-16,2026-04-22,899,799,False,Savanyúság,3,a4591433eb27a5da9427263d1f487d9119712d81a47e839ad5095a992eea9018
Tesco,Globus melegszendvicskrém,2026-04-16,2026-04-22,789,699,True,Kenhető krém,3,82d210efc9676a1145009389f3db92c17181e5b3b1e03bb9b454b2c008923b1c
Auchan,Madeco MADECO MÁJPÁSTÉTOM,2026-04-16,2026-04-22,1149,799,True,Kenhető krém,3,cfb15dc30e5976064ef4d352c4df7a442e86b5a93cf1830dcfde645f80d24101
Auchan,HAMÉ NATURA VEGETÁRIÁNUS PÁSTÉTOM,2026-04-16,2026-04-22,559,369,False,Kenhető krém,3,2d48a79d78801d203a662d8a9b686570801782798b15ad8f5b5cc987c296c0b0
ALDI,LYTTOS GÖRÖG OLÍVABOGYÓ,2026-04-16,2026-04-22,699,549,False,Zöldségkonzerv,3,4caabc1460925023b202c270518e0e1cd940f9138bc0cbea5f24c0ab1c89a90f
Auchan,OLYMP OLAJBOGYÓ,2026-04-16,2026-04-22,1199,999,False,Zöldségkonzerv,3,119b645a2fdc7e80b7af0836ab9c9997b5c3b1bbd2e7df024a2ea1f3c8d18a66
Tesco,Bonduelle zöldborsókonzerv,2026-04-16,2026-04-22,759,699,True,Zöldségkonzerv,3,78c45e4a8d51360f1ad29a3ca1063d519520dd1f59826555fb7b7d09bb72c298
ALDI,PRIMANA BAKED BEANS,2026-04-20,2026-04-22,279,199,False,Zöldségkonzerv,3,a67a00bec451491e88e3fc6f1a07575c1f53afda9cd2935be23c0ed53e3dd287
Lidl,FRESHONA Sült fehérbab,2026-04-16,2026-04-22,279,239,False,Zöldségkonzerv,3,b7661a9ce6bb469bddf46840dc602d17bd4d23758cf2a43dd5c03c262246dae0
ALDI,KINGS CROWN LENCSE,2026-04-16,2026-04-22,319,249,False,Zöldségkonzerv,3,73ec66347460464699ba03f13f49eb0c408c2cebf185671727285b49415fcba7
Auchan,KERTIKE BABKONZERV,2026-04-16,2026-04-22,525,399,False,Zöldségkonzerv,3,b4d1d7cc731350826457ab5662494f00bdfcf08a66fde3eea851d019f784c7ae
SPAR,Daráltlöncs,2026-04-16,2026-04-22,799,599,False,Egyéb konzerv,3,dddff79988b20bd20511ba558387b32eb171c5c3f127d4ddb461173a46164464
SPAR,Házias Ízek húsos készétel,2026-04-16,2026-04-22,1249,899,False,Egyéb konzerv,3,37c08c74c89d75caba4efa6fbb68f6caa9dc0ba841bccca74527d75b24b3de8b
Auchan,MAUTNER MARKHOF ÍZESÍTETT ECET,2026-04-16,2026-04-22,1439,999,True,Olaj és eset,2,bd4b81945c8be38fc4c97808b22d756374a71ec8a7cd7ab4c4929d7bc884d976
Tesco,Stockwell & Co. finomított olívapogácsa-olaj,2026-04-16,2026-04-22,2799,2399,True,Olaj és eset,2,e794e3ec5dbc58e56844394d8d42dfa5f409846f8d0286d384361aaccdbb6fdf
Auchan,BERTOLLI EXTRA SZŰZ OLÍVAOLAJ SPRAY,2026-04-16,2026-04-22,3159,2499,False,Olaj és eset,2,ac360fc0ca65998c5549f97a82ffcd1e47d05fc2db138880cba465e11778e1c5
Auchan,COCO24 KÓKUSZOLAJ,2026-04-16,2026-04-22,2999,2499,False,Olaj és eset,2,29d607a63f0ab1d6b3905365e919b2abe4d86f92b1b3e16bd8b070a269513aee
Auchan,MONINI CLASSICO EXTRA SZŰZ OLÍVAOLAJ,2026-04-16,2026-04-22,5349,3999,False,Olaj és eset,2,7e2b7ea604e710b6e63c8851a3a3fea714ba9ef5ee5bb486a5c26a14aa73760d
Tesco,Tuc kréker,2026-04-16,2026-04-22,479,419,True,Snack,2,82ec2af6bef1d93d93718c839a0dc2e4eaaa79221c4f28d77de454602239d72e
Tesco,Spuds chips,2026-04-16,2026-04-22,799,599,True,Snack,2,030fcf6e0834b39a6fa7c2012ceebeab99e2c0c638918ddd872883ee22fea7dd
Tesco,Pringles chips,2026-04-16,2026-04-22,1699,1189,True,Snack,2,168145c0e76d7a7fb4020b9974da214e5165f28c45ffa056ba3a1351462d0c30
SPAR,Lays chips,2026-04-16,2026-04-22,579,469,True,Snack,2,ddff1076ad724991451b9e581bafb0e7c854241cbb2bc90e6633802c2b515929
Tesco,Cheetos snack,2026-04-16,2026-04-22,425,279,True,Snack,2,e97851274ac3b8109166c1d87a4f0858dc5ed74bd82aa98239bfb2a1b7c8ca66
Tesco,Chio snack,2026-04-16,2026-04-22,599,399,True,Snack,2,b3d9bace4f2f37b8ba4757e89ebdbfd677064ab6a8abcd03677818c1ee69fe7b
Tesco,Tesco kukoricasnack,2026-04-16,2026-04-22,489,419,True,Snack,2,4b6d62b7356cc2bf869c9c3e1d1a413b2b4fa7e6fe8ba74cf5e37cae206eba4a
Tesco,El Sabor Nacho chips,2026-04-16,2026-04-22,739,519,True,Snack,2,5ea4dbc961aaba7975c194e84e0dce965d29ebe0f064c6c00d57bb175dad384c
Tesco,Chio sajtos burgonyachips,2026-04-16,2026-04-22,899,699,True,Snack,2,911668f25b0bfc278b5bcb7bb1c83100befc0c0061a59f4f6cca1b1878f08484
Auchan,Pringles PRINGLES SNACK,2026-04-16,2026-04-22,1699,1189,True,Snack,2,18f79214742e47db4cd1025b85eae66ef355cff1e7e415ed04387fc25b419910
Auchan,MOGYI MICRO POPCORN,2026-04-16,2026-04-22,299,199,False,Snack,2,f03ac5b3175b4e9a38bdf68fdbcefe105f023ac6b2e6f4d18d1b71772ed21247
Lidl,SNACK DAY Chips,2026-04-16,2026-04-22,579,399,False,Snack,2,9201d6b197447150557f5414575748c87b7b3437a57f69bd42d9b668e62d1faa
ALDI,SNACK FUN KRÉKERMIX,2026-04-16,2026-04-22,749,615,False,Snack,2,c9beecbc0566db6164ffff81e136ec873d9c3dbf95551cec564f8d429b612b81
ALDI,PRINGLES BURGONYASNACK,2026-04-20,2026-04-22,1699,1189,False,Snack,2,4ca21dd00d095a5fa00d09d61de90441a112f3eb10d548863ab47ef4e777534f
Tesco,"Mogyi pörkölt, sózott kesudió, pisztácia vagy mandula",2026-04-16,2026-04-22,789,499,True,Magvak és aszalvány,2,bab2f0a2217c414a873e568a370f59be252dbf6f436493b8bc37c6edb556c72c
Tesco,"Tesco sótlan, pörkölt földimogyoró",2026-04-16,2026-04-22,1299,999,True,Magvak és aszalvány,2,7aaa9a89ec4dd8d9914e7ae7271f79ff92e63d5cd9adf55c2965934121b9778d
Lidl,ALESTO SELECTION Kaliforniai pisztácia,2026-04-20,2026-04-22,2849,2399,False,Magvak és aszalvány,2,14050fbe4aa2b45fd55a11c3ba82a32b4823a1837fa0b4ea1b9d16813fcb3b96
Tesco,Maggi Gyorsan Finomat instant leves,2026-04-16,2026-04-22,369,299,True,Instant étel,2,9dc904d6ecbf2efb546d9ef017592d6f28d464508aaa6d596d1f43d12a89844e
Auchan,HMMMASTER BURGONYAKRÉMLEVES,2026-04-16,2026-04-22,969,775,True,Instant étel,2,2ef146ff8e91c3eb88fd76a73ddc2d1df78739506dd3614cfc19dd841f54310e
Auchan,HMMMASTER MÁLNAKRÉMLEVES,2026-04-16,2026-04-22,1099,879,True,Instant étel,2,5db7d7e33514b5b87db4c17bc07079e56b0fefe984024388481c4cfc3f2dd522
Tesco,Maggi Magic Asia fokhagymás-szójás pirított tészta,2026-04-16,2026-04-22,619,549,True,Instant étel,2,32c787ddd0ce86ea6364726ee0d9426b7e51c0865817dcb3d2e8bc19861415f2
Auchan,KNORR XXL ALAP,2026-04-16,2026-04-22,729,549,False,Instant étel,2,d74c626f3ed6394d31c5e3f0fa3f6002b8646691aca2da0c1a446e1fb9465a13
Auchan,MAGGI MAGIC ASIA PIRÍTOTT TÉSZTA,2026-04-16,2026-04-22,779,599,False,Instant étel,2,6d177fab4888d0daa1d7a5875cbf69c90e228b144fda3056125b0d3a9051c5fe
Auchan,HEINZ BARBECUE SZÓSZ,2026-04-16,2026-04-22,1999,1399,True,Szósz,2,46ce6c0afe743aad11da01521834b2401027a654312993111af4e6d37617c109
Auchan,REMIA SALÁTAÖNTET,2026-04-16,2026-04-22,1289,899,True,Szósz,2,81f81a2fc5671cefbb28cf81585cf73e53f4ab4e85335e504350f5f8704d7cc4
Tesco,Cirio Passata passzírozott paradicsom,2026-04-16,2026-04-22,579,535,True,Szósz,2,e6cc7bed5b10844a47374fa80bea4fabb4af579a03845bae5c2c2da2a5828d60
Tesco,Univer pizzakrém,2026-04-16,2026-04-22,729,619,True,Szósz,2,8411fc4ece7d412712170fa69f7e1afd0746db15e95f7c3e0a39e566c0bb3f43
Tesco,Univer majonéz,2026-04-16,2026-04-22,1349,859,True,Szósz,2,5c005a76668568d3656eff9aabd987f46a9002f6f44582e1c4b49192a2e3f3f2
Tesco,Globus ketchup,2026-04-16,2026-04-22,1749,1299,True,Szósz,2,387fc7dde65af21e874cbe6621d095ef2e4a59510f2e51ad637fad417c27c4ca
Tesco,Hellmanns Tasty majonéz,2026-04-16,2026-04-22,1449,1299,True,Szósz,2,b1b0ef567c1a0c54af02e0561c2b4d040e2e5de350fbbe377a1b390f2224b221
ALDI,WONNEMEYER SALÁTAÖNTET,2026-04-16,2026-04-22,855,599,False,Szósz,2,8c4f48b88f251e31c471e54d36cc960cce9b8bbf59e3b481cc45149d63564520
SPAR,Haas Spicy mustár,2026-04-16,2026-04-22,839,599,False,Szósz,2,34aa01265fe272d42e574e65f41d69967368e4f589b1b463b1ab8a05b061aad5
Auchan,DEVELEY GRILLSZÓSZ,2026-04-16,2026-04-22,1099,699,False,Szósz,2,1943dc25d3f7b8e86400a607d2a13250a29d6e769a1e5ac34c1f60aec93e20d2
SPAR,Univer salátaöntet,2026-04-16,2026-04-22,929,739,False,Szósz,2,4047795eef5e4ca8ec7db3f61113b1bc044b8b5793dcb503dcc5990e4391d838
Auchan,UNIVER SALÁTAÖNTET,2026-04-16,2026-04-22,969,759,False,Szósz,2,2d217f8d7d7a6f6cc04c87913634d61f647befbc97ecbe4061022ca0c2060052
SPAR,"Univer XL Gulyáskrém, Piros Arany",2026-04-16,2026-04-22,1099,799,False,Szósz,2,18e29f7698cee6df69dfe7a937aca76303945ba1a7151b9e3a8317a15e90c182
Auchan,MAGGI ÁZSIAI ÜVEGES SZÓSZ,2026-04-16,2026-04-22,1949,999,False,Szósz,2,c7413b054a09a26e6ce7fa1ad8bc8640dac0ed91657357847112eb17a5516347
Auchan,UNIVER CHEDDAR SZÓSZ,2026-04-16,2026-04-22,1349,1189,False,Szósz,2,0c9935415bc72fdc60379b77c634f65e739110325976cced858bb6160c69e23b
Auchan,UNIVER MAJONÉZ,2026-04-16,2026-04-22,1559,1199,False,Szósz,2,00672bcf2cf8cc5be1131adfa0ae47aff64060b234e82f108acff2142a54e262
Auchan,MISSISSIPPI BARBECUE SZÓSZ,2026-04-16,2026-04-22,2399,1899,False,Szósz,2,bbafcb88faee990c2c9c8fcc1332711b6a3c182bf597614ff52f181dbf11baba
SPAR,Kikkoman szójaszósz,2026-04-16,2026-04-22,2449,1899,False,Szósz,2,2983c2387b4dea01af5b1c27fc9c147f86e6890ad481591ebf4a4f4865a02933
Tesco,Lino Lada mogyorókrém,2026-04-16,2026-04-22,1379,1235,True,Lekvár és méz,2,04a23334c293cb140e3e154aa309634c07068b4cb762b2cd711062a822518dfc
Tesco,Tesco finest extradzsem,2026-04-16,2026-04-22,1449,1299,True,Lekvár és méz,2,2b3ddcbdd61dfb040ff2956b3d33cbab831475d8c562f60230deda57cb293b03
Tesco,Nesquik kakaós szirup,2026-04-16,2026-04-22,2529,1999,True,Lekvár és méz,2,e367f888c6f8335e2d1a2656c48d461d1d0994e475d272b1e2de598217511a9a
SPAR,Hamé extradzsem,2026-04-16,2026-04-22,1299,839,False,Lekvár és méz,2,4a5031a19036506ea12e3b0e9e95d76262df75d62373d468304e76f8d3fec461
ALDI,FERRERO NUTELLA MOGYORÓKRÉM,2026-04-20,2026-04-22,1899,1399,False,Lekvár és méz,2,6efe9e7fbeeefe22476eeb11cc18b4ea77bd7fddba04891d36393085e2fb5d92
Auchan,Maple Joe KANADAI JUHARSZIRUP,2026-04-16,2026-04-22,3639,2999,False,Lekvár és méz,2,ded80c713d7741e39499b98399781d9d764260ee9f66156a9619252d014d507e
Auchan,The New Diet KÓKUSZVIRÁG-CUKOR,2026-04-16,2026-04-22,1599,1279,True,Sütési alapanyagok,2,87a614bccdc09b9708bcf27fba1ba04b2cd524313fb3c48d362c8f41906150e6
Tesco,Nestlé Nesquik instant cukrozott kakaóitalpor,2026-04-16,2026-04-22,2439,2149,True,Sütési alapanyagok,2,48370558216fa9f74fc21e7dbe401accf1df491331bae2c4a93f3dc9a93e74e9
Tesco,Its Us Miklos univerzális lisztkeverék,2026-04-16,2026-04-22,1699,1499,True,Sütési alapanyagok,2,8cce6b86696bc8224330047703f06d397f02868aff9cb60302a96a463098b5bb
Tesco,Dr. Oetker Eredeti pudingpor,2026-04-16,2026-04-22,229,205,True,Sütési alapanyagok,2,d42b286c9fb01fa789980e4cbe8dbdd01e356db5708f01ef3947888457ba1c39
SPAR,Gyermelyi búzakenyérliszt,2026-04-16,2026-04-22,399,299,False,Sütési alapanyagok,2,c47f918807bb10d6b75de772f6bdb06697c7e47551cc2631b52a54f96f0b3b69
Auchan,Auchan AUCHAN KEDVENC ÉDESÍTŐ FOLYADÉK,2026-04-16,2026-04-22,549,459,False,Sütési alapanyagok,2,d0c084d215bafab51efc6dd38d885db71a22209aa663900f738a37b5246f7e1d
Auchan,NAGYKUN RIZSLISZT,2026-04-16,2026-04-22,1039,799,False,Sütési alapanyagok,2,4dc176069a4d2b8e72aedde38fcf69df1d733067a51e412d71a3957d195b0652
Auchan,Süssina SÜSSINA ÉDESÍTŐSZER,2026-04-16,2026-04-22,1099,879,False,Sütési alapanyagok,2,4b3ce1fd2ef3c5a1f0e11670d290815ff10fc11c5b960c295447887a766360b7
SPAR,Gold Pack Demerara nádcukor,2026-04-16,2026-04-22,1399,999,False,Sütési alapanyagok,2,3ffc0d9d0824e33eb46521d5835392c6617c570fe8a033ddccb3c5404c71c56e
Auchan,Oligo Life OLIGO LIFE ERITRIT,2026-04-16,2026-04-22,1589,1119,False,Sütési alapanyagok,2,bdc90988d51a16e6d91ada1ed4c0508550f8043a8f48d606fbf2fe89f795cde1
Auchan,Glicin GLICIN,2026-04-16,2026-04-22,2439,1829,False,Sütési alapanyagok,2,6e018b6ad1981b1cddc1f6f71aa603edbaf11ae6819739b2f944dc8d177cc5f7
Auchan,Naturmind NATURMIND GYÜMÖLCS-CUKOR,2026-04-16,2026-04-22,2399,1999,False,Sütési alapanyagok,2,058fa69054ae66f90d32de28cab3e0dedfff3fc538c9140d0da0693ff3575785
Auchan,Canderel CANDEREL ÉDESÍTŐSZER UTÁNTÖLTŐ,2026-04-16,2026-04-22,3199,2719,False,Sütési alapanyagok,2,f41647c0e77c92d283bee893e09456c47e7b3107ccb6f0e499481958dd673347
Lidl,Nosztalgia vekni,2026-04-20,2026-04-22,399,279,True,Kenyér,2,a6d1bc896fed1954d0d0ab9fc75ce7398e62cf3daa4c54d1eeaf0b0b3fa7ce75
Auchan,AMERIKAI SZENDVICSKENYÉR,2026-04-16,2026-04-22,1249,899,True,Kenyér,2,6b9a5ea6f3fb37a4dc3ebbd0796a18caa76b36331a509d043a2fe94fcd3edeb9
Tesco,Tesco szeletelt szendvics vekni,2026-04-16,2026-04-22,659,499,True,Kenyér,2,41dd94225c50c8a84b45a99ecb313c5a482614c18d4e5397dd0a7eb2ad7dc4dc
Auchan,Auchan Kedvenc AUCHAN KEDVENC TIGRIS CIPÓ,2026-04-16,2026-04-22,649,449,False,Kenyér,2,a60a4affc2b569e381b65b71ed3a8c64fbd4c6e23de42734157fc0d8e2b3ce52
SPAR,Kovászos burgonyás vekni,2026-04-16,2026-04-22,535,449,False,Kenyér,2,5bdd5ec4935489ceba0aea860a14bebb1b2b2beb6145f5ab749a0d75fc826582
Auchan,Auchan AUCHAN KEDVENC CSAVART GYÖKÉR,2026-04-16,2026-04-22,649,449,False,Kenyér,2,74f3b6303362a0b8cd8de2ee36f5113cf80be35131b8c4d952348cefffed8de7
SPAR,S-BUDGET toast kenyér,2026-04-16,2026-04-22,599,499,False,Kenyér,2,8b996677ef99c60b635fa6f5ef56a78573d332b57e9f366e477890b078e87017
Auchan,BALVITEN GLUTÉNMENTES FEHÉR KENYÉR,2026-04-16,2026-04-22,599,539,False,Kenyér,2,b76dd147cbc4b0707fdbdf7caae9d2f0bedcb8c05481f53ab88b9af734a17a00
Auchan,"KOVÁSZOS, MAGVAS VEKNI",2026-04-16,2026-04-22,699,559,False,Kenyér,2,045b1bd58b4ce86af3ae330010377d701e8f7ab81c1939aac85e922c04793431
SPAR,Schär kenyér,2026-04-16,2026-04-22,1899,1599,False,Kenyér,2,15802e51b323b109f904b265e5d2164d1789b597604c2f4bceeccb696f0cff08
Auchan,JAUS SZEZÁMMAGOS HAMBURGERZSEMLE,2026-04-16,2026-04-22,999,799,True,Friss pékárú,2,6a4538625adb8250699ff88db8baafbc7c50f9107b2c0a5c802765a712081baa
SPAR,SPAR sajttal szórt pogácsa,2026-04-16,2026-04-22,165,109,True,Friss pékárú,2,617fcf9b97526bc560227fb168af04a10ab44dbf0dbcd14720cfec884f16f330
SPAR,7DAYS croissant,2026-04-16,2026-04-22,299,229,True,Friss pékárú,2,1873b9897ffff0bd80353776ad956634a492f564639c8cea33adc1578076fc5d
SPAR,SPAR császárzsemle,2026-04-16,2026-04-22,69,59,True,Friss pékárú,2,7972c84faad19dd1a43562efb784a3605520f9a239bbe2fce100c934769e10d3
Tesco,7days croissant családi csomag,2026-04-16,2026-04-22,999,719,True,Friss pékárú,2,e5a890046cde7e84b2895f1683ea51be6f4a0d93e17a69e57189c7d63888afd3
ALDI,AZON MELEGÉBEN BURGONYÁS POGÁCSA,2026-04-20,2026-04-22,169,99,False,Friss pékárú,2,671e58b9190d6fdf82ac208a543ee2b4744d9b830d16cdb448cf738e8f280262
ALDI,AZON MELEGÉBEN VAJAS CROISSANT,2026-04-20,2026-04-22,219,129,False,Friss pékárú,2,836327e1129c85f35a027d47fdf4dbda3d917b49c9cb03b2a6f26d7e4920aa31
Lidl,Eperízű fánk,2026-04-20,2026-04-22,199,129,False,Friss pékárú,2,2695a3036db9c80f546359dfe3fdc49439fb96d552bd486503b14c929b91e3e4
Auchan,GYŰRŰS FÁNK SZÍNES CUKORRAL,2026-04-16,2026-04-22,219,149,False,Friss pékárú,2,1f991e89626674fe613d857991584e29955ba33bb0cf713f6566e0c6abff51e7
ALDI,AZON MELEGÉBEN BARACKOS-VANÍLIA-PUDINGOS PÁRNA,2026-04-16,2026-04-22,215,169,False,Friss pékárú,2,c098ceb009749859a77a1050ebf4749b1a6929afe7d1b1297879429dd7db76c9
Auchan,WELLNESS CROISSANT,2026-04-16,2026-04-22,279,199,False,Friss pékárú,2,de4a20627eaf8bae619ad4a0d8f7e308ac7011fde2066cfcb6b87a1c0d2bdd4d
ALDI,FÁNK SÁRGABARACKOS TÖLTELÉKKEL,2026-04-16,2026-04-22,249,205,False,Friss pékárú,2,9f91c193f4db02b8ebba8da7ee798d448e3f8b6a984210c72c04b4054af9b76a
SPAR,S-BUDGET croissant,2026-04-16,2026-04-22,299,249,False,Friss pékárú,2,bc096e52487462a87a4f82dd6e16506d42ca4951de4bbbe09f3e0cff5be5d014
SPAR,SPAR sonkás-sajtos buci,2026-04-16,2026-04-22,299,249,False,Friss pékárú,2,b7feecb601b8c6b0b963c64f7a0bd64cebe2742ddbebbe6f7d7d9c2bef90ed09
Lidl,Baconös kenyérlángos,2026-04-20,2026-04-22,389,259,False,Friss pékárú,2,8f5107eee04f1d13d864e0106414d0621bb0fe08d6312261b1229382770d291b
Tesco,Kolbászos háromszög,2026-04-16,2026-04-22,299,259,False,Friss pékárú,2,23d9e16688030105bc31419dc890fb5876fcb8f43179d7287422b2348ffd3a44
Auchan,PIZZASZELET,2026-04-16,2026-04-22,359,279,False,Friss pékárú,2,8ba6606b7433bc77a10fa9f40d45b6c2501d7c0e7688b32735c43755feef410f
SPAR,Hamburgerzsemle,2026-04-16,2026-04-22,399,299,False,Friss pékárú,2,061c4db5ef2f40dd952ceb81c330520414d338f87223e5437d3a5cc349765381
Auchan,TÚRÓS-BARACKOS KOSÁR,2026-04-16,2026-04-22,349,299,False,Friss pékárú,2,0a5e86b15cc8f4d971fb4f9017b22c6273cec54f20bad1470d7f3e777b8b1d46
ALDI,AZON MELEGÉBEN PIZZA,2026-04-16,2026-04-22,449,369,False,Friss pékárú,2,10295ba720a6ceb871e60f8f551baeef811b8b8921bfe6c6e2e9076a0a475c41
Auchan,PANTASTICO! HOT DOG KIFLI,2026-04-16,2026-04-22,579,459,False,Friss pékárú,2,ee97b8f6322272e26b9e8dd8d0bb2cb4fa9edaf33dafc0f724cfc487061e4b2b
SPAR,S-BUDGET elősütött buci,2026-04-16,2026-04-22,699,579,False,Friss pékárú,2,7e18952ef39418fa959271e62b0da3f3bfcec37a854941e53c820042710f2e3a
Auchan,Roberto ROBERTO GRANPIADA LEPÉNYKENYÉR,2026-04-16,2026-04-22,899,699,False,Friss pékárú,2,78336641e2109f92db676f801d299214f3a8f2b77e8e38774e6d0b7a97d7844b
Auchan,Schulstad SCHULSTAD GOURMET BOSTON HAMBURGERZSEMLE,2026-04-16,2026-04-22,999,719,False,Friss pékárú,2,69bd6b06c59f20a61ac5cfa2301a4168d0d95c510e172815b6114b4361a73616
Lidl,SNACK DAY Tortilla wraps,2026-04-16,2026-04-22,649,199,True,Egyéb pékárú,2,ec3699e106ddfdc6f1d2426cb35f533932c0c2397565296b94f942adb81fc28c
Auchan,OLD EL PASO GLUTÉNMENTES TORTILLA,2026-04-16,2026-04-22,1899,1329,True,Egyéb pékárú,2,06a9e1de28df442c863b482ff4ede662adbc5ac9103061478846964fb693539a
Auchan,KOLIOS K3 ZSEBES PITA,2026-04-16,2026-04-22,1299,849,False,Egyéb pékárú,2,e672b4f0c5be76123f8944e6820fe62a065230e3b1f895c38f4848d96154bf3a
Auchan,TORTILLA MEXICANA TORTILLA,2026-04-16,2026-04-22,1249,899,False,Egyéb pékárú,2,ef867961b1db3be45dd3ca18e3602f82c03d70fd231fc8e72f8441e5d2aead18
Auchan,INCOLA GLUTÉN- ÉS LAKTÓZMENTES PITA,2026-04-16,2026-04-22,1299,1039,False,Egyéb pékárú,2,89559ba33790e35ce778c32600a923d718704b16569656d3b5c2dc77c1f6dfdd
SPAR,Poco Loco lágy tortilla,2026-04-16,2026-04-22,1499,1199,False,Egyéb pékárú,2,73533a349b5c7b57b8c1e7fe6a17a05b66754f264678d84f5af43b472c1da6dc
Lidl,TASTINO Bio ropogós kenyér,2026-04-16,2026-04-22,999,749,True,Speciális pékárú,2,c0c73279d1834bb3884443cc80c8e591c9d01413ab6acd990a90d9bba98fac1e
Tesco,TUC Bake Rolls kétszersült,2026-04-16,2026-04-22,539,419,True,Speciális pékárú,2,c7d9ca1a093e261709d4bcfb038d2cf2d3fa87281cc7b758919ce568b8f16a96
Auchan,CORNITO GLUTÉNMENTES TALLÉR,2026-04-16,2026-04-22,579,489,False,Speciális pékárú,2,f70efce9de8246b7c63884c0846ec96e08836b5b1fa0c38d8765372b7080afd0
Auchan,AUCHAN KEDVENC PISKÓTAROLÁD,2026-04-16,2026-04-22,649,499,False,Egyéb pékárú,2,8a937554bd1fdba3f6ebead420124eef32a4543fd9046a4cea512ae65dc6842f
Lidl,CHEF SELECT Hummusz,2026-04-20,2026-04-22,749,449,True,Növényi kenhető krém,2,14b8af62bcc23cb8545231839711ea47d1b99b92ebb17bdfe84c8195e251cb95
Tesco,Paltsidis friss kenhető krém,2026-04-16,2026-04-22,1299,999,True,Növényi kenhető krém,2,674ccd6ef34829489767d41dde0015e5b198ebc3d25792ae9c25a52c686cf8d4
ALDI,WONNEMEYER HUMMUSZ CSICSERIBORSÓ-PÜRÉ,2026-04-20,2026-04-22,505,319,False,Növényi kenhető krém,2,c96426b842ba15c9e765fcf4ccc2fed216507d7c3755d4a9547cac13d1c12f8b
Auchan,Ribella RIBELLA HUMMUS,2026-04-16,2026-04-22,969,678,False,Növényi kenhető krém,2,dfd8bb21205dcef5865e485c70cc14273d7a307305ea0b7de0990e4fa32c6a07
Auchan,Paltsidis PALTSIDIS PADLIZSÁNKRÉM,2026-04-16,2026-04-22,1399,999,False,Növényi kenhető krém,2,fce37ed880f8dda2cd501d684976afc09c4229d9f1fb5ad9b88117f74310f058
Auchan,CAULA TAPASNACK,2026-04-16,2026-04-22,1999,1599,False,Növényi kenhető krém,2,9765567e03b42b9fa36b4561a3360268b1eb3f7ca32e1d1d6b8483a21fda38f0
Auchan,Aviko AVIKO GYORSFAGYASZTOTT BURGONYAKÖRET,2026-04-16,2026-04-22,1329,999,True,Mirelit készétel,2,3a2ec69d73e853d705cc409561f9be4817d438ea14cefd964be1598cf4c7e43a
Lidl,CULINEA Mogyorókrémes nudli,2026-04-16,2026-04-22,1149,799,True,Mirelit készétel,2,c5c20c352f43e75c246411af937948e0dff587230d45f7f45bec3ce2085344fb
Lidl,CULINEA Tavaszi tekercs,2026-04-16,2026-04-22,1199,779,True,Mirelit készétel,2,1653be5bbe7df638448176147026b0de6cd1ff7ca467e0435d7cc0d6b80c92a6
Tesco,Dr. Oetker Ristorante pizza,2026-04-02,2026-04-22,1599,1099,True,Mirelit készétel,2,b66cd31d1f3ae3a2a1893815007ac6a73240558a474807a0daa07a3705b5dcbd
SPAR,Doro pizza,2026-04-16,2026-04-22,549,459,False,Mirelit készétel,2,a7870e264aa834d1bd384c099a4a580372c90e8c4221684e2d58dd0060f2e605
SPAR,Come a Casa lasagne,2026-04-16,2026-04-22,1299,1099,False,Mirelit készétel,2,6a22efc83f075c8d3edd866eb894756a9ac2183d517c0d9a20768ca1a7d2a93e
Auchan,COME A CASA LASAGNE BOLOGNESE,2026-04-16,2026-04-22,2199,1799,False,Mirelit készétel,2,81d491cb8369e610543e17d7e5fbbf7e5023a6ee57d0f58d65ad2db397985a54
Tesco,Herz karaj vagy sonka,2026-04-02,2026-04-22,849,499,True,Felvágott/kolbász/szalámi,2,ea0eeac2f8ef18747757006b8fa2f23c86427118fe71b9edbda98dc709c6ddcb
Tesco,Wein fekete-erdei sonka,2026-04-02,2026-04-22,899,659,True,Felvágott/kolbász/szalámi,2,6fc02b0a908eeca0c5cf87cd983bba77bfabef77ed731994c6e47f4fd0f6db36
Tesco,Pick Rákóczi szalámi,2026-04-02,2026-04-22,3435,2189,True,Felvágott/kolbász/szalámi,2,7ffc844ab1289465db86007067c82ebf692ced6a71d29fd086b581a06e409994
Auchan,Wein WEIN FEKETEERDEI SONKA,2026-04-16,2026-04-22,759,599,True,Felvágott/kolbász/szalámi,2,4482b816f611c73f2ea2965b5b16d2ef646019a030b67833ef704f8b1435abe3
Tesco,Kaiser szalámi,2026-04-16,2026-04-22,849,619,True,Felvágott/kolbász/szalámi,2,342b7c26466f300d184266b13135a48ccee506429b61a88455ecbd51f434434b
Tesco,Nádudvari debreceni,2026-04-16,2026-04-22,1399,999,True,Felvágott/kolbász/szalámi,2,43a2eadac7460930dd04182814beec311b311f62e1e7d25e38b386e8e57d114f
Tesco,Wiesbauer Prémium bécsi virsli,2026-04-16,2026-04-22,1999,1399,True,Felvágott/kolbász/szalámi,2,08036789497919124dfc61a52d2b24f645c41c31a1ab798f21f2d3ce07b966f0
Tesco,Privát Hús vastagkolbász,2026-04-16,2026-04-22,2499,1999,True,Felvágott/kolbász/szalámi,2,7f2cccf890614566ee24ecf242fc4a49bcbc44ced11a9ea2eb920180367f5066
Tesco,"Kometa Kemencés sült csülök, tarja, sonka vagy karaj",2026-04-06,2026-05-24,799,549,True,Felvágott/kolbász/szalámi,2,8e3bea9b9eb84bf6ee0804447a0061ca55e4048ba00f77f616a0f4c83db20499
SPAR,Regnum debreceni,2026-04-16,2026-04-22,399,299,True,Felvágott/kolbász/szalámi,2,00dbdbd769c1a261ba16d71a4db88fc8a4d1b6bafea07f0fa0ea46c651dee2a6
SPAR,Regnum fokhagymás szelet,2026-04-16,2026-04-22,399,299,True,Felvágott/kolbász/szalámi,2,1a3c13d8f417ae40b727444f4f8aed1e0a786c2f41c57215b5173725da931d20
SPAR,Regnum Zala felvágott,2026-04-16,2026-04-22,329,259,True,Felvágott/kolbász/szalámi,2,bcf7c1f26d1853530f557d80f3462fcf34628c740da1d7c38c98a9f534fec2fb
SPAR,"Regnum extra sonka, prágai sonka, csemegekaraj",2026-04-16,2026-04-22,569,449,True,Felvágott/kolbász/szalámi,2,efeb6458b0b64f2694c792210a47bf05e1e402febf867d3f0dd93a7508a46aef
SPAR,eFeF pulyka szendvicscsemege paprikás ízű bevonattal,2026-04-16,2026-04-22,429,329,True,Felvágott/kolbász/szalámi,2,429076450f9587d980a443b4cc9c2159defc1ed2fe0e4e39dcec419acd2eda86
ALDI,"Hazait, szeretettel SZÁRNYAS CSEMEGE",2026-04-20,2026-04-22,325,229,False,Felvágott/kolbász/szalámi,2,1d5c6ee95a110f26e3c528d24acb8b9bdab3e78e1c99400cb6100a80bc4ee658
Lidl,PIKOK Csirkemell szendvics csemege,2026-04-20,2026-04-22,325,239,False,Felvágott/kolbász/szalámi,2,9a3899ba9b0aa8d4edd79ec4b1e4add6f1c9601e01387bbc86eb53272dd75725
Tesco,Pick műbeles virsli,2026-04-02,2026-04-22,435,249,False,Felvágott/kolbász/szalámi,2,0fd3abae47d0a6c1c9ab0f1d4863a3da25e257041d4389579d2dc2e7047ab72c
Tesco,"Platán Olasz, Zala vagy Fokhagymás felvágott",2026-04-02,2026-04-22,329,259,False,Felvágott/kolbász/szalámi,2,89c94541a569c6e23591e6c6c7ae4cc1edac84959e7163fbee74cb144668159a
Auchan,Nádudvari NÁDUDVARI DEBRECENI PÁROS KOLBÁSZ,2026-04-16,2026-04-22,399,289,False,Felvágott/kolbász/szalámi,2,402210a4d7a163d2897a5786fbbf2e6c845b555731cb8dc643777a61bd20537d
SPAR,Regnum frankfurti virsli,2026-04-16,2026-04-22,379,299,False,Felvágott/kolbász/szalámi,2,ed803a708ebe247aa50bd535fc0de790e8b4325ea72b53b0e55658f53db7b771
SPAR,Master Good sajtos tavaszi rolád,2026-04-16,2026-04-22,379,299,False,Felvágott/kolbász/szalámi,2,0b01b41131c4328f0b1e581147a643c76311afa0fd2bd9e2f3e89258b71cc0e8
ALDI,"Hazait, szeretettel TÁTRA SZELET",2026-04-20,2026-04-22,345,299,False,Felvágott/kolbász/szalámi,2,10b45c69322b46ea96801a67b5cc35c30149d9b11c5b786a958fc61079815170
SPAR,Toscan sajtos szelet,2026-04-16,2026-04-22,429,339,False,Felvágott/kolbász/szalámi,2,3f458243126651aaaf3a51c6c6cc42b8d375b38edd7dc61f2a3e6282d7bf0dd4
Tesco,Kaiser csemege- vagy paprikás szalámi,2026-04-16,2026-04-22,499,379,False,Felvágott/kolbász/szalámi,2,f868aaccd191ad297f3c8f72a433f310226a2c034968b61e96ee4755b9bc1ca1
Tesco,"Szentandrási paprikás, pulyka vastagkolbász",2026-04-16,2026-04-22,499,399,False,Felvágott/kolbász/szalámi,2,698f8aa8ff38790b4155033a04297f1bcf0d83e0ae874efb0ce6292f9b3f0839
SPAR,Pápai extra sonka,2026-04-16,2026-04-22,529,399,False,Felvágott/kolbász/szalámi,2,e47480ebfdf1f487865990809eda715501c8d5c78ceb50ade32eb756987a2b25
SPAR,Pick Pickolino virsli,2026-04-16,2026-04-22,675,439,False,Felvágott/kolbász/szalámi,2,1e729dc969ea47186918674e52bf358faa3998713749c01ced79fbbc3d223d31
SPAR,Regnum Gusto sonka,2026-04-16,2026-04-22,569,449,False,Felvágott/kolbász/szalámi,2,c7296e7574c92c8e984a97f04adfb59253960c409c3b8f56353c43c28b407f40
SPAR,"Regnum Turist, sajtos Turist",2026-04-16,2026-04-22,579,449,False,Felvágott/kolbász/szalámi,2,d5a0b25c187ed29ffc3406852dab1c34f2d06c0e3dfbc3360536b4f61d1eedc8
SPAR,Csabai lángolt kolbász,2026-04-16,2026-04-22,599,449,False,Felvágott/kolbász/szalámi,2,6b556b7eca5e5aeca6fb581f7da68635a34fd3757c38317cacbe811ea060dd7a
Auchan,Tauris TAURIS PREMIER SÜLT SONKA,2026-04-16,2026-04-22,669,469,False,Felvágott/kolbász/szalámi,2,8bb9ed96865cf38b13af72422f06bc51c2f0ec7ade9f921a7bbd8fb8ce1aff4a
ALDI,SZELETELT KOLBÁSZ,2026-04-16,2026-04-22,669,529,False,Felvágott/kolbász/szalámi,2,e86a34ace60897c742a3bf93cae837f3dd22c2837aaa59a7c1cd5b337e8e876d
Auchan,ORSI SAJTOS VAGY BAROMFI KLASSZIK,2026-04-16,2026-04-22,799,549,False,Felvágott/kolbász/szalámi,2,0acdb351e98d282d0eaeb394814f4363e1f94a159aedf75758328d73f1106d71
SPAR,Master Good selyemsonka,2026-04-16,2026-04-22,739,549,False,Felvágott/kolbász/szalámi,2,27d80459d8967d2e8de7a825614470dfea915a8e2aedd432e509dbcc14864fbb
Auchan,Auchan AUCHAN KEDVENC FRANCIA VAGY PRÁGAI MINŐSÉGI SONKA,2026-04-16,2026-04-22,699,559,False,Felvágott/kolbász/szalámi,2,35d28861c927fb19b5a61266849e7a7a4474560dc9e64231ebaf742ae1804583
SPAR,Pick téliszalámi,2026-04-16,2026-04-22,899,599,False,Felvágott/kolbász/szalámi,2,45438c4ddc6057497b8cf0031ef6019f9a9aa5610ec0ffa332a0f4e674e9833d
Auchan,Auchan AUCHAN KEDVENC SZELETELT TÉLISZALÁMI,2026-04-16,2026-04-22,749,599,False,Felvágott/kolbász/szalámi,2,ce3241ec496efd6ed6bd2d4267dccc545db70dd8f7a03ea994bc21fada0b1cd6
Lidl,PIKOK PURE Bécsi juhbélben,2026-04-16,2026-04-22,899,759,False,Felvágott/kolbász/szalámi,2,2f9e5346d5200cfeebe6a5b2304bd09c73fff2c81ac024604fa85701e852ae31
SPAR,"Chianti Salumi Spianata Piccante, Romana",2026-04-16,2026-04-22,999,799,False,Felvágott/kolbász/szalámi,2,2b5115e201d8c4166348aadce1652236c9a70f306a9cf70d5500fa2bd21e8de6
ALDI,MASTER GOOD FÜSTLI,2026-04-20,2026-04-22,1119,799,False,Felvágott/kolbász/szalámi,2,72bea97162411513b54474727f5003444f2c60c1a709c33b26a94b44bf5eedea
Auchan,GIERLINGER PRÉMIUM MINI BERNER VIRSLI,2026-04-16,2026-04-22,1399,1259,False,Felvágott/kolbász/szalámi,2,c76648dc4a371384393be27ce9c62b7af00d67b390cf437a4a809caacdd5c91e
Auchan,BOGÁDI SERPENYŐS KOLBÁSZ,2026-04-16,2026-04-22,1499,1299,False,Felvágott/kolbász/szalámi,2,17a759ee860a7ba25faf9485bfcd2f45f43fd374a73d5b3c848bcf3207cc6ba2
Auchan,Auchan AUCHAN KEDVENC DEBRECENI,2026-04-16,2026-04-22,1499,1299,False,Felvágott/kolbász/szalámi,2,d31d2f7d5db58f236b6694abad0cb359fa3edb0185731334c80658970e09001a
Auchan,ALFÖLDI BAROMFI PÁLCIKA,2026-04-16,2026-04-22,1759,1299,False,Felvágott/kolbász/szalámi,2,fe0872b5130ad433301b7b46d43cf5520399dda7550ab2b588e34b72bcf8565c
Auchan,ALFÖLDI SERTÉS VIRSLI,2026-04-16,2026-04-22,1999,1699,False,Felvágott/kolbász/szalámi,2,9bb2836f70260602b6e0bf1a67d5b7fd551b45c66c9a94054254aad314e1385e
Auchan,ORSI FRANKFURTI,2026-04-16,2026-04-22,2999,1799,False,Felvágott/kolbász/szalámi,2,66135ab3d09ad689e124e95e6e27f3c5e29a0c588e2482f9256d8681e07d6253
SPAR,Csabai mangalicakolbász,2026-04-16,2026-04-22,2599,1999,False,Felvágott/kolbász/szalámi,2,8d86488a33953a58d307433c5b061d67c4c9b3354f60882e42dab18f2164ac57
SPAR,Pick Rákóczi szalámi,2026-04-16,2026-04-22,6549,4990,False,Felvágott/kolbász/szalámi,2,7502207df44bf2c71f1a16531f777ae3895fd73d1cc91667b6257c065173b4d3
Auchan,Pick PICK RÁKÓCZI SZALÁMI,2026-04-16,2026-04-22,6549,4999,False,Felvágott/kolbász/szalámi,2,6dd4d1b3ec566febdb1346f42862d147e5bd843cc6164ce4e5caee202d79eac9
SPAR,Semec sertéstepertő,2026-04-16,2026-04-22,1199,949,False,Zsír,2,6f48028257d91a1c80761a029daba35f4ca035060a977da4e6a8efb932493162
Auchan,"Szatmári SZATMÁRI HÁZI, ÉTKEZÉSI TEPERTŐ",2026-04-16,2026-04-22,1999,1199,False,Zsír,2,1eba14cba7818f0396bd52bc7c6a98a18d5e3f9791ec9a03aff213f7364f2338
Auchan,Hízóföld HÍZÓFÖLD FÜSTÖLT KOLOZSVÁRI SZALONNA,2026-04-16,2026-04-22,2699,2299,True,Szalonna,2,aac11a8b4b08e92f2e48c4af3388b398af7ff5c5ee91499820898408c0a62728
Tesco,Privát Hús füstölt baconszalonna,2026-04-02,2026-04-22,849,769,True,Szalonna,2,186aaa955eb6c048e00dd37d8c35364e3fe8329fcfddc4e01871d05df19250ec
Tesco,LE&CO füstölt-főtt császárszalonna,2026-04-02,2026-04-22,1399,999,True,Szalonna,2,790a132e01b5e3f0d1551e74f9ef05da77f1c05e55d9596a3235883984800f28
Lidl,PIKOK Kockázott bacon,2026-04-20,2026-04-22,1219,969,True,Szalonna,2,a788e5a163825c69451659cb4722799b2b9eb00b65b9aa87548f5ecb3e2d9cb6
Tesco,Kometa Kemencés sült császárszalonna,2026-04-06,2026-05-24,1689,1199,True,Szalonna,2,fb35be775641b4e9b325e848b90b3043a786bb7f7790c8a83f822b0eb386f79a
SPAR,Tulip kockázott bacon,2026-04-16,2026-04-22,1299,999,True,Szalonna,2,9d19bf711e86e3a1e990e34fc8f397190b7c40772510f7f61c3b830ee1bd9d40
SPAR,Pápai füstölt bacon,2026-04-16,2026-04-22,1399,999,True,Szalonna,2,203a6b5dcec7069c2ec123d19ec5f0f14d47821fc2b9cb7277b8dc2a957aae71
Auchan,Régimódi RÉGIMÓDI CSEMEGESZALONNA,2026-04-16,2026-04-22,379,269,False,Szalonna,2,bbfd0595272ac85ed2018428384ca9210529818fc729ca1e799f26daeaedf214
Tesco,Csécsi szalonna*,2026-04-16,2026-04-22,399,279,False,Szalonna,2,92885dd02e604ffb52dfa506eda59ffd6f35f0b0d47a924d316962df7ebaa3db
SPAR,Regnum erdélyi szalonna,2026-04-16,2026-04-22,349,279,False,Szalonna,2,d063d4d6c9d01feb4becafa99c7e6125326d63aef0afc3d5b9427429c4e3ef51
Lidl,"PIKOK PURE Főtt, füstölt császárszalonna",2026-04-16,2026-04-22,569,483,False,Szalonna,2,7fb660108b7b11ba8dd5a72879a592a5cfc68b35489c7d974abaa108fee4854d
Lidl,PIKOK PURE Füstölt hátszalonna,2026-04-16,2026-04-22,2399,2039,False,Szalonna,2,9b6d28af2f4e7466a34d9ec0b2625a6ee4257c8b235893fed7ec309a8f70cc6c
Auchan,Hegedűs-Hús HEGEDŰS-HÚS SÓS MANGALICA SZALONNA,2026-04-16,2026-04-22,2899,2299,False,Szalonna,2,98fbab6241c440b19e290958fa21d500fc9827623d7d88c970cf1541b9492e8c
Auchan,Sarud-Hús SARUD-HÚS KOLOZSVÁRI SZALONNA,2026-04-16,2026-04-22,3499,2599,False,Szalonna,2,095966509dba84a4af50bd9e9cf02b9540fa0e324543f993d320cc7f665a6229
Tesco,Tesco hűtött készétel,2026-04-02,2026-04-22,1459,1099,True,Hidegkonyha,2,b9c80c7172ed244435769f817e31c22e31f23f60b91049783d28505cbb939de7
ALDI,SNACK TIME SUSHI BOX,2026-04-16,2026-04-22,1499,1219,False,Hidegkonyha,2,64ebe2709c0b407727fb81ea0f9005a68f3e10c468e5c91cb92319bfa7691e34
Auchan,COME A CASA SPAGHETTI CARBONARA,2026-04-16,2026-04-22,1799,1359,False,Hidegkonyha,2,040e07f81461ea1685564c2034892091008844fbc1c2268484806b4c0ef8227a
SPAR,SPAR enjoy. svéd kukoricasaláta,2026-04-16,2026-04-22,949,749,False,Hidegkonyha,2,918bbe6d016da9dedc418afea90802e5ff47fa2af7d53808498059fd333cbf89
Auchan,FANAN MAJONÉZES PADLIZSÁNSALÁTA,2026-04-16,2026-04-22,1149,899,False,Hidegkonyha,2,a554e27581c3d0379f419f90644553d40fbc7149331e2d6069245320390b09e8
Auchan,PALTSIDIS TRADÍCIONÁLIS TZATZIKI,2026-04-16,2026-04-22,1399,999,False,Hidegkonyha,2,216683b3e2b83457c6e694e0d7aa34217cf118dd0a334ed2590070c16ae44e1b
Auchan,RIO MARE INSALATISSIME,2026-04-16,2026-04-22,1999,1199,False,Hidegkonyha,2,6b17863c93045ddeb34c08999469919bfb8eb3734960531ccf2925c9e5379bbf
Auchan,Thallo Food THALLO FOOD FRANCIA- VAGY MAJONÉZES BURGONYASALÁTA,2026-04-16,2026-04-22,1999,1399,False,Hidegkonyha,2,a4a64a872031768db438a0fda5ddbb7c3c7a1cadb935c78b619b5cfcb6971619
SPAR,SPAR enjoy. tavaszi tormás bagett,2026-04-16,2026-04-22,1099,799,True,Hidegkonyha,2,30eb92d3df552599740ccb69aafb2deb3dbdbb265c2c14165aae8a1342aba550
Tesco,Piroska XXL gyümölcsszörp,2026-04-16,2026-04-22,1489,999,True,Szörp,2,ff454825091c8354a3ce7e19d53618827a59d129dd0dc9e2aaefb36e67dc19fb
Auchan,Piroska FITT PIROSKA SZÖRP,2026-04-16,2026-04-22,1019,749,False,Szörp,2,a11e2a251ec797bc98e86153a94c7e256791d7b5849a7ba4f71c482df01bab8e
Auchan,Auchan AUCHAN KEDVENC NARANCSLÉ,2026-04-16,2026-04-22,789,699,True,Gyümölcslé,2,95c2c697cf8bb1494891b24ce3fbadb1a4d02963de3b8b38bea4ca911c191ca2
SPAR,SPAR almalé,2026-04-16,2026-04-22,469,349,True,Gyümölcslé,2,10978a43f9dab3f654c2c272c9fb3b4afae33cd24d8be163bbb629f14ad1bb26
Tesco,Hey-Ho gyümölcsital,2026-04-16,2026-04-22,719,475,True,Gyümölcslé,2,ce5d65640ff120bd39bca6952f46a91752016bc9a4309b74c90664fe1e3d2177
Tesco,Topjoy gyümölcsital,2026-04-16,2026-04-22,769,519,True,Gyümölcslé,2,5b3203d6fb0d3d38fe682f8c0d3f5f5a744d957d59f94d69524fc0d07c5db463
ALDI,RIO DORO ROSTOS GYÜMÖLCSLÉ,2026-04-20,2026-04-22,529,395,False,Gyümölcslé,2,dd7f3ded1e41b8aa1c37d37f968ab1ac490969d7c2c42e61d74f0dcf08e55050
Auchan,Sió SIÓ ZERO GYÜMÖLCSITAL,2026-04-16,2026-04-22,599,529,False,Gyümölcslé,2,bc49eae27accba5647061c1ddce58d4757b4afb0458a111c6ff61728887d8189
Auchan,Hey-Ho HEY-HO GYÜMÖLCSITAL,2026-04-16,2026-04-22,689,549,False,Gyümölcslé,2,7dafa4c5857a684efbe10ef8db3e0896ab9364dd59530b65eb6c6142a581789c
Auchan,Rauch RAUCH HAPPY DAY GYÜMÖLCSLÉ,2026-04-16,2026-04-22,999,649,False,Gyümölcslé,2,701db09c35e2491ce4a1c867fe50e1480e6863c46918c56ad869ddaa129a7777
Lidl,SOLEVITA Ananászlé,2026-04-16,2026-04-22,799,679,False,Gyümölcslé,2,d42ba3b5b5f17902d0a4ff844eb42ce89cbb9b0f67a366936ad2e40089f59283
Auchan,Hohes C HOHES C GYÜMÖLCSLÉ,2026-04-16,2026-04-22,1999,1299,False,Gyümölcslé,2,5f0a7f8a27b216726977b18baa6faa5480b3d267fbd1d829fa3cee301874b8bb
Lidl,SOLEVITA Paradicsomlé,2026-04-16,2026-04-22,389,319,True,Zöldséglé,2,2186064a7d710b0b3e79021bca2a74b10b2e810ade66aeaacc625add1c27c042
Auchan,Golden Valley GOLDEN VALLEY CÉKLALÉ,2026-04-16,2026-04-22,649,549,True,Zöldséglé,2,6af25d357aec0052c5806b106f1c8ee9e602f3ebd2be65e02c06adb4f0ac71ca
Tesco,Biopont bio zöldséglé,2026-04-16,2026-04-22,1999,1799,True,Zöldséglé,2,f537f65bad05bb7d9e6b64bd2fcb4e7f4708518bd830d1cf3c4e655fc7de0490
Tesco,Limenita smoothie,2026-04-16,2026-04-22,819,649,True,Smoothie,2,8550c821f043014c2e2c2af4aff585bf1cf73bc5e9d6968b2f3f7752564bb5b8
Auchan,Auchan AUCHAN KEDVENC SMOOTHIE,2026-04-16,2026-04-22,599,499,False,Smoothie,2,790f278233f798df51937932277b5ceb5e83bb2e4269453eb966662ecfad23a9
Tesco,Milford gyümölcstea,2026-04-16,2026-04-22,699,1659,False,Tea,2,fa529a108ccad8032d062cb1f138f6b882850d77297c7ab7acdcebb87b503108
Auchan,Apenta APENTA SZÉNSAVAS ÜDÍTŐITAL VAGY ÍZESÍTETT VÍZ,2026-04-16,2026-04-22,449,369,True,Szénsavas,3,ccedc7c46abf5a4ef66126e9c0352cbb754f098daad80e8fe99d60eb8d23fca0
Auchan,"Coca-Cola COCA-COLA, COKE ZERO, CHERRY COKE VAGY FANTA NARANCS SZÉNSAVAS DOBOZOS ÜDÍTŐITAL",2026-04-16,2026-04-22,1179,999,True,Szénsavas,3,ffe21cdca6cfff766660ac898aa1764da4876ded815070773c3bd35ff3948100
Auchan,"Xixo XIXO DOBOZOS ÜDÍTŐITAL, ICE TEA VAGY LIMONÁDÉ",2026-04-16,2026-04-22,219,149,True,Szénsavas,3,a50bf612971971d9cc7e97938bec3ff22abbe8ed848b5ea2d83c75165ba12bfd
SPAR,"Coca-Cola, Coca-Cola Zero, Fanta szénsavas üdítőital",2026-04-16,2026-04-22,919,689,True,Szénsavas,3,c4dc5c5226e1515f4f701ca5eaae1fa74183c742be94f3021dcbcf300c24a492
Tesco,Apenta vagy Apenta light szénsavas üdítőital,2026-04-16,2026-04-22,429,339,True,Szénsavas,3,79a96619ca36b537952c47b5666bac1dda728b517ee513b1a416648551017ae7
Tesco,Pepsi szénsavas üdítőital,2026-04-16,2026-04-22,659,539,True,Szénsavas,3,0529de22599ba0c8a890d15500ade0712b9299669cacb0007e98397c1e95d0e4
Auchan,"Coca-Cola, Fanta COCA-COLA, COKE ZÉRÓ VAGY FANTA NARANCS SZÉNSAVAS ÜDÍTŐITAL",2026-04-16,2026-04-22,1429,1249,True,Szénsavas,3,dfeaaa5f1799f759275bc412bafb1add5b055ed96ee6c6184bfdbbf1badadc92
ALDI,XIXO SZÉNSAVAS ÜDÍTŐITAL,2026-04-20,2026-04-22,219,139,False,Szénsavas,3,346e4a44f88cf9e3ab90c1c4db7fb8058cb6811714c02bcf16eb485c8e1efe00
Auchan,Márka MÁRKA SZÉNSAVAS ÜDÍTŐITAL VAGY LIMONÁDÉ,2026-04-16,2026-04-22,499,349,False,Szénsavas,3,a62bb147296c06b69e3448130b8f92f00e5e861447fea0c71e46f00fb8fa6779
Auchan,Pepsi PEPSI SZÉNSAVAS ÜDÍTŐITAL,2026-04-16,2026-04-22,759,649,False,Szénsavas,3,ec568ae852758e2540b46913db1ea09ce5b8f29b67c7d96a1b530787e8622498
SPAR,XIXO Ice Tea,2026-04-16,2026-04-22,449,336,True,Szénsavmentes,3,93f88355dea844d7660e6a9f53c0da0c8cfcb2853bf0cc92f29db16ec131cbfe
Tesco,Rauch MyTea ice tea,2026-04-16,2026-04-22,699,399,True,Szénsavmentes,3,ec8a76deb126ec489c9989e46c2b0ed007bb67698503f75ca100ef4e81a5ab81
Auchan,Cappy CAPPY ICE FRUIT,2026-04-16,2026-04-22,749,599,True,Szénsavmentes,3,51b830c5f40aa4f55e7475aedb6117070b1c820bd7fa3312ca8378ee9c101c30
Auchan,Xixo XIXO ICE TEA,2026-04-16,2026-04-22,449,349,True,Szénsavmentes,3,3d6698842ef5313736b0774da43f0b457d2a77ba2dba8ad37f89e97f4f4694bc
Lidl,FREEWAY Zöld tea zero,2026-04-16,2026-04-22,359,249,False,Szénsavmentes,3,d598edb62bf698d36867b60a8484fb42060a035a3b26e586340aba86da383523
SPAR,Hell energiaital,2026-04-16,2026-04-22,329,246,True,Energia- és vitaminital,3,43d729645b86c623e46ce15c6ef4e90954650f2d3627efff91161b18e1d95fbd
Tesco,Burn energiaital,2026-04-16,2026-04-22,339,279,True,Energia- és vitaminital,3,81b06126379715e5b8175b8c039c9191f23d9bd1d5b9fb184c64ae6522f79f81
ALDI,FLYING POWER ENERGIAITAL,2026-04-16,2026-04-22,195,149,False,Energia- és vitaminital,3,016d6349479edf349422d361875279919b5cfdd812cc0f537611f80dd104d18f
Auchan,Adrenalin ADRENALIN DOBOZOS ITAL,2026-04-16,2026-04-22,249,179,False,Energia- és vitaminital,3,471e2b61a25959315a7fbf6d482916df0078e5042979a446dafd796a441a668e
SPAR,Mizo Coffee Selection kávés tej,2026-04-16,2026-04-22,399,279,True,Kávé,2,e30ded7d449a8b9425eaeba4afbcf22d10f3649f6f6d6291d4cbc04820f03b1b
SPAR,Mokate XXL instant kávéspecialitás,2026-04-16,2026-04-22,1699,1399,True,Kávé,2,ea8551685de6640cbf56878013fa30864042b33db95c7ac77e01a99511f27fa6
Tesco,Mizo Coffee Selection kávéital,2026-04-16,2026-04-22,399,289,True,Kávé,2,ef97ff2afeb4a9bc8f1e29153ed35ec3cae2c45d24b283914f4b7ef19f8205ad
Tesco,Completa kávékrémpór,2026-04-16,2026-04-22,1449,1399,True,Kávé,2,55bdf94fd4736e287a593b0e9952154868a5572a15875a326564060bec9a8c6a
Tesco,Mokate 3in1 Classic azonnal oldódó kávéspecialitás,2026-04-16,2026-04-22,1729,1399,True,Kávé,2,8658ad310fbedd6303a80f3444d2e21c85bcfe54d2c3a6825a6bf03e500e0b0d
Tesco,Nescafé instant kávé,2026-04-16,2026-04-22,1999,1899,True,Kávé,2,7a40aa1ee822a4bc3a70f1f961334fcb9c2c8476899263a5daa255d461f97887
Tesco,Douwe Egberts Omnia őrölt-pörkölt kávé,2026-04-16,2026-04-22,2699,1899,True,Kávé,2,0a5d3b0d67ceb02e83cbca209d820076447a05f44a16026da359cc09304937f3
Tesco,Davidoff Nespresso kompatibilis kávékapszula,2026-04-16,2026-04-22,1869,1479,True,Kávé,2,06db4eebf8cf7d7e8ca226ad5cf0d3290eafc2aa453cbcdd4ff09e1589b943f6
Tesco,Omnia Fusion szemes kávé,2026-04-16,2026-04-22,9190,8199,True,Kávé,2,c87fd12695de7a566a42c9badf2d7b5b7dbcb9d0df1561077c105833edb84378
Tesco,Starbucks Dolce Gusto kompatibilis kávékapszula,2026-04-16,2026-04-22,2399,1899,True,Kávé,2,1a7dbb29e8c94fe453e92667b571c9f822c8db47042d224a7a57f093ec0ec685
Auchan,STARBUCKS NESPRESSO KOMPATIBILIS KÁVÉKAPSZULA,2026-04-16,2026-04-22,1949,1599,False,Kávé,2,d1429857a776612cbe7700b0909115808f322b21cf03071cb182bb77003e6978
SPAR,Natur pur őrölt biokávé,2026-04-16,2026-04-22,2199,1699,False,Kávé,2,e9f32864d4d755d0ef39972982640d8fe74a6c7a53d164804f6139b28427eca5
SPAR,Omnia Classic őrölt kávé,2026-04-16,2026-04-22,4699,3799,False,Kávé,2,7f7c22dcfd011120cb97d50b2c5d29e3b6b5bb370ed1b8961e3179253a30e70a
Auchan,Bravos BRAVOS CLASSIC ŐRÖLT KÁVÉ,2026-04-16,2026-04-22,6299,4499,False,Kávé,2,203b0d8b04a69b8b0caef4dfabf2bc1b474f559481fcce9f31fb9f7157b04fea
Lidl,BRAVOS Őrölt kávé,2026-04-16,2026-04-22,6499,4899,False,Kávé,2,24f8ea7a9c1143b19640995908e9c52a7a73ef5d46ac18f25da413be396cf1fa
Auchan,CAFE FREI ÍZESÍTETT SZEMES KÁVÉ,2026-04-16,2026-04-22,8999,7999,False,Kávé,2,0fbf90e0b94883c98e96eaba2f33064dc68bc4a3ecc599c192e9c3244a3c7e2e
SPAR,Lavazza Crema e Aroma szemes kávé,2026-04-16,2026-04-22,13499,9999,False,Kávé,2,7d052d50cbcf82a5d469104c20de9bca34abc03a35d9979bd93dfeb033a81825
SPAR,Alpro ízesítetlen növényi ital,2026-04-16,2026-04-22,1099,849,False,Növényi ital,2,d3ae2c507f559c80437f1131260c58d1b5368c0c1f8940ee75b17d8915f0ae71
ALDI,ALPRO NÖVÉNYI ITAL,2026-04-20,2026-04-22,1099,849,False,Növényi ital,2,212fe2f6cc3be530a1b79b888920f381012e0f238184653635bf8ef85601fd07
Auchan,Zafír ZAFÍR ÁSVÁNYVÍZ,2026-04-16,2026-04-22,149,99,False,Ásványvíz,2,9f54dad4deb827fd040e2079d0c5d9eb9f68c677302fa9a726838c3f50cab26e
Auchan,Minera MINERA FRÖCCSVÍZ,2026-04-16,2026-04-22,199,169,False,Ásványvíz,2,75dca455f93c9367505aec97f74a4666014013ded56ae63670ebab05092d721d
Auchan,Theodora THEODORA ÁSVÁNYVÍZ,2026-04-16,2026-04-22,199,169,False,Ásványvíz,2,95d77c9d5529b56c3495b4530daa6a6b5b2bfd70aed40c39385eedfde6c343b7
Tesco,Tokaji Classic Selection Tokaji Szamorodni,2026-04-16,2026-04-22,2799,1999,True,Bor,2,36c47480bb019dc9a862339abaee2c7c9101a2d362fdfe30a6695176f58702c0
Tesco,Feind Olaszrizling,2026-04-16,2026-04-22,4999,4299,True,Bor,2,ee92cb5ee528d7d7c75ea6dac5c58a7e9430079eea821191c3e7b86332bab21a
Auchan,FONT BAG-IN-BOX,2026-04-16,2026-04-22,4549,3499,True,Bor,2,368429b3e8546dfcbcb9c0f580dd005d09b499e1a134f52c79e4ab95ecc21b93
Auchan,FRITTMANN BORÁSZAT BAG-IN-BOX,2026-04-16,2026-04-22,4479,3499,True,Bor,2,93ba55fea65a75b98ec5dd3f778a5696d32546dae5ee1edc8e831b61cbd40236
Auchan,SÁRI SZŐLŐBIRTOK BAG-IN-BOX,2026-04-16,2026-04-22,4549,3299,True,Bor,2,f75bd24b5ea6596f8ee652925a01172be33ec89e233beb790f7843ff40b2e50c
Auchan,FEIND BORZSÁK,2026-04-16,2026-04-22,4999,3799,True,Bor,2,ddfb0501e6a606608440742412c3c714c450414018d7e25802dfca2d6c175458
Auchan,"VINTONIC CLASSIC, ROSÉ, MOJITO VAGY LEMONELLO APERITIVO",2026-04-16,2026-04-22,3499,2799,True,Bor,2,1f3045e0afda8b9d0da509307494f86e838103f4c401c0258812119be76110cf
Auchan,PAULUS GOLD EZERJÓ,2026-04-16,2026-04-22,1599,1119,True,Bor,2,6ac815e80c929ff3f6f88abe1277f84f5f2afd1e306c0c03ba50213f755401fb
Auchan,FRITTMANN NEXTGEN SUMMER SPLASH VAGY PINK PARADISE SZÉNSAVAS BORALAPÚ ITAL,2026-04-16,2026-04-22,549,429,True,Bor,2,d6e9e6cb65b2e93e83d6fddbb82240014d7eb3ec9daf8966ae347eaf761a823b
Auchan,LAPOSA COOLER,2026-04-16,2026-04-22,749,599,True,Bor,2,632103a14dcb3b3abdd4e0bac6dbf33564d8da206b20e751ca20188752383ccd
Lidl,BALATONBOGLÁRI Cabernet Sauvignon,2026-04-16,2026-04-22,899,649,True,Bor,2,49bfa7d09db0926e29da85708a851bed010c00682dafe8472848049ee30bf8c6
SPAR,"Royal Tokaji Sárgamuskotály, Dry Furmint",2026-04-16,2026-04-22,2499,1799,True,Bor,2,e420ddf274497dd11dd8faa0512b80be7ff2843e3fec19a7e44d07e22daca8b1
SPAR,"Angelli Cherry, Áfonya",2026-04-16,2026-04-22,2799,2199,True,Bor,2,c2a804814c7b61b1b0a5aaae9166e7611660688009cd6698ed97f7d0acb12b9a
Tesco,Hilltop bor,2026-04-16,2026-04-22,1999,1499,True,Bor,2,bd7df86ae67399d3d49385fab329389552cbfc8d4a1741ab30ac1fbb4a38026f
Tesco,Szent Gaál bor,2026-04-16,2026-04-22,1999,1499,True,Bor,2,df73f8b204af3717cdfd6cc534806a8d7cf7fb7be672ce3a2e0f4d938fa459e6
Tesco,Gere bor,2026-04-16,2026-04-22,2779,1999,True,Bor,2,29019028bbb90d5345a106fdf321198c59aa5da1622e75032733a8f9393f4fe7
Tesco,Sauska Sárgamuskotály,2026-04-16,2026-04-22,3599,2999,True,Bor,2,7916f24e34f06db243fbf4b52f0b1ab859cad4f707560c9d3c5333224f371ee3
Auchan,Gere Attila GERE ATTILA VILLÁNYI OLASZRIZLING,2026-04-16,2026-04-22,2599,1999,True,Bor,2,e46c66b28c687260cbd27a7bb051718de4bcb01e4fab6efb86e2af0dbb2c2cbe
Auchan,Sol Montis SOL MONTIS MÁTRAI OLASZRIZLING,2026-04-16,2026-04-22,1649,1149,True,Bor,2,e80659e6e39add1db8d05cd251a334bda5c6630dde169f1e580242192d5e02cc
Auchan,Dereszla DERESZLA BALATONI LEBEGÉS OLASZRIZLING,2026-04-16,2026-04-22,1899,1499,True,Bor,2,8629def59430c648a2525beb1aa6da2891d9939fed734129d860d9ec7efdc753
Auchan,Borbély BORBÉLY BALATONI OLASZRIZLING,2026-04-16,2026-04-22,2149,1699,True,Bor,2,44699cece2cd8f1b9a2f37e0633d47be7ce63a576bad196c51eb203b51d83b87
Auchan,Kislaki-Légli Géza KISLAKI-LÉGLI GÉZA OLASZRIZLING,2026-04-16,2026-04-22,2899,1999,True,Bor,2,b512c801b663a41c916ac4a14f4b9b029c8a98333cd85b883c23155c47113049
Auchan,Laposa LAPOSA BALATONI OLASZRIZLING,2026-04-16,2026-04-22,2999,2399,True,Bor,2,dfa1f180c5c5baec0a93529f85eeb301841f2c6a7aaf9f9a8ffc635248ba626c
Auchan,Jásdi JÁSDI CSOPAKI OLASZRIZLING,2026-04-16,2026-04-22,3479,2699,True,Bor,2,02f3b8601e83db957b023ea03302733e0ac7c54b3a71cc5a156a5c457d7282b4
Auchan,Figula FIGULA BALATONI OLASZRIZLING,2026-04-16,2026-04-22,3999,2999,True,Bor,2,f3d2cc243f453531a69684123ec2876603a9ce633b5f121444ca8c05a25d194e
Auchan,Takler TAKLER TRIÓ ROSÉ CUVÉE,2026-04-16,2026-04-22,2549,1699,True,Bor,2,3cae43d738baa11eb8038e096a8e84ffcca0a6e5a120eef6d7590797b2a0a14f
Auchan,Garamvári GARAMVÁRI BALATONI ROSÉGOLD CUVÉE,2026-04-16,2026-04-22,1499,1199,True,Bor,2,f17e4bfe84abfd8b212a1e65f777d0fa0c2cc3f5f67bf402fbf9b3d07cd19714
Auchan,Eszterbauer ESZTERBAUER ÖRÖM ROSÉ,2026-04-16,2026-04-22,1799,1299,True,Bor,2,fd6e9f5c7413f836b9cc8f10ca7371661f598fd44000aa5e84b9d59d6395091d
Auchan,Schieber SCHIEBER SZEKSZÁRDI FRUSKA ROSÉ CUVÉE,2026-04-16,2026-04-22,1929,1399,True,Bor,2,14d79a6b364f6116e14dfd2a018b37a23f9ba0deb1b9fba200f124fe6753725b
Auchan,Lajver LAJVER SOUND ROSÉ,2026-04-16,2026-04-22,1999,1499,True,Bor,2,24ca3db53984da90d8e197ed610fbf503130758b440818f003bf71e20bd63abe
Auchan,Bodri BODRI ROZI SZEKSZÁRDI ROSÉ CUVÉE,2026-04-16,2026-04-22,2099,1599,True,Bor,2,8a6d63594ce07d6b365321708d9ffde5b39068f80c948680fe7a845fcfd72e80
Auchan,Ikon IKON BALATONI ROSÉ CUVÉE,2026-04-16,2026-04-22,2649,1899,True,Bor,2,dce48ea78f650c99b50abc82cf2e260a78c611a57a53d62d1b5f6ca87f895a65
Auchan,Légli LÉGLI BALATONI ROSÉ CUVÉE,2026-04-16,2026-04-22,2999,2299,True,Bor,2,a032ff86ab6e474603ee6724783cd647adf989b1fbeca0c7011dd52762392b1b
ALDI,DUNÁNTÚL IRSAI OLIVÉR,2026-04-20,2026-04-22,925,649,False,Bor,2,21811783895e7641ca1f7d10b9eb6e3823796770e3417c8871b63faef1c7396e
SPAR,Royal Hugo A/Spritz,2026-04-16,2026-04-22,1099,799,False,Bor,2,a312e3bfb1a32aa37e8f36c6cf0b148af28d5ec487194fda082114a8024bb8fe
SPAR,BB Rosé Cuvée,2026-04-09,2026-04-29,1569,1199,False,Bor,2,596a3112815acb4a36a81b2241bc0842042403719cb8c0f9ee8d14e118e65f5b
ALDI,CHILE CABERNET SAUVIGNON,2026-04-16,2026-04-22,1499,1229,False,Bor,2,3b2946719bb59102bb302f615bc6c063521315f65a0c9a4db07f3a70428b611e
SPAR,Koch Oli Irsai Olivér,2026-04-09,2026-04-29,1499,1249,False,Bor,2,8e87318e579d697c6335b9deb5454e276dc5243a8fb2cb7d976b62aa3be88d1b
SPAR,Soltész Rozé Cuvée,2026-04-09,2026-04-29,1599,1299,False,Bor,2,712d2776ca2a0955d2946d1cf19d45b570a8e6f48c69722119adca9d903e3f21
SPAR,"Teleki Cabernet Sauvignon, Cabernet Franc",2026-04-16,2026-04-22,1999,1399,False,Bor,2,8b8f56ca3c74a1b1c74bec19a930efff9a74b1b6600da37529839d3c47ee6e6d
SPAR,"Feind Sauvignon Blanc, Cabernet Rosé",2026-04-16,2026-04-22,1899,1399,False,Bor,2,0e7b1499c36b5ece7833ccbdb625cd8cebb8cdf1f25f9cd89c887dce00eba1bb
SPAR,Schieber Karma Cabernet Sauvignon,2026-04-16,2026-04-22,2199,1599,False,Bor,2,6a9e217bdd858d8656d7e306f297afe55779eb5fe512529a99c8f2edf5e7fbfb
SPAR,Kamocsay Prémium Chardonnay,2026-04-09,2026-04-29,2599,1899,False,Bor,2,71c58e7ad2277f2c32bf9d646699526ac257b0ae1ecaf86c654489b34fed3684
SPAR,Takler Kékfrankos,2026-04-09,2026-04-29,2599,1999,False,Bor,2,f8994bed57d453460a13cd9d7e6a36347d4c2795ac66e27dc885c0290c039db5
SPAR,Vylyan Ördög,2026-04-09,2026-04-29,2599,1999,False,Bor,2,cfc1b0ba1870e0d24513931f44897a1fe3d118a19db05193923af1e0ffa153ce
SPAR,Teleki Villányi Franc,2026-04-16,2026-04-22,2999,2499,False,Bor,2,0367fc8677133c6ab32d024d4b5768941e5e8ee60add5ce627ea1b7c46411deb
SPAR,Laposa Olaszrizling,2026-04-09,2026-04-29,3499,2499,False,Bor,2,403a1c2b83a07fcb26a16b6c6024330a8466bbf355fa2933356bc093eba8726e
SPAR,"BB Hosszú7vége Rosé Cuvée, Olaszrizling",2026-04-16,2026-04-22,4299,3399,False,Bor,2,973546fba7e2145db8d447ea9f36d956ad3d2fc071d74c84676b2009c1cdaed0
Tesco,Finlandia vodka vagy Finlandia ízesített vodka,2026-04-16,2026-04-22,7149,5690,True,Tömény,2,1cec1900d7524764df047639150c6500d4ead65d4427cc4a0384e7d01c91aea3
Tesco,Kalinka vodka,2026-04-16,2026-04-22,7299,6299,True,Tömény,2,d0ba6ba84db8d58e75bc7f84fc8967c6adcef61992a25c59985e9cc2b939a2ec
Tesco,St. Hubertus gyógynövénylikőr,2026-04-16,2026-04-22,6129,5199,True,Tömény,2,8aced084d24951dad0a1957c25b20bfd7e898c65ce6b90b45d5327a3327877ae
Tesco,Bacardi Spiced rum alapú szeszes ital,2026-04-16,2026-04-22,8799,6490,True,Tömény,2,1d521e133d2c4f5d28ec7d3d4ec4851b77603083c17fd9d18e975727ec31f065
Auchan,Jameson JAMESON ÍR WHISKEY,2026-04-16,2026-04-22,14999,11499,True,Tömény,2,6e0b84f833763d6cea8929fd9c71ee67d25371781038825cbd9581d5a94491cf
Auchan,Aperol APEROL KESERŰLIKŐR,2026-04-16,2026-04-22,5499,4399,True,Tömény,2,6c5d95c308eac7815029336459cdeb23b3de9aa3053779bb23c5cac6c5848fcf
Auchan,Hendricks HENDRICKS GIN,2026-04-16,2026-04-22,14999,12499,True,Tömény,2,2cac722933dbe5339eb05e40427196fdcddc9e53b47c051b012fbf37b852647c
Auchan,ABSOLUT VODKA,2026-04-16,2026-04-22,10999,8499,True,Tömény,2,7f1ec3d4c5cf581131ffa65af799793780b469d141b0a0f56d8fcd6d9dde3235
Auchan,GRANTS SKÓT WHISKY,2026-04-16,2026-04-22,6989,5999,True,Tömény,2,c30736753dd469d813d0e8c56bfce4c8cacdd55c23bb9c54ec5ea57c29baf156
Auchan,SKREWBALL PEANUT BUTTER WHISKY,2026-04-16,2026-04-22,10999,8499,True,Tömény,2,652bd52ffcc7b1ff9bea1d0730bded0515068c55791a6f8179665e700c088522
Auchan,BACARDÍ CARTA BLANCA FEHÉR RUM,2026-04-16,2026-04-22,9299,7899,True,Tömény,2,cd892fd875efa287608d8a36e5594f914b878c185665b8d79c2314c2b08a4abf
Auchan,OLMECA SILVER TEQUILA,2026-04-16,2026-04-22,10999,7999,True,Tömény,2,75dbcb834b17d4a35e2cb8d2d089d652b7130b6cec91166125fc2a4bc9afc4a0
Auchan,AGÁRDI CHAMELEON GIN,2026-04-16,2026-04-22,10499,8789,True,Tömény,2,22967ae6a6790c6add1b64b7b9e2446898d6a5345237dfbeab19585f8c771222
Auchan,PILAVAS OUZO KOLONA,2026-04-16,2026-04-22,9599,7499,True,Tömény,2,395d6b9e21f38f2ec502807baa913a7aa3cfbc72c6d4220da7eb2f23b72f4b2a
Auchan,YENI RAKI,2026-04-16,2026-04-22,12399,8499,True,Tömény,2,5494d9ae81ce5fbbfc7a39e4d85e728696af767a6abeec15e0a696d6f451882f
Tesco,Fütyülős málna-lime ízű likőr,2026-04-16,2026-04-22,4699,3399,True,Tömény,2,beae1936a44874032ddcb63f9371a7bb57570d5d8a44472a3b77c7c73e001e75
Tesco,Royal vodka,2026-04-16,2026-04-22,4889,4399,True,Tömény,2,bc88b68ec8b2be8c353c02f2c698b580332570107e9f9fccbb6f6ad9b73eee43
Tesco,Jim Beam whiskey,2026-04-16,2026-04-22,8990,6590,True,Tömény,2,03dffe6403b46af1d8af523fe8213637a8e3134277728660d6935cc80dd13303
Tesco,Jägermeister gyógynövénylikőr,2026-04-16,2026-04-22,11190,9990,True,Tömény,2,ad5a4509e2b6ff8118f38aaeaeeb8c1446ed794cec5cbda07907f2545a6bdb72
Tesco,Kalumba Madagascar gin,2026-04-16,2026-04-22,7999,6599,True,Tömény,2,265c7e279544f94562e6ddfc52de289536353b6ffd1b3b6547fcafd019ba03f3
Tesco,Beluga Noble prémium vodka,2026-04-16,2026-04-22,7699,6499,True,Tömény,2,536dd8878e16a95439d9e5777a12bfcf67ee31c4276b526562f3061f51ef250a
Tesco,Grants 8 kevert skót whisky,2026-04-16,2026-04-22,8490,7190,True,Tömény,2,e2f3ae3c5a854d53cd8ac611d2636578fbab612401f705f32a8aa75f7c880911
Tesco,Shankys Whip B. Irish Whiskey likőr,2026-04-16,2026-04-22,11690,10490,True,Tömény,2,4be213ad228c447d85ff077c9bc9fb24f316a77752db23e00ce2b35e71b1a6d2
Tesco,St. Rémy VSOP Brandy,2026-04-16,2026-04-22,6690,5390,True,Tömény,2,fd9b0cdf2746630d10750bb75c206e84d2a11c5184d63389f32e018b788849d3
Tesco,Jose Cuervo Especial Tequila Silver,2026-04-16,2026-04-22,9990,7690,True,Tömény,2,408e0362db3b3ffdbb8fcd6f759a8906e6204300e711d74c8451ab26c41df7cc
Tesco,Roku Sakura japán ízesített gin,2026-04-16,2026-04-22,13290,12999,True,Tömény,2,5a460a04ea03091633902e7cac070c7521d5851770d31eba2146fb499fbc3d41
Tesco,Hendricks gin,2026-04-16,2026-04-22,14490,13990,True,Tömény,2,05d08cdc04613d9646b75127983448657c444a50ab95fdaf2782abf1e70e37c1
SPAR,Bacardi Breezer,2026-04-16,2026-04-22,1109,949,True,Tömény,2,428867be3496995be0e98fa60cbf51b5e96905b72545eefde01709080864e7b8
SPAR,"Chill & cheers! gin & tonic, vodka & narancs",2026-04-16,2026-04-22,409,329,False,Tömény,2,154b8fde66d548aca0de3608bb632355df7b7f58b17f30fd474f1a4144232f6b
SPAR,Metaxa 5*,2026-04-09,2026-04-29,7949,5999,False,Tömény,2,22a437677a307f841ca804baf2a65b35cdc52def1ecfe91cfe40f7e5552d73ff
SPAR,Hankey Bannister whisky,2026-04-16,2026-04-22,7199,5999,False,Tömény,2,a7c08d808b3d68ecee3b87674840a0dc4eb44831cf87a381735549a44a1ea1f4
SPAR,"Kalumba White, maracuja gin",2026-04-09,2026-04-29,8249,6599,False,Tömény,2,e67f5000100a6383f7c6ec5efdd2c87373a538e549a83764af7fe88c4b5b3c4b
Lidl,JIM BEAM Bourbon Whiskey,2026-04-16,2026-04-22,8989,6899,False,Tömény,2,212cf1f37f37a7b4c72d6fecf7ca6dcd5b367b5d6c6befd1ae43c84fc36d04d0
SPAR,"Tullamore whiskey, Café Honey whiskey",2026-04-09,2026-04-29,8799,7999,False,Tömény,2,c7fcc982fa85479c338f95cd225c70ec18c580bd177b07a8cd5d91a330c2d4b5
SPAR,"Olmeca Gold, Silver tequila",2026-04-09,2026-04-29,12199,9499,False,Tömény,2,24d6ef6fafb3b583c0c5aa8c59b082098c402acdcec3fcf4d02b134be889ec0e
Tesco,Kreinbacher Brut Classic,2026-04-16,2026-04-22,7950,6999,True,Egyéb alkoholos ital,2,47bd7f0a08a8ead89a99a46e0b3be9dc2d7c8102aa6530c1a5f444389dac27f5
SPAR,Natara,2026-04-09,2026-04-29,1799,1399,False,Egyéb alkoholos ital,2,a7f51cf865379c2d7f01602ed1c6ea8997743ab946cf3b66142839cecfb2359f
SPAR,"Törley Ice White, Ice Pink",2026-04-16,2026-04-22,2999,2199,False,Egyéb alkoholos ital,2,0554e259440586d77108c19743966c560aacc129cd4e91eba81981c2a9141281
ALDI,PIROS PAPRIKA,2026-04-23,2026-04-26,999,699,False,Paprika,3,21f84daf6401a9851c194dced20056562157fb0373a004bbd723be196de19263
ALDI,SÁRGA BURGONYA,2026-04-23,2026-04-26,237,199,False,Burgonya,3,24046441a2eeff0f0ae7f9efb5dfa22d946a26e52a8ed852fe0c7a4cedd0d083
Lidl,Lila hagyma,2026-04-23,2026-04-26,349,249,True,Hagyma,3,6da08ed0fabc66c452c6db9a9e278a842b8db06387aba4df1e4a087136fe82e3
Tesco,Magyar csemegehagyma,2026-04-23,2026-04-29,349,249,False,Hagyma,3,23891057ecc698a1680492a50437bf96fd4955f5e809d3ea7f6a296560f4a9af
Tesco,FEJES KÁPOSZTA,2026-04-23,2026-04-26,189,149,False,Karfiol és káposzta,3,eca468c69403151972e23bfb797f46f12c949699b90d7ba42076d9396ca95f9c
SPAR,Sprint Natura zöldborsó,2026-04-23,2026-04-29,699,499,False,Mirelit zöldség,3,1ffc8856249f98982e7f7159ab173b0bded7b62478ad2b1de0aaebb594c86e1a
ALDI,ALL SEASONS SERPENYŐS ZÖLDSÉGEK,2026-04-23,2026-04-26,839,689,False,Mirelit zöldség,3,7fdc96e012ea29680bbb18cfef805181fe18f5dca1a5d2f538a168b1a8cae277
Tesco,"Iglo gyorsfagyasztott, krémes parajpüré",2026-04-23,2026-04-29,969,699,False,Mirelit zöldség,3,fa3208f51e59f9d88b5706ba13a4f70e400388a289e7582d44682c2362126d61
Tesco,FRoSTA gyorsfagyasztott serpenyős zöldségek,2026-04-23,2026-04-29,999,799,False,Mirelit zöldség,3,55e37b2e0144d9d9b89057d6cf96943a33e3d6c80cdcaf8342197547e5301720
ALDI,HÓNAPOS RETEK,2026-04-23,2026-04-26,399,299,False,Gyökér- és leveleszöldség,3,222900a5e1983850401212d691f1095091e89124926addf0bc4aaefdfd6dfb04
SPAR,Vajretek,2026-04-24,2026-04-26,799,449,False,Gyökér- és leveleszöldség,3,84c32c44d790213ea82ac9e37f5ca5c3fcb33220121071166f27606a1ee4ccea
ALDI,GOMBA,2026-04-23,2026-04-26,899,599,False,Gomba,3,b44a822bf3c82803723b74888f2dd45e51c08cc8cfadc4cd1732e7d40d118ff3
SPAR,Cukkini,2026-04-23,2026-04-29,1199,699,True,Tökfélék,3,106ab16f1918902b4c5871f7270caf21419079d7b7a8c61b22404685b1b89638
SPAR,SPAR csemegeuborka,2026-04-23,2026-04-29,699,599,True,Tökfélék,3,1942cad601ce98963afb7591de53210db9aa8989d3578993214ba18069329227
Tesco,Kígyóuborka,2026-04-23,2026-04-29,499,195,False,Tökfélék,3,af0216b97d39a0bc9c8c842671bf4aad9647cc396d24498020ea4761f6910864
Lidl,Cukkini,2026-04-23,2026-04-26,799,599,False,Tökfélék,3,c5c2aadfc7d1ff7ede82afea7890c251ed2b6aefcc1f8e2332f69de73b7649e3
SPAR,Eisberg Bolero Mix salátakeverék,2026-04-23,2026-04-29,629,479,True,Egyéb zöldség,3,cfcd8c912e214db861b0f0001be87d1a20c2b1f27ca8003c1a5f797d52358b90
Tesco,JONAGOLD ALMA,2026-04-23,2026-04-28,599,349,False,Almafélék,3,8ac58df80f810106a1c23120e014c9dabf853f8fedafbc72a95e9a9261c48d83
Lidl,Bio áfonya,2026-04-23,2026-04-26,1199,599,False,Bogyós gyümölcsök,3,31e9648dd1e3d1e88e7a46305eb955c0af2010247b7f5f912a865be5f8912ff2
Tesco,Tesco eper,2026-04-23,2026-04-29,1999,699,False,Bogyós gyümölcsök,3,308bb0ac3ee12090d82708f9afbdf3192e00a97aa4046fa65509e4711950c981
ALDI,AVOKÁDÓ,2026-04-23,2026-04-26,649,399,False,Egzotikus gyümölcs,3,01e553bf121517669c7c4bc6386b6830e460201fab9a6757ce8f3d030ca201e9
Tesco,Tesco finest avokádó,2026-04-23,2026-04-29,699,399,False,Egzotikus gyümölcs,3,69fc21aa38dc373b45ad9730943cce1a3ee81cca1d492dd7d9fc3ac49cb4c8cb
Tesco,Tesco tölcséres jégkrém,2026-04-23,2026-04-29,269,149,True,Mirelit gyümölcs,3,fa5ad89ccc89ba8f46cab04f596cfbab5e9ad47179e7d4512af18398c4432225
Lidl,BON GELATI Amerikai stílusú jégkrém,2026-04-23,2026-04-29,2199,1539,True,Mirelit gyümölcs,3,0c7295584cc15a6e6913bcc2a6d9865486ed6b5e895ecc9b3eb4262f70684b9e
Tesco,Ripp-Ropp bundásmackó,2026-04-23,2026-04-29,2289,1799,True,Mirelit gyümölcs,3,e162e22e578e35e16b7559af69fd213ee7a81a47f5ccdda5ea39df567bc288e8
Tesco,Carte dOr Classic jégkrém,2026-04-23,2026-04-29,2399,1799,True,Mirelit gyümölcs,3,15105f4e8b5dce1ed69649266fe725a0a0b49706910599b3ebe00df8a2b1c387
Tesco,Pizza Doro Contadina pizza,2026-04-23,2026-04-29,1629,1239,True,Mirelit gyümölcs,3,f7b3bd07a74b87f7c51f9f54def73af5071a578bd7cc9e58aa0a481e3ffd1cf5
Tesco,Carte DOr jégkrém,2026-04-23,2026-04-29,899,669,True,Mirelit gyümölcs,3,5ceb85ec9ebecdc6d28c39ad569eaa03881c5b9e42f54cad83d906432622231c
Tesco,Tesco Stracciatella Crunch dobozos jégkrém*,2026-04-23,2026-04-29,1669,999,True,Mirelit gyümölcs,3,56dfe3405c57060ba1a8171ec21b3242b60b3327857debcbfab384f2f7223c30
Tesco,Magnum jégkrém multipack,2026-04-23,2026-04-29,2529,1999,True,Mirelit gyümölcs,3,a358b5d0f057205e9689964a214896c52ce878fc89407181dda939b60558309d
Lidl,GELATELLI Pálcikás jégkrém,2026-04-23,2026-04-29,449,299,False,Mirelit gyümölcs,3,3f18e9f2ff2ec44566aa2e5572f1a5c730fe2ff21e935914e027364434bda593
SPAR,SPAR nudli,2026-04-23,2026-04-29,699,399,False,Mirelit gyümölcs,3,6e53277499695e589880082988ea697319a361c8fafae400a9cadcb852877cd9
SPAR,Sprint Natura zöldborsó,2026-04-23,2026-04-29,699,499,False,Mirelit gyümölcs,3,e06b0f422bad43106531b18e7d42412090b6800a0bfb999b4708b87d1f11511b
ALDI,ALL SEASONS SERPENYŐS ZÖLDSÉGEK,2026-04-23,2026-04-26,839,689,False,Mirelit gyümölcs,3,2863673f05e3314a7b1425854ed12b592378ef21d78386344be7cad64b6a4fca
Tesco,"Iglo gyorsfagyasztott, krémes parajpüré",2026-04-23,2026-04-29,969,699,False,Mirelit gyümölcs,3,626fab4e154ed97937de2f4d20e047a8e3925acc9c69e4c088d2623399def486
Tesco,FRoSTA gyorsfagyasztott serpenyős zöldségek,2026-04-23,2026-04-29,999,799,False,Mirelit gyümölcs,3,ef7d21aafedb7a2f7b17b45a29a5fd8bbd3338efa1b49db3bc1823482582e8a1
ALDI,MUCCI MINI-MIX JÉGKRÉM,2026-04-23,2026-04-26,1699,999,False,Mirelit gyümölcs,3,4373146c069fcea823855b3cc06a84654da5fb7e3efb6b583c226d34ed5dc130
SPAR,Dr. Oetker Feliciana pizza,2026-04-23,2026-04-29,1599,1199,False,Mirelit gyümölcs,3,b94e3f02f62cffdfc798ac172de7054514c4b23f3a9324ab66f33648dd9fba43
Lidl,GELATELLI Tölcséres jégkrém,2026-04-23,2026-04-29,1699,1199,False,Mirelit gyümölcs,3,20e097ebebd397cf7487f6d7525809f16949bf6fd9a3469e62a691f38bfecbfe
SPAR,Living Foods növényi húshelyettesítő,2026-04-23,2026-04-29,3299,2599,False,Mirelit gyümölcs,3,82acfd5ac3d7885ecdc1d1ebe05021b3e68494b6b64321f25b2889d8381d4422
Tesco,Tesco sertés-marha hamburgerpogácsa,2026-04-23,2026-04-29,1499,1399,False,Marhahús,2,da4588998d691427a7ff857f42a29fbf2442ce36050d58736c55aef381187d29
Tesco,Csíkozott friss marhapacal,2026-04-23,2026-04-29,2699,2199,False,Marhahús,2,16650d05033a945540b63f26339b1feb89401cf1b788a568e670acf5d87f42b1
SPAR,Royal csirkecomb aszpikban,2026-04-23,2026-04-29,529,399,True,Csirkehús,2,e0a514a5313663c0ba09a516e0f45b7fcc789173f609f4583a4eb836b4535a52
Tesco,Friss magyar csirkecomb farrésszel,2026-04-23,2026-04-29,702,649,False,Csirkehús,2,02b76eb70d3feeeb0e33a6a0ccf7d1a315d376ae3404fb3d1bea3948b7bb441b
Tesco,Friss magyar csirkemellfilé,2026-04-23,2026-04-29,1151,1049,False,Csirkehús,2,dbb7befcf8a40aaa2d389ad8856fda1bd8aedb5247a91202dee5cc1078646ec4
Tesco,Grill Master csirkemell,2026-04-23,2026-04-29,2649,2499,False,Csirkehús,2,bf42b8358b05bd4beb39d8adf549240a06aaefe52b5f24fdef96b3873cd308b7
SPAR,Darált pulykacombhús,2026-04-23,2026-04-29,1099,999,True,Pulykahús,2,2c01173c95f25c21928acc86dce5af41767a5718a26df365b76d4c946144eb1f
Lidl,PIKOK Sertéssonka,2026-04-23,2026-04-26,579,389,True,Sertéshús,2,b501da61f2d848efa189bc16ff8cabdec6ee8f5c27b2dcdc0a315a93db3e4300
SPAR,S-BUDGET karaj,2026-04-23,2026-04-29,499,399,False,Sertéshús,2,4704d802941391ae3a59504d3762881ae7981f1dd2c3a2c61205af27ec9dc732
SPAR,Bogádi nyelves disznósajt,2026-04-23,2026-04-29,499,399,False,Sertéshús,2,68cc30610818c1915e904ba4b1bc043b4c0348718a16708a4e904ea6074384fd
SPAR,Regnum sertéscomb szeletek,2026-04-23,2026-04-29,1199,899,False,Sertéshús,2,2a3b9bb82701e0333bc61f42e43cc1df211e553cea743fbc82bf566a8ce04079
Lidl,"HÚSFARM Friss, szeletelt sertéskaraj",2026-04-23,2026-04-26,1079,949,False,Sertéshús,2,af521165f0fab2e180ccd74258273a91291ee538e17f3ce55196308d6be86dbd
Tesco,Friss sertéslapocka,2026-04-23,2026-04-29,1729,1195,False,Sertéshús,2,f1df4dc6feefc45eb9231bd1402ed48070c331a5f0509d40b0e0f08fb7d1baf8
ALDI,HÚSMESTER FRISS DARÁLT SERTÉSHÚS,2026-04-23,2026-04-26,1799,1399,False,Sertéshús,2,afd25a78294aba3b9aca9090336ca14941a152da2f7d881d5a29e713ff49ae5f
Tesco,Friss sertéscsülök,2026-04-23,2026-04-29,1999,1599,False,Sertéshús,2,6bbcc1afb7e168a4694d3bf308d4513734b8cb5d4237aa9c15c8c380f371ca42
ALDI,PICK FRISS SERTÉSTARJA,2026-04-23,2026-04-26,1899,1699,False,Sertéshús,2,efd4f2a7ff7f08a849a10063632ffb0e8c4813cdfcc77c2758f1a4709c35e1b5
SPAR,Norvég lazacfilé,2026-04-23,2026-04-29,4699,3999,True,Halak és tenger gyümölcsei,2,2c30c923a7bbfcef3f7726bd3e5f689f40fabefda04c12a7ca276106ceb4749b
Tesco,SeaFood Hungary főtt garnéla rák*,2026-04-23,2026-04-29,689,650,False,Halak és tenger gyümölcsei,2,2da3edaff9d7b75c7967e3cf2dcaf68dc23d291e1392442578e667535ee7cfa1
Tesco,SeaFood Hungary norvég lazacfilé,2026-04-23,2026-04-29,799,700,False,Halak és tenger gyümölcsei,2,eed901a2e12a8261124ae00b99d976e7db4d68a7ec05bbd85d18ad8b1c824e8f
SPAR,Classic füstölt lazacfilé,2026-04-23,2026-04-29,2199,1979,False,Halak és tenger gyümölcsei,2,9bbd2b985ec39b847e82609f7dc3406a76f9477cf7d5f5dcaae244c1b8e9cab1
Lidl,CHEF SELECT Halászlé afrikai harcsafilével,2026-04-23,2026-04-26,2699,2319,False,Halak és tenger gyümölcsei,2,36e6486f638863deb650a1fe67ee10f61d3ef57b96e4aad405434490ebcb3503
Lidl,Aranydurbincs,2026-04-23,2026-04-26,2999,2399,False,Halak és tenger gyümölcsei,2,ac9dfcc5b0e22960bc04288d526cc7b5b023b5aef2f187e6615026eaf630fade
Tesco,Gran Mare GRAN MARE ALASZKAI TŐKEHALFILÉ,2026-04-23,2026-04-28,1239,799,False,Halak és tenger gyümölcsei,2,f34d08c502342a1639c208b6c44291080e4bfa2c158266345c15f4865d1109e9
Tesco,Ripp-Ropp bundásmackó,2026-04-23,2026-04-29,2289,1799,True,Egyéb hús,2,18b775fdc7e88b8709d3ac6a4a94d7e326e67e1f0fbb73ca90a01a40876f6b3f
SPAR,Living Foods növényi húshelyettesítő,2026-04-23,2026-04-29,3299,2599,False,Egyéb hús,2,06a702a10563c33376bcb8bac0a0b770ec9f721acf08e2e4f5f4938a9f4ed4d6
Tesco,Kaiser mix grillkolbász,2026-04-23,2026-04-29,999,899,True,Egyéb hús,2,7f95599395ecec2f4bceae84cead22ba5fa037425e1a6b04c81b60d6e5651582
Lidl,PIKOK PURE Bajor grillkolbász,2026-04-24,2026-04-24,999,849,False,Egyéb hús,2,8bf068a267a8852fe7ae2e31ee23fdd9f04613a4bfdf3371fc2fbc31858803f5
SPAR,Regnum BBQ csevapcsicsi,2026-04-24,2026-04-26,1399,1249,False,Egyéb hús,2,0ef5bafd521b005bf4fae288e867a2a99e4fbb5e8be488b5a88d5518bca9871d
Lidl,PILOS Kaukázusi kefir,2026-04-23,2026-04-26,379,259,True,Joghurt és kefír,2,dda2c39b8a18b78c669a46f2d6dadd70f2721fb123d380a0f928fa52935efa22
Tesco,"Danone Activia Rost mix&go tejalapú készítmény piros gyümölcsös, chia-magos granolával",2026-04-23,2026-04-29,499,339,True,Joghurt és kefír,2,7b480eaff417cce1cd5ef2c9f312b2ad22cd3905cdf781c750529dd485b93f4d
SPAR,Danone Actimel joghurtital,2026-04-23,2026-04-29,849,549,False,Joghurt és kefír,2,20d4e91f0c6c8fb523b860c40fe28f18da7ad6895259e01a3a5ab6ffc6bdd500
SPAR,Danone Oikos krémjoghurt,2026-04-23,2026-04-29,849,699,False,Joghurt és kefír,2,7ef83d8811fcd88ff21190727843a3a8a8391029fff08781ab6fb6bc82a074aa
Tesco,Arla Apetina feta sajt,2026-04-23,2026-04-29,2219,1539,True,Sajt,2,7b6439d7047794efbc2116a93619ff0eec76266bb2a404efd8eb85dcccefa92b
Tesco,Hajdú krémfehér sajt,2026-04-23,2026-04-29,1799,1199,True,Sajt,2,7bb773ead48275e9d1f69d89cba201171184363ebbe6b46fcb58c5d3383e985a
Tesco,Hajdú darabolt gouda vagy edami sajt,2026-04-23,2026-04-29,1499,1199,True,Sajt,2,96ae753f473ac5ca4dba0bdec620d505387713454b7d8c3f4156bd8f044876df
Tesco,Mizo Anikó sajt,2026-04-23,2026-04-29,5890,3499,True,Sajt,2,7f53e62a27cc6c35cb7ea5bdf336637ed6fd512ca897c95af9be7f2719aeee01
Tesco,"Tihany Friss habosított, laktózmentes szendvicskrém",2026-04-23,2026-04-29,799,629,True,Sajt,2,4d28f97e9e6d19b7cfd663e04643e04996eb4cfbd7be9007a891ef72d0bb284e
Tesco,Szarvasi grill mozzarella sajt,2026-04-23,2026-04-29,799,689,True,Sajt,2,c4442f35b1ed459465cdbc166cc40baa62993bc75b9602a5c36126dd8b639853
Tesco,Tihany Friss habosított szendvicskrém,2026-04-23,2026-04-29,749,479,True,Sajt,2,d77b4ce3555874acffa47b2fa195bc81c71542462626165ab537cbebf22a3823
Tesco,"Lecker ízesített, darabolt gouda sajt*",2026-04-23,2026-04-29,799,599,True,Sajt,2,dfd6cfc37a350746836f00136d14c138afaf0e88751cc1273585159cbf5f0466
Tesco,"Galbani Mozzarella Cucina félzsíros, félkemény reszelt mozzarella sajt",2026-04-23,2026-04-29,949,899,True,Sajt,2,04d38d4b6cb90dfdbdae8cf331aede172e195489b62fe4bbfa749e2b2dfde2b8
SPAR,Cheeseland edami és gouda sajt,2026-04-23,2026-04-29,299,179,False,Sajt,2,6c5f062f4cf883f5946ab1b9d819c5498547f174eb15d3635df89e5e45c879b1
SPAR,Ammerländer szeletelt sajt,2026-04-24,2026-04-26,649,349,False,Sajt,2,30e37b0f7c655ba9367bed1f138ee5d7d5dc3f24931bba03875982bfe24a76e3
SPAR,Szarvasi szeletelt mozzarella sajt,2026-04-23,2026-04-29,689,499,False,Sajt,2,4789bd447c001f37a19f1bfd2cb70d697966738683fca05042a94f12c721a58e
SPAR,SPAR füstölt parenyica sajt,2026-04-23,2026-04-29,759,649,False,Sajt,2,2db76fff77e0ddbfa1487da2ad7bcfec3e671b045fbcf96d6181e4de46e92ce9
ALDI,MILSANI EMENTÁLI SAJT,2026-04-23,2026-04-26,999,699,False,Sajt,2,7bb13c2866f4469847718ccb346e0a35c84a1bf9f07c22969b520ea6348a2e47
Lidl,PILOS Szeletelt gouda sajt,2026-04-23,2026-04-26,2789,2299,False,Sajt,2,eb3b007e3315a93c3df554dac37e1de04a496fe55c67c03f3d220a4b8be7cccc
Tesco,Rama növényi vajalternatíva,2026-04-23,2026-04-29,642,495,False,Vaj/vajkrém/margarin,2,68bec67b73ba39fd7e73f889d21487d3d9e5b70713377397d615ff5d7948c16e
SPAR,Lurpak vajkészítmény,2026-04-23,2026-04-29,1849,1249,False,Vaj/vajkrém/margarin,2,a96e641e52e6a33905ea2d844a7d850f115d7ef16892d81aaf5a99bd54ac78e2
Tesco,Müllermilch tejital,2026-04-23,2026-04-29,495,359,True,Tej és tejalapú ital,2,cd9149364c3abc73552067c3b8b620439e4b70d5863e2cd018fd34562bd4c738
Lidl,PILOS UHT tej,2026-04-23,2026-04-26,379,316,True,Tej és tejalapú ital,2,76f36a5849190cde827dcb85a0f4f1c8aeb602d41c8dd506d34524486be76f42
ALDI,RISKA UHT TEJ,2026-04-23,2026-04-26,299,199,False,Tej és tejalapú ital,2,606325654ca2c9a53b20e470393ccf9410f9df40c5746f9c9e3ecf1547b89a82
Tesco,Kuntej Kunsági dobozos ESL tej,2026-04-23,2026-04-29,329,279,False,Tej és tejalapú ital,2,cc5b80f96a89ddade09347be5dff9cf7010e81b1686ae4854576e994312913d8
SPAR,Tolle UHT tej,2026-04-23,2026-04-29,409,299,False,Tej és tejalapú ital,2,8b7fd0fe5ac54db2070e97b273140ec06254d707e8654f79242396934d35d93f
SPAR,SPAR HAZAI.SZERETEM ESL tej,2026-04-23,2026-04-29,399,349,False,Tej és tejalapú ital,2,dc5f77eed5f06c984aa80658bd73fe8d6eb850787eb686075f0543e390c6d7c3
Tesco,Nádudvari puding,2026-04-23,2026-04-29,299,239,True,Tejdesszert,2,59b3a93d5e199a1ff8f5482897e1a9b961498370f9297deba1b1ad48399f3dc4
Tesco,Zott Cremore Duo puding,2026-04-23,2026-04-29,399,299,True,Tejdesszert,2,20694f4e05458b9f02b7e0066740e0a63130e786f795eb4212df3f07925b8464
Tesco,Mizo Túró Rudi duo multipack tejcsokival,2026-04-23,2026-04-29,899,699,True,Tejdesszert,2,869d79537c7d42ad0742e49eca34cbfa96bb92890b0bb024ef01f359b28bb907
Tesco,Stay Strong puding,2026-04-23,2026-04-29,549,399,True,Tejdesszert,2,337957d3d828f299807de36dba7bec43184695f44c1a9f0765787a26c62871e2
Tesco,Pöttyös Óriás laktózmentes Túró Rudi multipack,2026-04-23,2026-04-29,1899,1299,True,Tejdesszert,2,5484a453639c023576442c26211e7c9200012a6616bed846dad099efe70e1f26
SPAR,Pöttyös proteines Túró Rudi,2026-04-23,2026-04-29,399,329,False,Tejdesszert,2,db70f53cda38e2c31aac58bb1fb8365a0edba170f3eb8b6f4f230aa31484cd35
Lidl,MILBONA Tejszelet,2026-04-23,2026-04-26,689,519,False,Tejdesszert,2,20aacc01823947c102af2fa3e5ea0d76220afe86f80dc73300b5a1cc4ef77282
SPAR,Mizo tejföl,2026-04-23,2026-04-29,449,399,False,Tejszín/tejhab/tejföl,2,e43f9ff385e6bea7ceb63f2192375d3000269d2cd1e2b3fa938773db71e82fc1
Tesco,Hajdú HAJDÚ JUHTÚRÓ,2026-04-23,2026-04-26,379,399,False,Túró,2,6e25e8e4d5761ebb1c5e9d66a2faf09a208d7a91729d0d3c210864b5034980c8
Tesco,KitKat F1 csokoládé,2026-03-26,2026-04-26,1099,899,True,Csokoládé,2,57dbee1b7efe1c0f6ebf0ae96d1d1445289333f3ba5eda2cac9dd3b2ce333587
Tesco,KitKat Ball,2026-03-26,2026-04-26,1499,1349,True,Csokoládé,2,7f8b034c851e01ac05b8127d086db8c15bcfc4822694b5509353b1a030701782
Tesco,KitKat Double Chocolate táblás csokoládé,2026-03-26,2026-04-26,1069,899,True,Csokoládé,2,983c9a1a7aacf2fe4e59e909df44b25e88ea94542aa48c6ba64f62d727239e86
Tesco,Merci táblás csokoládé,2026-04-23,2026-04-29,1699,1299,True,Csokoládé,2,012ad8f19b575ff4ced99f3a696c814932e34a7b8efb36f8065615d2b2b3ef4b
Tesco,Cerbona Rudi zabrúd,2026-04-23,2026-04-29,159,106,True,Csokoládé,2,a9c1d6105b605b3f33ed4a450daf078087e94b195fd68a783aec6282836d7647
Tesco,Tesco táblás csokoládé,2026-04-23,2026-04-29,479,359,True,Csokoládé,2,7b5058d8b5aff59a40b9a23d61f00a25271a4614efbfd962ca36e1cf42c4a3c1
Tesco,Kinder Joy meglepetéssel,2026-04-23,2026-04-29,499,399,True,Csokoládé,2,e137455fea52d48cddbae17daeec9f9e5dbef039a3f064ef1124da1e195624d4
Tesco,Tibi táblás csokoládé,2026-04-23,2026-04-29,599,399,True,Csokoládé,2,8d025c1cc068e38d1bc204a5a3bba2926f8bd59e06f93a4f3affeb53269b0d83
SPAR,Milka táblás csokoládé,2026-04-24,2026-04-26,699,549,False,Csokoládé,2,6ca98af13b1e5cd0321d61fd99294a3c47c4c5b55b71f3ccd310834672775d38
ALDI,FERRERO TÁBLÁS CSOKOLÁDÉ,2026-04-23,2026-04-26,1175,875,False,Csokoládé,2,9cef0ba25b16d58997ea069d96b757f283cc8bdaa965180945e8e0bd70ec642a
Tesco,Manner ostya,2026-04-23,2026-05-20,2839,1899,True,Kekszes édesség,2,1daaeaa02fd86b6e0d32b8d26c0462496beae1d7f070515b4b5230ed3e67e9e0
Tesco,Moments ostyaszelet,2026-04-23,2026-04-29,249,185,True,Kekszes édesség,2,1f90d191c74d5a016f450863d11eb2278ea880500f0330d312bc53d00095527e
Tesco,Kinder Crunchy Cookies sütemény,2026-04-23,2026-04-29,1999,1699,True,Kekszes édesség,2,288e73fe32f1878b324e70ff330cbb82e824945abf1580212fca7796dcca654d
SPAR,SPAR friss tojásos gofri,2026-04-23,2026-04-29,499,399,True,Kekszes édesség,2,2ba44c5c70033d9ccca2edbdae3b1b1dcdc2a66d7545e4ccdb3fb7d0e8c69bc8
Tesco,Detki Tere Fere omlós keksz,2026-04-23,2026-04-29,429,269,True,Kekszes édesség,2,157e1216a8efa1e1d6ed7c68ba2f5aa726e2f08866501e7414aa812b7d909ad1
Tesco,Tesco piskótatallér,2026-04-23,2026-04-29,499,449,True,Kekszes édesség,2,e17c84db303f9203f7be6f29acc0827ec9e4edb56526354fc99eef2e0d0d5b9f
Tesco,Roshen Wafers töltött ostya,2026-04-23,2026-04-29,749,699,True,Kekszes édesség,2,b4f16c77ba51893d67897bc46fb398b9f43c65ad66b4c40247667f3df8ccec42
Tesco,Tesco Free From gluténmentes vajíízű keksz,2026-04-23,2026-04-29,369,299,True,Kekszes édesség,2,7334b6f22377d51ec08ebb92fe3bcaf656520a552a61b9e33a63f5e8dc659532
Tesco,"Detki vaníliás karika cukor hozzáadása nélkül, édesítőszerekkel",2026-04-23,2026-04-29,819,599,True,Kekszes édesség,2,4fb7278397d38980a3d5430bc29d596d47d3cb530721ddf0d1a15a5b80f56928
Lidl,SONDEY Töltött ostya,2026-04-23,2026-04-29,1299,899,False,Kekszes édesség,2,17e82fce0de4da1d0e4526fd7a1a7836d22909f2618bfc189ac22f7a0daeae20
Tesco,Chiqola praliné,2026-04-23,2026-04-29,1299,1099,True,Egyéb édesség,2,1abdd878d6947686b396a8fdacbf710bec8f9c87efeae2a78538328a880c1feb
Tesco,Heidi Bouquet csokoládé-praliné,2026-04-23,2026-04-29,1799,1599,True,Egyéb édesség,2,0efc356e59e767f64953903f549d4eac545d868614b81c3fe35890a2c8e8daf3
Tesco,Ritter Sport tejcsokoládé válogatás,2026-04-23,2026-04-29,2699,2199,True,Egyéb édesség,2,39149fdeb266dbeb93ed52f247180453c65b1feabd854bfc5a8aeff5c7ec4572
Tesco,Merci Together tejcsokoládé válogatás,2026-04-23,2026-04-29,2499,2299,True,Egyéb édesség,2,de1b69edc9f3b61bba7c5d343f95e61597d0cb49d97cf361352a04eaf870163c
Tesco,Merci kókuszos csokoládéválogatás,2026-04-23,2026-04-29,2749,1899,True,Egyéb édesség,2,50f4e11d8ef96a9e019d829aa7db715d85b6099951941ad3636da5da9548de2c
Tesco,Merci Lovelies csokoládébonbon,2026-04-23,2026-04-29,2699,2399,True,Egyéb édesség,2,9dcd799abf948e4bdb578089abd53ebacf74e308be330c9ce5a6826146344af1
Tesco,Kayras pisztáciás desszert,2026-04-23,2026-04-29,1299,1099,True,Egyéb édesség,2,03378981c428a6fa2176d2a007dcad0229710dfa559d3926af7eeb8834931d1e
Tesco,Milka praliné,2026-04-23,2026-04-29,1319,1049,True,Egyéb édesség,2,26471bfedd031bfea01e8ccc1a59b80343a8f519dfa7b89255c61a793b0e8fbf
Tesco,Raffaello desszert,2026-04-23,2026-04-29,2059,1599,True,Egyéb édesség,2,3e42d1c8180dde49a89bbad10e7089926da8b303efb1e085e48520f5fcb1bae0
Tesco,Celebrations vegyes válogatás,2026-04-23,2026-04-29,2779,1849,True,Egyéb édesség,2,5692a9cb9c16c1cfa06143922f20f82265b01c9ed2f56296eccf2fa97c06b088
Tesco,Ferrero Küsschen fehér csokoládés praliné,2026-04-23,2026-04-29,2999,2399,True,Egyéb édesség,2,680973e13794f3763c7b62becfbbe0d12c18c148ae53ed4688caaaf4c9130d82
Tesco,Ferrero Rocher desszert,2026-04-23,2026-04-29,1429,1299,True,Egyéb édesség,2,a79117071265d8b480b73e44f3964acbe7abd769fbf8c274c8833b2d15aa339e
SPAR,After Eight desszert,2026-04-23,2026-04-29,1999,1799,True,Egyéb édesség,2,ee577a2768cb62989e461f6629096c73c66e2bdb967911d43957e9a8de469ba7
SPAR,Celebrations,2026-04-23,2026-04-29,2299,1999,True,Egyéb édesség,2,73a6e46b00b0670ce477bb67e2678d26990fadef485d9529422bac8be6477e39
ALDI,CHOCEUR MOZART-GOLYÓ,2026-04-23,2026-04-26,1299,899,False,Egyéb édesség,2,510951ef23862078f93eabb0b1ad6a3f1a0ca38ab5a90299939484a6496f8587
ALDI,LINDOR VEGYES CSOKOLÁDÉ-VÁLOGATÁS,2026-04-23,2026-04-26,4299,2499,False,Egyéb édesség,2,52dc23b6538e33b6db5466152e4bad70c8791a00826eecfc1cca60baddff470e
Tesco,Marlenka golyó,2026-04-23,2026-04-29,3299,1949,True,Sütemény,2,3429da749b9737db1a00bbc219bb7b79ec9a2b54a3fd2b463af8502b86f20692
SPAR,"Kata vaníliaízű, habos szelet",2026-04-23,2026-04-29,1299,999,True,Sütemény,2,d0013b4c18b0e14567503f6b3553ebd74d6c713683c3f65e1ac98e176558ff85
Tesco,Benei vegyes kis linzer-isler,2026-04-23,2026-04-29,1469,999,True,Sütemény,2,cc060d1ceb67e92c51a7be256a61167c776b36108a082067ce6390d0d35de849
Tesco,Szamos isler feketeribizli-lekvárral,2026-04-23,2026-04-29,1499,1299,True,Sütemény,2,3fda4990e3d6a7a7ee65bee48d01395eceb8df06c4d5ed150f47dc73a6b63362
Tesco,Szamos linzer narancslekvárral,2026-04-23,2026-04-29,1349,1149,True,Sütemény,2,388b0e1e4d7361d7fd2797ac7c5189a496662a613cc882cfa7fdc10121df2257
Tesco,Haribo Hearts szív alakú gumicukor,2026-04-23,2026-04-29,469,399,True,Cukorka/gumicukor/rágógumi,2,2ee64b87eb353cfed0264be7022c09e213ee70cbb9e4e5c835a7bea1f839bdda
Tesco,Trolli gumicukor,2026-04-23,2026-04-29,599,489,True,Cukorka/gumicukor/rágógumi,2,ad79d4cceda5f75e1a4f3db5d69f2e23fb214417d4c64e7e7a7efae9ba8757ca
Tesco,Bens Original főzőtasakos hosszú szemű rizs,2026-04-23,2026-04-29,2639,2299,True,Rizs/tészta/hüvelyes,2,c01608f0961d7f7b6cd7fc36134af0162e3c144ebd185e2f63a3203b3185f9c5
SPAR,S-BUDGET A minőségű rizs,2026-04-23,2026-04-29,605,519,False,Rizs/tészta/hüvelyes,2,46eec2ff7b78944789453dd60bda6ed9a8cf08e3e4e278c12695230359cc1e2e
Tesco,Cornexi zabkása,2026-04-23,2026-04-29,265,219,True,Müzli és gabonapehely,2,33e9a77210d11049c36f760eb648f6263d44c3127b7f8a0e27503bd6930e22fe
Tesco,White Snack gluténmentes kukoricapehely,2026-04-23,2026-04-29,269,219,True,Müzli és gabonapehely,2,df29e7ca725cf102b1d5820500f7c77a35e7b27d9b102dba79254de5417f13f1
SPAR,Corny müzliszelet,2026-04-23,2026-04-29,399,299,False,Müzli és gabonapehely,2,f1043d67f55d9c47ec31b9f13d3af0ee6fab75904d165f1e4eb85e2e8cbc619f
SPAR,Cerbona granola,2026-04-23,2026-04-29,1599,1199,False,Müzli és gabonapehely,2,9574ebb1befa7a51fead6ec39305483212d72b42603d1e1a4c7a5c2c2b79f4f5
SPAR,Himalája étkezési kristálysó,2026-04-23,2026-04-29,1090,799,True,Fűszerek,2,463d002f9106635612c970b4a96c8716ff0ff9a59d5ec31490548d6beb26c00c
Tesco,Maggi leveskocka vagy pörköltszaft-ízesítő kocka,2026-04-23,2026-04-29,839,599,False,Fűszerek,2,3e02fcf94eda9a57fed16d4b3264711f299070c560d37c5f4b94f7c81f45791f
Tesco,Vecsési kovászos uborka,2026-04-23,2026-04-29,2129,1599,True,Savanyúság,3,389cbe461c9ec126f7821d73993b907d51bc2c7a5d2a8a4b9cd3d482a7ef879e
SPAR,SPAR ecetes cékla,2026-04-23,2026-04-29,699,599,False,Savanyúság,3,4fac4f55679a2f342481fe2fcc7c91f7aca8875dc3c81e87f4732fd19005a3c2
Lidl,PIKOK PURE Marhamájas,2026-04-24,2026-04-24,599,509,False,Kenhető krém,3,16f2062027baa2512d6e1de8bb059064f9ee0933b124c88bc7cd60356221d5ee
SPAR,S-BUDGET aprított tonhal,2026-04-23,2026-04-29,1139,999,True,Egyéb konzerv,3,e77a4ea2d2eabc6cde54b74ccec412d8f241e0a59f0441d7d29b07368b5347ca
SPAR,Twist tonhaltörzs,2026-04-24,2026-04-26,1899,1399,False,Egyéb konzerv,3,c74f6cdb78d704a21fe8e0b7e937cefcd33184405b7821253e92c0647017c6ff
Lidl,BARESA Zöld olivabogyó,2026-04-23,2026-04-29,229,179,True,Zöldségkonzerv,3,b7d0ec53cd393ef1df88c2315917099bbfc202dff428d4d74ed0ff42dbb55902
SPAR,Franz Josef Exclusive olívabogyó,2026-04-23,2026-04-29,899,699,False,Zöldségkonzerv,3,523f4ec8d836207b4ee9d920e815f9b2676d14fdada9a12f627a657d9fb9cb70
Tesco,Bonduelle Gold csemegekukorica,2026-04-23,2026-04-29,899,799,True,Zöldségkonzerv,3,a0d2482f92f4b52156d843ba627f970364a16f54deb54ce6bff924c3b4bbda29
Tesco,Globus vagdalt,2026-04-23,2026-04-29,389,369,True,Egyéb konzerv,3,09ca6c1837ae258ccc6c4bfa0d04e7dea62955f79317950ad68f1d0965ead045
SPAR,DESPAR extra szűz olívaolaj,2026-04-23,2026-04-29,2999,1999,False,Olaj és eset,2,65bf5e592621e2a9ad297f90d707bf4631216b4a230ecd95b8e896c71f401a4e
Tesco,Chio Stickletti,2026-04-23,2026-04-29,499,419,True,Snack,2,5cdfc5a57a680c65e8e32b35197cd5398a0c01dc73e191ef93681ff8b23bfce1
Tesco,Chio Hula Hoops,2026-04-23,2026-04-29,499,419,True,Snack,2,7b6acc2071e3e8f0a115f410d9f0c717ad2dbe6827b3eee0b7858fc51425f8d1
Tesco,Mogyi Micro Pop pattogtatni való kukorica multipack,2026-04-23,2026-04-29,699,519,True,Snack,2,7a8441d066da7275e743bc8ae503f66a833f15f17641bf25c9f4b5c015ad832b
Tesco,Csipet Ropi sós kisperec vagy sós pálcika,2026-04-23,2026-04-29,649,499,True,Snack,2,df21acc10bff6daa01828f66672e171ac860d56610d6d340f2b14c9587b0064c
Tesco,Tesco hullámos chips,2026-04-23,2026-04-29,519,419,True,Snack,2,9da3ae180ce3d730b2069d27e7f5b40abe71b54658b130dfa3a54915e4953777
Lidl,SNACK DAY Hummusz chips,2026-04-23,2026-04-29,295,199,True,Snack,2,887215f1761a176db4aae7d5053ed34eef545299af7049a5ebd9add4061782ef
Tesco,Pom-Bär burgonyasnack,2026-04-23,2026-04-29,499,399,True,Snack,2,a6c7e499d831cc4adef6d1f97117db8c029c4fbd65e8e814415a1e0df2ae4249
Lidl,SNACK DAY Flips,2026-04-23,2026-04-29,469,329,False,Snack,2,d89a42d6e9a3d2e70b23705c108411275a7b1c1b0169983b22e97b17d487ed8b
Lidl,CSÍKI Chips,2026-04-23,2026-04-29,399,339,False,Snack,2,98a11197d11074f50c1f7a959bea08e90f4695640ce480dca3c4b36507c91cbd
ALDI,SNACK FUN HULLÁMOS CHIPS,2026-04-23,2026-04-26,749,549,False,Snack,2,e565cde61ad8f3fd88ebb9703c880878ff9d568b05bc9e2ad953277ec227df89
Tesco,Mogyi Crasssh! földimogyoró,2026-04-23,2026-04-29,399,299,True,Magvak és aszalvány,2,8543d5b601f081195254d96359ce42204d3dcb520b83ce6ebdd9d961e2882c56
Tesco,Mogyi pörkölt földimogyoró,2026-04-23,2026-04-29,1399,999,True,Magvak és aszalvány,2,a4d95167bc7a119211ef4623d5c382b7c5b0375af1f507b567d25b1f27049719
Tesco,Knorr bögrés instant leves,2026-04-23,2026-04-29,279,219,True,Instant étel,2,f3a818dad7191a4699c939b8e5c7e62ef787a37805dee01e77745f6fc694988d
Tesco,Maggi instant alap,2026-04-23,2026-04-29,519,399,True,Instant étel,2,6559c459022ae710a12b7bc209aaa8fed42b26f34f799be41b27ff729b60161b
SPAR,Maggi Párperc instant tészta,2026-04-23,2026-04-29,299,199,False,Instant étel,2,daf7cb85f64e230cccd5609c27210ecb47f8b24238be2447c13ef8af2eab436e
Lidl,MAGGI Instant leves,2026-04-23,2026-04-29,749,599,False,Instant étel,2,c6b8636bb6f28615fd74e60959f5039d9c0df34ba371f67e3857d584bb29cd00
Tesco,Univer ketchup,2026-04-23,2026-04-29,2059,1899,True,Szósz,2,5d09482ea6ac67bb9f0b5ad0834bc0227257f845323254c64ed2167115bf31e9
SPAR,S-BUDGET sűrített paradicsom,2026-04-23,2026-04-29,199,179,True,Szósz,2,28d070377e28aa403db4c0d216044270ad8d9b4ab1fbe6859e4a2e4ab5e0bb52
SPAR,Bens Original mártás,2026-04-23,2026-04-29,1189,999,True,Szósz,2,06277ae09394675fdecf5add3fcb6bddd196852a0267235d5937f66085abdfcd
Tesco,Globus mustár,2026-04-23,2026-04-29,1239,899,True,Szósz,2,9811e2d99103a014753743be08d5fe13c6856e528d8dd02df11e0609156567a2
SPAR,SPAR pizzakrém,2026-04-23,2026-04-29,579,449,False,Szósz,2,0abd13e431cc3c0a14587e5f3eeb072d96af75a56f1357ff4aff9b7744b87e4b
SPAR,Univer ketchup,2026-04-23,2026-04-29,1089,799,False,Szósz,2,f57b16ff53fdf4235f15bb607eeec150bf5ed82ababbcfe0d89c3444f8ef2348
SPAR,Heinz majonéz,2026-04-23,2026-04-29,1789,1299,False,Szósz,2,ec19a131891704a639802c2356e15a15ca0eae22e57511cee942651d5a0f4ff9
Tesco,Ms Mollys kakaós kenhető krém,2026-04-23,2026-04-29,899,799,True,Lekvár és méz,2,3811f45c37166e7040e061f4f74794c2d88f5751e38e67ee1f5bfdfa81ff2033
SPAR,Háziasszony extradzsem,2026-04-23,2026-04-29,1099,749,True,Lekvár és méz,2,c2a1574e52c41c5d10e33c9dc84823f700fe574b2fb74a03631130ea4080083b
SPAR,Lekvár,2026-04-23,2026-04-29,1599,1249,False,Lekvár és méz,2,1bf607ca0db3795e89065038ad09406845eaf3fd2731a60a4198fc629ce4ef70
SPAR,Magyar morzsa,2026-04-23,2026-04-29,649,549,False,Sütési alapanyagok,2,e113a856bccd619c676cb9bce2b06cb096577185932d767aacec07ae4c7abc58
SPAR,Thymos holland kakaópor,2026-04-23,2026-04-29,1149,999,False,Sütési alapanyagok,2,6e8db55ed8393259967e39554fa1a67ffa37f4b3b2a76e917c8022083300b402
SPAR,Zalai kovászos cipó,2026-04-23,2026-04-29,829,599,True,Kenyér,2,91c511f3a87a47b87d21dfbe4f34bb4c13807a27547d67b6341f87ae53ddcd8b
SPAR,S-BUDGET toast kenyér,2026-04-23,2026-04-29,369,299,False,Kenyér,2,72b511b0bbf4a1af6cf84813fbeb3feea0aa64a59bc15ee070cb11b6aa8e1e87
SPAR,Magvas cipó,2026-04-23,2026-04-29,599,449,False,Kenyér,2,fe92062b151b2bd14d4476f28904a667a7141375c043ff8a3f801cc6a8b15276
SPAR,Durum vekni,2026-04-23,2026-04-29,649,549,False,Kenyér,2,e14f64a818b61e5255fbdcd6acb093277c25de9fb4b5df7ab3d852c8ffde68ec
SPAR,SPAR fonott kalács,2026-04-23,2026-04-29,699,499,True,Friss pékárú,2,4a0f26a0b4ecd69650cfb54cf0269dbb96e82613ad6e06aa65db880f8c71a70b
Lidl,Pizzás csiga,2026-04-23,2026-04-26,259,169,True,Friss pékárú,2,b07c50cc610d6fd9527e89f8a43f1591171493018319e121fc9b8c6bb4cd561d
SPAR,Csokoládés rúd tejkrémmel töltve,2026-04-23,2026-04-29,199,149,True,Friss pékárú,2,b441068e82a1ebb3a51b76c200095b5fa59b6bfa8b3ae03f13855886a17e940c
SPAR,Retro kifli,2026-04-23,2026-04-29,139,95,True,Friss pékárú,2,4a4e4d74791d1ebd1c6389064b89b4750958add67defbe56d3d4ea6f5a0b5b5a
Tesco,Jaus hamburgerzsemle,2026-04-23,2026-04-29,1249,799,True,Friss pékárú,2,5dd4b95769e08ce2b75b3da935a6da1d3e84ea06a6d59c172f657f9cf9d41463
Tesco,Cake Mania Buns csokoládékrémmel töltött molnárka kovásszal és csokoládés töltelékkel,2026-04-23,2026-04-29,1029,799,True,Friss pékárú,2,a25be496316d705cf25199de78c4905823e4efe9ea6d4fb09d4b0f593a20fc6a
Lidl,Sajttal szórt pogácsa,2026-04-23,2026-04-26,165,119,False,Friss pékárú,2,22a898ef076ba696bbd54b3f01f856f4421fddd76405c3a9c4ef2c53bc5f009e
ALDI,AZON MELEGÉBEN MÁJAS KOCKA,2026-04-23,2026-04-26,209,129,False,Friss pékárú,2,2b9e6b67627cf5d31497478b2143dc3de7dfd6380a62e4b61f452a5f0da34a8c
Lidl,Purpur stangli,2026-04-23,2026-04-26,199,139,False,Friss pékárú,2,2c06bbbdf491ebdbb09c7bee73d837857d59529b09f6cef1d087a62acb87f703
ALDI,AZON MELEGÉBEN PURPUR® SZILVÁS PÁRNA,2026-04-23,2026-04-26,259,159,False,Friss pékárú,2,241c655d7e095686a2b6e594e3c43798a8278202dc9735f14d3c94a8f788296f
Tesco,7days croissant,2026-04-23,2026-04-29,289,217,False,Friss pékárú,2,21875ce9fafc945a65cdd96e1eea9ef07f1395b44a87a4eefbadf8ffffccadb0
Lidl,Pisztáciás kovászos croissant,2026-04-23,2026-04-26,329,219,False,Friss pékárú,2,67332144ade0eeedbe9cf10365b578cbfe51766f2967f10a15fb2fb121ac9cc6
SPAR,Rost&Protein snack magvakkal,2026-04-23,2026-04-29,259,219,False,Friss pékárú,2,b0c13f6b313637040935ab5b2d77ac58fa9a9780cae5ef03db281073163ebd64
SPAR,SPAR grillkolbászos BBQ-rúd,2026-04-23,2026-04-29,299,249,False,Friss pékárú,2,de1f9d517c07ef60969788ec31b755d88b1d3f3e447964e2f63ecd318ef9debd
Tesco,Bécsi perec,2026-04-23,2026-04-29,399,299,False,Friss pékárú,2,38ebe49f0fd61a1b8f51d9b17e79916f32eff7e26d10614070ce47d79523940f
SPAR,Sajtos bagett,2026-04-23,2026-04-29,499,399,False,Friss pékárú,2,577d179558d07590f2d3cf67c9d4c50ff3a794b162f9bf0449ccd1303bb872bb
SPAR,7DAYS multipack croissant,2026-04-23,2026-04-29,999,699,False,Friss pékárú,2,37892a006dac630578b8b296e96105c6ad6aca671ba4f55424bd83b9337e01f6
SPAR,SPAR veggie pita,2026-04-23,2026-04-29,899,749,False,Egyéb pékárú,2,a79801ecd76e16a707687539ced01fcf72b131f99688668fef08ba8b9bf7fdcb
Tesco,Pizza Doro Contadina pizza,2026-04-23,2026-04-29,1629,1239,True,Mirelit készétel,2,748fc312037811328fa605ccf839da4162c7a0e2f6f9d16dcb3b1f706700c094
SPAR,SPAR nudli,2026-04-23,2026-04-29,699,399,False,Mirelit készétel,2,d4c7bec3ec1e4717a633bea384a7913c3365c2bba5ae2c05fc530ad50205b4ed
SPAR,Dr. Oetker Feliciana pizza,2026-04-23,2026-04-29,1599,1199,False,Mirelit készétel,2,b15acfbc42b6f548f2fd0269eee7b9b663227c028474ede184239316134c398e
SPAR,"Regnum Olasz, Zala felvágott",2026-04-23,2026-04-29,399,319,True,Felvágott/kolbász/szalámi,2,345f2ba0873221926c9d157695762a6d27eae5eb749cdaca9940305308117aa4
SPAR,"Regnum hámozott frankfurti virsli, cheddar sajtos virsli",2026-04-23,2026-04-29,769,599,True,Felvágott/kolbász/szalámi,2,8f5d027b69547c9a8f4d7f25c4838e1ad4fa533519db402323f510008d2cbc35
SPAR,Regnum csülök felvágott,2026-04-23,2026-04-29,329,239,True,Felvágott/kolbász/szalámi,2,dc03f2363fbc73ef8a039d33a260dd53399b1b4598fb44756c392a3c2c24a863
SPAR,S-BUDGET dán szalámi,2026-04-23,2026-04-29,499,399,True,Felvágott/kolbász/szalámi,2,b7ec6dc48def13e5095dc99d5b53e3342f86e5300da265dcdc9d032c76e3d914
SPAR,Regnum frankfurti virsli,2026-04-23,2026-04-29,1279,999,True,Felvágott/kolbász/szalámi,2,f5a5ea17c229330b9a9e6c1ed4b942aa3271818901d4a91c651ffb4e7c35acfd
SPAR,Pick Rákóczi szalámi,2026-04-23,2026-04-29,799,599,True,Felvágott/kolbász/szalámi,2,8706206cb4a2a6e14c19720ec4e665ec54cf506745bce26665bfce91ad9dc552
SPAR,Pick Pickolino roppanós virsli,2026-04-23,2026-04-29,1389,1089,True,Felvágott/kolbász/szalámi,2,3bec7a28e6fceecbfd589633c877c79de080814b424f8ca2b83cf46eb3daee68
Lidl,PIKOK Diákcsemege,2026-04-23,2026-04-26,449,299,True,Felvágott/kolbász/szalámi,2,37c41aef142b8beb7e62c2d656b78088f6f725275139007df230298e1c436247
Tesco,"Privát Hús füstölt-főtt csemege karaj, -tarja vagy -sonka",2026-04-23,2026-04-29,599,399,True,Felvágott/kolbász/szalámi,2,2f13cc170ab72a8ef3db435500c0da9519c2b8aae04bb32b1b9c1ef98940fcb1
Tesco,Master Good füstli,2026-04-23,2026-04-29,629,429,True,Felvágott/kolbász/szalámi,2,f0f4ab41ced52ecf1f3f7af9b1ad75c86c73aa44bff33eff23b483e050df68d4
Tesco,Kometa Útravaló szeletelt felvágott,2026-04-23,2026-04-29,599,500,True,Felvágott/kolbász/szalámi,2,b15c07e533f8eb47d546817fe9ca60003192ecf266c45f541ceb6e08b5692eb3
Tesco,SNACK!T Exclusive Kabanos kolbász,2026-04-23,2026-04-29,1589,899,True,Felvágott/kolbász/szalámi,2,d8300875bc7b48c2de0e4f5b86e4c91ab51f9878a72b3116c699ad55089b1d25
Tesco,Finonimo lángolt kolbász,2026-04-23,2026-04-29,1599,1139,True,Felvágott/kolbász/szalámi,2,07364413e117874e08ecb15f2f3c7361479771c17190c8940c44098ce4985f7b
Tesco,"Kometa Kemencés sült csülök, tarja, sonka vagy karaj",2026-04-06,2026-05-24,799,549,True,Felvágott/kolbász/szalámi,2,8e3bea9b9eb84bf6ee0804447a0061ca55e4048ba00f77f616a0f4c83db20499
Tesco,Tauris szelet,2026-04-23,2026-04-29,359,249,True,Felvágott/kolbász/szalámi,2,fb332f0ad8eadff98306e45d6ca187367b679c467db6d1757a0f6697d9677099
Tesco,Privát Hús bécsi roppanós sertésvirsli**,2026-04-23,2026-04-29,799,599,True,Felvágott/kolbász/szalámi,2,6d05c08160ecfb3d1fe282490fb5886a7b0d48fecba2249f7f9ff4ec9e8f0871
Tesco,Kometa Zselici szalámi,2026-04-23,2026-04-29,2499,1999,True,Felvágott/kolbász/szalámi,2,3789afbd08aed5ccb87383ca19afcf7eb0c05659febcd51f33f91a5bbd2993da
Tesco,Pick szeletelt téliszalámi,2026-04-23,2026-04-29,899,649,True,Felvágott/kolbász/szalámi,2,173cb663014fb87c5721a8a4ecf5ae36d0e0286b5601441782f748d2b2e5856f
Tesco,Pick Fresh Corner hot-dog kolbász,2026-04-23,2026-04-29,1799,1399,True,Felvágott/kolbász/szalámi,2,7d91ab2fa6a1b20dc6547dca4327d026a3411aa302cd5e11a283d01346c1bf36
Tesco,Hajnal Hús lecsókolbász,2026-04-23,2026-04-29,229,149,False,Felvágott/kolbász/szalámi,2,178bede5b717d7ec852cd4c7c3aebcbcbc3ce89ffc4fc6e89d47c1405bfcb685
SPAR,Regnum lecsókolbász,2026-04-23,2026-04-29,259,179,False,Felvágott/kolbász/szalámi,2,cb73302a3e0692ceb6c672968148c410e0affa5ca5506cf96e6eb635ca9806b0
Lidl,PIKOK Piknik szelet,2026-04-23,2026-04-26,429,299,False,Felvágott/kolbász/szalámi,2,764771f8db77f6d3b2620dd7bfe6406f4767de6a88be3b04533401b029c266df
SPAR,SPAR csirkemell sonka,2026-04-23,2026-04-29,425,359,False,Felvágott/kolbász/szalámi,2,228d1cef4722c7a2295d6126ea9a6e118afe439d5cda0f11768a51abb9bc7dad
SPAR,Regnum Turist,2026-04-23,2026-04-29,499,399,False,Felvágott/kolbász/szalámi,2,bde743af0b6be11406d262322779c224c1523522184f3e6f2fe72d53dc5333cc
Lidl,PIKOK Sült sonka,2026-04-23,2026-04-26,579,399,False,Felvágott/kolbász/szalámi,2,d7ddc0fe37264788916e6c550b2946a6918bca74bac18de6aadb4a84f202c1bf
Lidl,PIKOK PURE Sertésszalámi marhahússal,2026-04-24,2026-04-24,499,424,False,Felvágott/kolbász/szalámi,2,9e1d72764979fe2fba5d9d972a01f38bb2e41b51a4c052d4c8b8f0bfece53926
Lidl,PIKOK Virsli cheddar sajttal,2026-04-23,2026-04-26,649,429,False,Felvágott/kolbász/szalámi,2,d8601ca7808920c30f2d0ae728f3683a9b89c59581060e4a86624f56a5176675
Tesco,Pápai Hús sült prágai sonka vagy extra sonka*,2026-04-23,2026-04-29,499,429,False,Felvágott/kolbász/szalámi,2,525cb7da37c4ef06b5baf3e1286908cd2a9de8a9d6d903410091b553826a0496
Tesco,Família Harmónia rúd*,2026-04-23,2026-04-29,569,429,False,Felvágott/kolbász/szalámi,2,73b87f2cc93c5f9b494871093a250f9a5e26827a8d66a3975ae80ac38aa200e9
Tesco,Bogádi füstölt kolbász*,2026-04-23,2026-04-29,649,439,False,Felvágott/kolbász/szalámi,2,e414e5b12ba4cff51275b766ab758877dafecd2f6eeb570ae1667adc1738a102
SPAR,Regnum Mester sonka,2026-04-23,2026-04-29,579,449,False,Felvágott/kolbász/szalámi,2,0ebc07ee9080c500bfad0773b03f3ef22e6e6ce826542975e6f5a7d2edab4130
Lidl,"PIKOK PURE Füstölt, főtt csirkemell",2026-04-24,2026-04-24,549,466,False,Felvágott/kolbász/szalámi,2,cdc19ff3c6c30d128394271af952c4d8bbb03453f5054db81425505714551b29
Lidl,PIKOK PURE Erdész szelet,2026-04-24,2026-04-24,549,466,False,Felvágott/kolbász/szalámi,2,5fa7cd32aa2ced2d213af4b90b4360aee8718d34e788d7fec67e90587debee96
SPAR,SPAR parasztkolbász,2026-04-23,2026-04-29,599,479,False,Felvágott/kolbász/szalámi,2,109820a4e539ee0148807e11b3d07ec7d855467219cc05410b32da2fc4eb8809
Lidl,PIKOK PURE Sült sonka,2026-04-24,2026-04-24,599,509,False,Felvágott/kolbász/szalámi,2,e1440facde4014a572b69d672f0118971d88105d39c1fde78e69923f6159cfc8
Lidl,PIKOK PURE Sertéscombsonka,2026-04-24,2026-04-24,599,509,False,Felvágott/kolbász/szalámi,2,b5d50a3c53323b66e058d1deee95965423483d1ea008220bcdf77166ec225d50
SPAR,Gyulai kolbász,2026-04-23,2026-04-29,849,579,False,Felvágott/kolbász/szalámi,2,2e49ae0e7ca9758104129302df5e7b6e4d76e9f0df04fd702f7d3fd4e5050f6b
SPAR,Chorizo,2026-04-23,2026-04-29,899,699,False,Felvágott/kolbász/szalámi,2,3a032d7078520c1bcf5337e2f3432249a93121bbb66e04a98232cf26feb236ab
SPAR,Csabai snack kolbász,2026-04-23,2026-04-29,899,699,False,Felvágott/kolbász/szalámi,2,7ead8ff84bbe95baa26fd668c542c8cb8aa4b7a6354418de06411019cdf4c899
Lidl,PIKOK PURE Bécsi juhbélben,2026-04-24,2026-04-24,899,759,False,Felvágott/kolbász/szalámi,2,4956d233a54b957c38c5d28e354adeb2e6e8fbecb9c1c715593f1672d8ed2377
SPAR,Pick Báthory szalámi,2026-04-23,2026-04-29,999,799,False,Felvágott/kolbász/szalámi,2,974426ca578357462e7dc6bdf4fcb8c3faa7dd2167487ca5aa120fc1a154df94
ALDI,BÉCSI VIRSLI,2026-04-23,2026-04-26,1399,999,False,Felvágott/kolbász/szalámi,2,ab98545f84388e2af233b88d582bf9874c2158e8ad3844a5a0fd8abfafc0a31b
Tesco,Tesco spanyol stílusú nyers sertéskolbász,2026-04-23,2026-04-29,1199,1099,False,Felvágott/kolbász/szalámi,2,a1dba1379d102199c02345275f511f44433ce17930134cf55ef871256326ae55
SPAR,Wiesbauer Prémium bécsi virsli,2026-04-23,2026-04-29,1999,1399,False,Felvágott/kolbász/szalámi,2,cb3d7dbee15829b879d5789ccf5d735fe6c8dd060b3ef0d4fd1c283c582f1ea7
SPAR,Pick téliszalámi,2026-04-23,2026-04-29,9889,6999,False,Felvágott/kolbász/szalámi,2,eeef76bbe13b6a7012e0157c0cb2225b7ec3970c1ad6a6d4c2064f90ef903efa
SPAR,"Libazsír, kacsazsír",2026-04-23,2026-04-29,629,529,True,Zsír,2,a6d9d5d6da14c8bd9f4b41e51685b1977a04d81cbabd1e824acfaaf46dde3ef9
SPAR,Regnum rakott erdélyi szalonna,2026-04-23,2026-04-29,529,399,True,Szalonna,2,a4efc085cc33832a9306ec5993d7d454c20ce3f5356fed0d05f03da5d5f075a9
Tesco,Kometa Kemencés sült császárszalonna,2026-04-06,2026-05-24,1689,1199,True,Szalonna,2,fb35be775641b4e9b325e848b90b3043a786bb7f7790c8a83f822b0eb386f79a
Tesco,Füstölt csemegeszalonna,2026-04-23,2026-04-29,359,269,False,Szalonna,2,5de3a5cafe64c46fc7a76c300738c4f6629ea2251ae4ba53bf25f1ec7d66ab4d
SPAR,Regnum füstölt kolozsvári szalonna,2026-04-23,2026-04-29,499,399,False,Szalonna,2,313a3c451806fb3732ec214ddd0c3a6187c6c1afa47b06039726567326c0b639
Lidl,"PIKOK PURE Főtt, füstölt császárszalonna",2026-04-24,2026-04-24,569,483,False,Szalonna,2,7ae02e62ffd679bde3974c9ac5d1da8b26585f4342faf4241e56cf296f61f570
ALDI,SZELETELT BACON,2026-04-23,2026-04-26,719,619,False,Szalonna,2,08b0d516f3b02f4cb866a9fe8bff6eab4d0a45eb57b1bc21be8c8a07f37ec811
Lidl,PIKOK PURE Füstölt hátszalonna,2026-04-24,2026-04-24,2399,2039,False,Szalonna,2,06654389a45d50901fd3a51d34678aecc01924f15d2184af4400d0b219d65a18
SPAR,Heppy Chef csikós tokány,2026-04-23,2026-04-29,1499,1199,True,Hidegkonyha,2,03e6915394855c8d5325d414e0f4a3a1b479c9ad725438504f8379ef20f78e63
Lidl,HAZÁNK KINCSEI Magyaros levesek,2026-04-23,2026-04-26,899,599,True,Hidegkonyha,2,74c1763c51ca9a554b8956b46bde4365e70c242f2fe9b5614c09fd519425efd5
SPAR,Céklás káposztasaláta,2026-04-23,2026-04-29,999,699,True,Hidegkonyha,2,a330a259639da5ad4b7c67b39ac4398c26f0d890121f6a7796065b0315b916e6
Lidl,CHEF SELECT Salátatál,2026-04-23,2026-04-26,999,749,True,Hidegkonyha,2,9bba05655141763ed88920044817d3bbfd78f37ca2b528a68de20d92a1a699ec
SPAR,SPAR enjoy. almás-sajtos kukoricasaláta,2026-04-23,2026-04-29,799,599,False,Hidegkonyha,2,c2554e4f5b11b49b7e9834709117b775251f70b263771d5d238f07c0e2c7b7a4
SPAR,SPAR enjoy. BBQ csirkemelles szendvics,2026-04-23,2026-04-29,1099,799,True,Hidegkonyha,2,d3fc96c0acaf885605d0bb66c40627ae3a8a0034c90f9aa1c165bfcd56fa35e4
Lidl,CHEF SELECT & YOU Réteslap,2026-04-23,2026-04-26,249,149,False,Hidegkonyha,2,0a8389ab8498f4abd32fdfe8bdcb603063092dc84d842afb8e7147f9125ac7d0
Tesco,Piroska üveges gyümölcsszörp,2026-04-23,2026-04-29,899,599,True,Szörp,2,55cc6d10fcd912eb1864885ffbe9a36bc0120e7ef2d1cb7bf48b279f66828171
Tesco,Cappy Ice Fruit gyümölcsital,2026-04-23,2026-04-29,739,579,True,Gyümölcslé,2,779a9437b5ca9e77836116fc4b97bd67eba8e0146b80568ec4a087938f6d1b13
Lidl,SOLEVITA Narancslé,2026-04-23,2026-04-29,695,479,False,Gyümölcslé,2,1338bfb88ec0c229b673f4c91c4984b29b15c668649fbe8a8d24e55f9a710c65
ALDI,RIO DORO NARANCSLÉ,2026-04-23,2026-04-26,695,495,False,Gyümölcslé,2,acabaff56cc77c42411ff7603844ed717be86f0f537514ee6ae6eaa2c50e8165
SPAR,Loyd tea,2026-04-23,2026-04-29,739,649,False,Tea,2,c289c8a38981da88e3dd9d7c02977b192389c3d5998f3b73fce78f94de993eec
SPAR,Lipton tea,2026-04-23,2026-04-29,1649,1099,False,Tea,2,9c772ce24e9b89f5961528cf09d15742b831d1f376a13d3014f7494c68fa1d7c
Tesco,Kinley szénsavas üdítőital,2026-04-23,2026-04-29,759,629,True,Szénsavas,3,f6234a4edc6eb954d42587d07211ec33f5b387ff5f418275a73b0c365d718b31
Tesco,Márka szénsavas üdítőital,2026-04-23,2026-04-29,499,315,True,Szénsavas,3,bb99c616ce7db4b43cb4b86c2a6d4ddb4d350c741efc7018e3d7d680e4cb16b2
Tesco,"Coca-Cola, Fanta, Sprite Coca-Cola, Fanta vagy Sprite szénsavas üdítőital",2026-04-23,2026-04-29,759,659,True,Szénsavas,3,e9127843c7774d0f8d84a0796d01e6cd50fba9141dfc58ce4325019b55cd52e9
SPAR,Pepsi szénsavas üdítőital,2026-04-23,2026-04-29,534,499,True,Szénsavas,3,059bfdbab4840bf38b250479b60ef624aac7807b6a647a2f08be29f582345311
SPAR,Márka szénsavas üdítőital,2026-04-23,2026-04-29,599,359,True,Szénsavas,3,134bac73f7b9d2346ec9336c58068fb42a4a404bb57033ed1a0beac3aa3cbfad
ALDI,PEPSI SZÉNSAVAS ÜDÍTŐITAL,2026-04-23,2026-04-26,799,699,False,Szénsavas,3,1900499d8cbd334ecb0bf428d54262c0d0fd0829f6e0fdea9e38df2e02241c9a
SPAR,"Coca-Cola, Fanta szénsavas üdítőital",2026-04-23,2026-04-29,919,779,False,Szénsavas,3,439a80d0e8e1b0fff1d09b01a123a1822d71dd4dd24f0595ad1d092073837cce
Lidl,SOLEVITA Aloe Vera ital,2026-04-23,2026-04-29,449,329,True,Szénsavmentes,3,f1fb87c6411a59b9f63a906ba0636dd75b29d5271b13638007c4651a62e87a38
Tesco,XIXO Ice Tea,2026-04-23,2026-04-29,449,359,True,Szénsavmentes,3,c30b4d74826003f7f425e600a5f93fa9678ff16959fcee874c4e7183cf6a030d
SPAR,Nestea,2026-04-23,2026-04-29,589,419,True,Szénsavmentes,3,d222cc5b2b6208020fb3a917c0c83a1727d8d7341d4a5ec1fc6c9fad9ae4458c
Tesco,Monster energiaital,2026-04-23,2026-04-29,599,459,True,Energia- és vitaminital,3,ec7245efd439f311a567b2c4f9b85030a4767096864e11bb917fef33b7fc40c0
SPAR,"Hell New Generation koffeintartalmú, szénsavas üdítőital",2026-04-23,2026-04-29,329,259,False,Energia- és vitaminital,3,e40393ec68e6c1c6a92ceb0d7de019a55a584c2e163d76b33b63b374c3af91d3
Tesco,Nescafé instant kávé,2026-04-23,2026-04-29,3499,2999,True,Kávé,2,999d6a769149146a1e4245454a3562f60a715ab0d780c05ac3aba08ec8cf4c5c
Tesco,Nescafé Farmer Origins Nespresso kapszula,2026-04-23,2026-04-29,1499,1199,True,Kávé,2,bcba5c9f6f1aef63e174e36ada4e2ffb23b9e7384aad151a519237e61187aeee
Tesco,Segafredo Zanetti Intermezzo őrölt pörkölt kávé,2026-04-23,2026-04-29,2099,1699,True,Kávé,2,09358515cd932b608e25440fed052848c428b1b667405cd00ac0eee92ebd13d3
Tesco,Eduscho Caffé Crema pörkölt szemes kávé,2026-04-23,2026-04-29,6499,5990,True,Kávé,2,1dbb05b7fe5556ac6f0add5a563ee802d3dfd27e4cea458a5a973ccddc8c11f6
SPAR,"Tchibo, Eduscho Tchibo Gold Selection, Eduscho Family instant kávé",2026-04-23,2026-04-29,2099,1699,True,Kávé,2,142c0ca033c77878e888ed8e81a1e3b00a05dd40fd7e8930b6e17e9d797079f7
SPAR,Cafe Frei őrölt kávé,2026-04-23,2026-04-29,1999,1799,True,Kávé,2,6bc04efeac656e7941b84b48880c07e3d11cf047abf61ce0b997b6f7d8fc8d13
SPAR,Tchibo Cafissimo kávékapszula,2026-04-23,2026-04-29,5199,4399,True,Kávé,2,9294a1ad56c79ef2c84cdca129ab823571e8afd20af20d5af58322cce1a00464
Tesco,Nescafé instant kávéspecialitás,2026-04-23,2026-04-29,2199,1899,True,Kávé,2,078882467cf9312331c2fddfed4eacd9aa951c54c52aef2765005be0ab601487
SPAR,Hell Ice Coffee,2026-04-23,2026-04-29,399,299,False,Kávé,2,b4ae2dfe5234ebd608e16fe591c3c344ca5c271e6dd3c63dae5b930249da7302
SPAR,Maci gyerekkávé,2026-04-23,2026-04-29,1199,949,False,Kávé,2,e9ffac0a9135b7ffbb00e9fc8ace1696f13e488a54da9b272a46813884a426cf
SPAR,DESPAR kávékapszula,2026-04-23,2026-04-29,1699,1499,False,Kávé,2,03950b7ad8e982568ce43d2769213fa5bfae72cb998325d5c0ca735f643d5c8d
ALDI,BARISSIMO INSTANT KÁVÉ,2026-04-23,2026-04-26,2049,1649,False,Kávé,2,85d4e32db8025fcc87f82b344aeca7435dd88489f50631c6ce8274537dbcc29d
Lidl,BELLAROM Szemes kávé,2026-04-23,2026-04-29,4999,4199,False,Kávé,2,f3c8fa82c0772b0932b982b466c7f3be9be5f32f4559c90faa85795bd4a29325
SPAR,"Tchibo Espresso Sicilia szemes, pörkölt kávé",2026-04-23,2026-04-29,5399,4499,False,Kávé,2,e9ed6f3f8b2a96b241c7bb94d3441b0902158b9b243a7abc10b15bcd5cb20596
SPAR,Alpro cukormentes mandulaital,2026-04-23,2026-04-29,4299,3199,False,Növényi ital,2,ca6600fd386c8987c796fc0c5e529f737f5c3d0b3e92e85fe5bf6930d08f0a70
Tesco,Naturaqua ásványvíz,2026-04-23,2026-04-29,159,132,True,Ásványvíz,2,2eca247f4d8c50bbf98e2c19562e266f68b8e22b1c156e19eb949d1653bd3739
SPAR,Szentkirályi babavíz,2026-04-23,2026-04-29,249,219,True,Ásványvíz,2,40407050c3d1aa5083b96e521cfef3e10725c6765f7a5b0eafa1220c8ab27118
SPAR,Jana Baby ásványvíz,2026-04-23,2026-04-29,349,249,False,Ásványvíz,2,b840a70b19cf7ba19e1e3e91f2cd8ef4068d9b94b8ea76382ebc84943f4bc448
SPAR,Jana ízesített víz,2026-04-23,2026-04-29,599,439,False,Ásványvíz,2,cea9ca2cd697d79a6ef9fbc50d41adca698fc0b747c466c0f6c82219fc379019
Tesco,Hilltop Kamocsay bor,2026-04-23,2026-04-29,2599,1999,True,Bor,2,c4e9759870960e3719c1750aa0a655b964543e15a58d0f47e858505281bac564
Tesco,Pannonhalmi Főapátság Tricollis Rosé,2026-04-23,2026-04-29,3519,2699,True,Bor,2,bb4480252f0d5b191318facddd25227dbdce2ce59a7dbf93c419b769cd2318f4
Tesco,Dúzsi Szekszárdi Rozé Cuvée,2026-04-23,2026-04-29,1999,1699,True,Bor,2,b16bc1a78d235d122abbdce9cc7a14885b1a489e15f642e8c0f57f49331dbbb2
Tesco,Tokajicum Sárgamuskotály,2026-04-23,2026-04-29,2199,1699,True,Bor,2,84c67e23882fb981cfcbea9b636f43dc31a6a944a34660dd2156107eb51c28bb
Tesco,Tesco finest Viña del Cura Rioja Reserva,2026-04-23,2026-04-29,3499,2799,True,Bor,2,6971a57fff26923a677165d482c34005d328d32b1914547c1ace875f5699b2fc
Tesco,Ostoros Birtok bor,2026-04-23,2026-04-29,1399,1149,True,Bor,2,7bbd394e49d15c9d43a7bcd8fa751cfc9e663538f6d1fdf00f0fca50a7b3dc27
Lidl,Balatoni Rosé,2026-04-23,2026-04-29,949,379,True,Bor,2,dd942a2cd76aa432bd5511050d9b5d24d7ff409f46f2b05bbf07cc97be02768e
SPAR,"Thummerer Egri Bikavér Classicus száraz vörösbor, Tréfli Cuvée édes vörösbor",2026-04-23,2026-04-29,3699,2699,True,Bor,2,8c810bfbc828e7190ec8c715ef6a9cdc5228b440bb9189612a5791d1d06bfb5e
SPAR,BB Rosé Cuvée,2026-04-09,2026-04-29,1569,1199,False,Bor,2,596a3112815acb4a36a81b2241bc0842042403719cb8c0f9ee8d14e118e65f5b
SPAR,Koch Oli Irsai Olivér,2026-04-09,2026-04-29,1499,1249,False,Bor,2,8e87318e579d697c6335b9deb5454e276dc5243a8fb2cb7d976b62aa3be88d1b
SPAR,Soltész Rozé Cuvée,2026-04-09,2026-04-29,1599,1299,False,Bor,2,712d2776ca2a0955d2946d1cf19d45b570a8e6f48c69722119adca9d903e3f21
SPAR,Kamocsay Prémium Chardonnay,2026-04-09,2026-04-29,2599,1899,False,Bor,2,71c58e7ad2277f2c32bf9d646699526ac257b0ae1ecaf86c654489b34fed3684
SPAR,Takler Kékfrankos,2026-04-09,2026-04-29,2599,1999,False,Bor,2,f8994bed57d453460a13cd9d7e6a36347d4c2795ac66e27dc885c0290c039db5
SPAR,Vylyan Ördög,2026-04-09,2026-04-29,2599,1999,False,Bor,2,cfc1b0ba1870e0d24513931f44897a1fe3d118a19db05193923af1e0ffa153ce
SPAR,Laposa Olaszrizling,2026-04-09,2026-04-29,3499,2499,False,Bor,2,403a1c2b83a07fcb26a16b6c6024330a8466bbf355fa2933356bc093eba8726e
Tesco,Coors üveges világos sör,2026-04-23,2026-04-29,439,399,True,Sör,2,87964ea3654eba8ee7401006dfc13b57db64fed5117dfcc361cea999aaf52d44
Tesco,Budvar Dark Lager cseh dobozos barna sör,2026-04-23,2026-04-29,479,419,True,Sör,2,91222abd6b8b7b35ed41c50e97b5ffa4804afb1e1db320e750bd69b3d981f087
Tesco,Soproni dobozos multipack,2026-04-23,2026-04-29,2249,1999,True,Sör,2,4d73ff823014c1ed18af390a0687b41771c949cfc50cb1480b55d696ae22a411
Tesco,Pilsner Urquell dobozos világos sör multipack,2026-04-23,2026-04-29,2999,2699,True,Sör,2,d91c9fd2e8e8f9077073f3f00a81fc08103d3c782e8ad8ac6546abc5ee22cbcb
Lidl,GÖSSER Világos sör,2026-04-23,2026-04-29,429,359,True,Sör,2,f3d65acb377dc40cd7bc618524301341c1e0d3a374d8c7a7d72e7653964b60cf
Tesco,Arany Fácán dobozos sör,2026-04-23,2026-04-29,399,259,True,Sör,2,18fc43ea32cd101bcfdf2e8102b10df80028fc71623e3da62aa098c6c2fd0b5c
Tesco,Kőbányai dobozos világos sör,2026-04-23,2026-04-29,379,329,True,Sör,2,56991382f0fe9b14b60acc8893c6f32c1e9145e8f95bb63b5c6a1eacde48b87b
Tesco,Heineken dobozos sör,2026-04-23,2026-04-29,469,389,True,Sör,2,21fef65504239966d1e16f73e7bfb6c1cf919b171d287cab3133f3be200023b7
SPAR,Staropramen sörpack,2026-04-23,2026-04-29,1739,1399,True,Sör,2,749a5bdd821c6537b8e2e6ec44868ec21227736e5c4e4f9f265b3735cc5ca006
SPAR,Arany Ászok sörpack,2026-04-23,2026-04-29,2149,1799,True,Sör,2,0759adc9bb11a2445e4f1a44a34124b355b8ff9b825e6bf6968edc331fb42dd9
ALDI,KARLSKRONE LAGER,2026-04-23,2026-04-26,229,179,False,Sör,2,9c92a49a5634d2b1391404ddcae5d276a994cc468873ae3185294cdf2fc7563f
Lidl,PERLENBACHER Világos sör,2026-04-23,2026-04-29,249,199,False,Sör,2,abb673f0a4399f2b0e3dd247b56a87211cdaf728dac006a532400186373c6f5e
SPAR,Sol mexikói világos sör,2026-04-23,2026-04-29,499,249,False,Sör,2,1db81b06bdebd11061cfe8702f7b9505b8891f6244df6faa9822c57dc87fe363
SPAR,"Dreher 24 alkoholmentes sör, Hydrate",2026-04-24,2026-04-26,359,299,False,Sör,2,47020a0550c86047e9d665d571f98fb547923b69275d24ebc99720b88ac15b5e
Lidl,CORONA Extra / cero,2026-04-23,2026-04-29,699,599,False,Sör,2,4ae4ed4fbc2accf21b11a2ce25da42293f23d8f203661e85bae910062c25d359
SPAR,Becks sörpack,2026-04-23,2026-04-29,1699,1499,False,Sör,2,f90aabbac9384ad462a33241db779f4568c246a262e088021a2dedcddb5f99dc
Tesco,Monkey Shoulder whisky,2026-04-23,2026-04-29,13190,10590,True,Tömény,2,a6599605a8131a4c4f673277d67d4c8dd2af6808fb690650b7c5655661aaedb6
Tesco,Johnnie Walker Red Label whisky,2026-04-23,2026-04-29,6749,5799,True,Tömény,2,a94fc0d37001d6da5364a8106fe55758c07f0cf5979b7af3af44cfb0f4692302
Tesco,St. Hubertus gyógynövénylikőr,2026-04-23,2026-04-29,4499,3699,True,Tömény,2,b898d2eb43ddf1c29e191b1bfe8e93502040acc9cc977aff412ed720d7823116
Tesco,"Zwack Unicum, Unicum Szilva vagy Unicum Barista keserűlikőr",2026-04-23,2026-04-29,11399,8599,True,Tömény,2,518bd9dda22c2aff75eb24fa1b748808c8488e90af93d981e1386a40bacea59c
Tesco,Sierra tequila,2026-04-23,2026-04-29,8990,7590,True,Tömény,2,56f9bb933797ffb4a385854991924860040a48c4fef0163d7a0f6548377319a4
Tesco,Kalinka vodka,2026-04-23,2026-04-29,5299,4499,True,Tömény,2,afc1c4054aa89d3d40a4b82c934d64ba5fa19560c5de02e3e881e473835133b8
Tesco,Jägermeister gyógynövénylikőr,2026-04-23,2026-04-29,6099,5190,True,Tömény,2,a25937b0633bdb125ae49118efd34b5958d39aa208e25d0aa98f546b5d871526
SPAR,Johnnie Walker Red Label whisky,2026-04-23,2026-04-29,8499,7199,True,Tömény,2,df073b1d86f57bcce9a7e423ecc3bc9240083c937358f43bfdf38c4189234c67
SPAR,Metaxa 5*,2026-04-09,2026-04-29,7949,5999,False,Tömény,2,22a437677a307f841ca804baf2a65b35cdc52def1ecfe91cfe40f7e5552d73ff
SPAR,"Kalumba White, maracuja gin",2026-04-09,2026-04-29,8249,6599,False,Tömény,2,e67f5000100a6383f7c6ec5efdd2c87373a538e549a83764af7fe88c4b5b3c4b
SPAR,"Tullamore whiskey, Café Honey whiskey",2026-04-09,2026-04-29,8799,7999,False,Tömény,2,c7fcc982fa85479c338f95cd225c70ec18c580bd177b07a8cd5d91a330c2d4b5
SPAR,"Olmeca Gold, Silver tequila",2026-04-09,2026-04-29,12199,9499,False,Tömény,2,24d6ef6fafb3b583c0c5aa8c59b082098c402acdcec3fcf4d02b134be889ec0e
Tesco,Somersby dobozos cider,2026-04-23,2026-04-29,569,529,True,Cider,2,55c154948e7d99e8085bc5dfa9cec106cc890ea4260f9ad0712812cf212463b8
Tesco,Sauska Brut Méthode Traditionelle pezsgő,2026-04-23,2026-04-29,7190,6399,True,Egyéb alkoholos ital,2,2b7f9cab4e2cf67c22b5bc01df738badb2b9a60101c812f9d8ed013d4e97f2d2
Tesco,Törley pezsgő,2026-04-23,2026-04-29,1999,1599,True,Egyéb alkoholos ital,2,89efe573385a3baa06133b0ddd204186d8370e84ed539ed4a67aeb890fbd3254
SPAR,Natara,2026-04-09,2026-04-29,1799,1399,False,Egyéb alkoholos ital,2,a7f51cf865379c2d7f01602ed1c6ea8997743ab946cf3b66142839cecfb2359f
Auchan,JÉGSALÁTA,2026-04-23,2026-04-29,699,449,False,Salátafélék,3,873be5c65807895f78861cfbdef1b40a826493309555857c0c6cf3c4fd6a4173
ALDI,ÚJBURGONYA,2026-04-27,2026-04-29,999,599,False,Burgonya,3,3b8eca925905526a62ef77d9b6ce6f68045c87edeaeae145c893a5f0d5fb289b
Tesco,Magyar csemegehagyma,2026-04-23,2026-04-29,349,249,False,Hagyma,3,23891057ecc698a1680492a50437bf96fd4955f5e809d3ea7f6a296560f4a9af
Auchan,"Bonduelle BONDUELLE GYORSFAGYASZTOTT BROKKOLI, ZSENGE ZÖLDBORSÓ VAGY ROYAL ZÖLDSÉGKEVERÉK",2026-04-23,2026-04-29,1749,1399,True,Mirelit zöldség,3,b935911c592099aaf4609629dd758bc614cb44ca28cd15250e91e848f47b0597
SPAR,Sprint Natura zöldborsó,2026-04-23,2026-04-29,699,499,False,Mirelit zöldség,3,1ffc8856249f98982e7f7159ab173b0bded7b62478ad2b1de0aaebb594c86e1a
ALDI,ALL SEASONS HASÁBBURGONYA,2026-04-27,2026-04-29,749,549,False,Mirelit zöldség,3,bf3cd55cbd8c150458db919d65c4d00f303cbeadee998ea043f0d5cc7c889887
Auchan,Auchan AUCHAN KEDVENC GYORSFAGYASZTOTT KLASSZIKUS HASÁBBURGONYA,2026-04-23,2026-04-29,799,649,False,Mirelit zöldség,3,676354949b5fc152a32d95c59a37aa08cc143b8d64addf895ec1f6ac9473ef01
Tesco,"Iglo gyorsfagyasztott, krémes parajpüré",2026-04-23,2026-04-29,969,699,False,Mirelit zöldség,3,fa3208f51e59f9d88b5706ba13a4f70e400388a289e7582d44682c2362126d61
Tesco,FRoSTA gyorsfagyasztott serpenyős zöldségek,2026-04-23,2026-04-29,999,799,False,Mirelit zöldség,3,55e37b2e0144d9d9b89057d6cf96943a33e3d6c80cdcaf8342197547e5301720
Auchan,Bovita BOVITA FAGYASZTOTT ÉDESBURGONYA HASÁB,2026-04-23,2026-04-29,1339,999,False,Mirelit zöldség,3,d19b80340a854acdde3344791b7461f35e07eaf1a7ef3bb2b419839bc33c276c
ALDI,PETREZSELYEMZÖLD,2026-04-27,2026-04-29,499,299,False,Fűszernövények,3,d8072c6a8e6a6e3739e4b16921bc9f69f97348097683683aaf7b4f538941821b
SPAR,Cukkini,2026-04-23,2026-04-29,1199,699,True,Tökfélék,3,106ab16f1918902b4c5871f7270caf21419079d7b7a8c61b22404685b1b89638
SPAR,SPAR csemegeuborka,2026-04-23,2026-04-29,699,599,True,Tökfélék,3,1942cad601ce98963afb7591de53210db9aa8989d3578993214ba18069329227
Lidl,Kígyóuborka,2026-04-27,2026-04-29,299,139,False,Tökfélék,3,8b229333aa83c80f33de57df2ad09da791df914b6cbacd5f4943c1697ac6e9d1
Tesco,Kígyóuborka,2026-04-23,2026-04-29,499,195,False,Tökfélék,3,af0216b97d39a0bc9c8c842671bf4aad9647cc396d24498020ea4761f6910864
ALDI,KÍGYÓUBORKA,2026-04-27,2026-04-29,499,249,False,Tökfélék,3,1b3ddeaa7bd623623f94805c2502a1272cc0ad10528c22fd294945ae2c334639
SPAR,Eisberg Bolero Mix salátakeverék,2026-04-23,2026-04-29,629,479,True,Egyéb zöldség,3,cfcd8c912e214db861b0f0001be87d1a20c2b1f27ca8003c1a5f797d52358b90
Lidl,Rukkola,2026-04-27,2026-04-29,549,399,True,Egyéb zöldség,3,e342dc71d0642b937544ec57ef92b3fdf5cbb8778c0d6d87c2a87c7427f73c26
ALDI,GÁLA ALMA,2026-04-27,2026-04-29,558,399,False,Almafélék,3,9f0f1d18284617f5bf5445c8296a4c32cd638fa74587d8a39141cd1865430bfd
Auchan,AUCHAN KEDVENC MÁLNA,2026-04-23,2026-04-29,1199,579,False,Bogyós gyümölcsök,3,b9d515c8a799e5dffb1aca68071425596376361244310997fa187f2c16a1eca9
ALDI,MÁLNA,2026-04-27,2026-04-29,1199,699,False,Bogyós gyümölcsök,3,0b9d50702de7fa7d8786657b6d391510caf0c5975e26c2a748246182f682957d
Tesco,Tesco eper,2026-04-23,2026-04-29,1999,699,False,Bogyós gyümölcsök,3,308bb0ac3ee12090d82708f9afbdf3192e00a97aa4046fa65509e4711950c981
Lidl,Avokádó,2026-04-27,2026-04-29,599,199,False,Egzotikus gyümölcs,3,1982a4a745127bab318f660052829b4b37126218f317ef490fb22e85834d699c
Tesco,Tesco finest avokádó,2026-04-23,2026-04-29,699,399,False,Egzotikus gyümölcs,3,69fc21aa38dc373b45ad9730943cce1a3ee81cca1d492dd7d9fc3ac49cb4c8cb
Auchan,"Bonduelle BONDUELLE GYORSFAGYASZTOTT BROKKOLI, ZSENGE ZÖLDBORSÓ VAGY ROYAL ZÖLDSÉGKEVERÉK",2026-04-23,2026-04-29,1749,1399,True,Mirelit gyümölcs,3,07614c81a6fd9ea7f25665fb95cda32036a627bc8d8d260f4f0546cd33ed2d22
Tesco,Tesco tölcséres jégkrém,2026-04-23,2026-04-29,269,149,True,Mirelit gyümölcs,3,fa5ad89ccc89ba8f46cab04f596cfbab5e9ad47179e7d4512af18398c4432225
Lidl,BON GELATI Amerikai stílusú jégkrém,2026-04-23,2026-04-29,2199,1539,True,Mirelit gyümölcs,3,0c7295584cc15a6e6913bcc2a6d9865486ed6b5e895ecc9b3eb4262f70684b9e
Tesco,Ripp-Ropp bundásmackó,2026-04-23,2026-04-29,2289,1799,True,Mirelit gyümölcs,3,e162e22e578e35e16b7559af69fd213ee7a81a47f5ccdda5ea39df567bc288e8
Tesco,Carte dOr Classic jégkrém,2026-04-23,2026-04-29,2399,1799,True,Mirelit gyümölcs,3,15105f4e8b5dce1ed69649266fe725a0a0b49706910599b3ebe00df8a2b1c387
Tesco,Pizza Doro Contadina pizza,2026-04-23,2026-04-29,1629,1239,True,Mirelit gyümölcs,3,f7b3bd07a74b87f7c51f9f54def73af5071a578bd7cc9e58aa0a481e3ffd1cf5
Tesco,Carte DOr jégkrém,2026-04-23,2026-04-29,899,669,True,Mirelit gyümölcs,3,5ceb85ec9ebecdc6d28c39ad569eaa03881c5b9e42f54cad83d906432622231c
Tesco,Tesco Stracciatella Crunch dobozos jégkrém*,2026-04-23,2026-04-29,1669,999,True,Mirelit gyümölcs,3,56dfe3405c57060ba1a8171ec21b3242b60b3327857debcbfab384f2f7223c30
Tesco,Magnum jégkrém multipack,2026-04-23,2026-04-29,2529,1999,True,Mirelit gyümölcs,3,a358b5d0f057205e9689964a214896c52ce878fc89407181dda939b60558309d
Lidl,GELATELLI Pálcikás jégkrém,2026-04-23,2026-04-29,449,299,False,Mirelit gyümölcs,3,3f18e9f2ff2ec44566aa2e5572f1a5c730fe2ff21e935914e027364434bda593
SPAR,SPAR nudli,2026-04-23,2026-04-29,699,399,False,Mirelit gyümölcs,3,6e53277499695e589880082988ea697319a361c8fafae400a9cadcb852877cd9
SPAR,Sprint Natura zöldborsó,2026-04-23,2026-04-29,699,499,False,Mirelit gyümölcs,3,e06b0f422bad43106531b18e7d42412090b6800a0bfb999b4708b87d1f11511b
ALDI,ALL SEASONS HASÁBBURGONYA,2026-04-27,2026-04-29,749,549,False,Mirelit gyümölcs,3,50e2ea12e05c87bdbb377c424ce354ed4766e869790bae6ec52c3180a638e738
Auchan,Auchan AUCHAN KEDVENC GYORSFAGYASZTOTT KLASSZIKUS HASÁBBURGONYA,2026-04-23,2026-04-29,799,649,False,Mirelit gyümölcs,3,fb4e4b938ddc26ff82f5110fb26e765ab221ecea8e939198e4c873b1a14c39f0
Tesco,"Iglo gyorsfagyasztott, krémes parajpüré",2026-04-23,2026-04-29,969,699,False,Mirelit gyümölcs,3,626fab4e154ed97937de2f4d20e047a8e3925acc9c69e4c088d2623399def486
Tesco,FRoSTA gyorsfagyasztott serpenyős zöldségek,2026-04-23,2026-04-29,999,799,False,Mirelit gyümölcs,3,ef7d21aafedb7a2f7b17b45a29a5fd8bbd3338efa1b49db3bc1823482582e8a1
Auchan,Bovita BOVITA FAGYASZTOTT ÉDESBURGONYA HASÁB,2026-04-23,2026-04-29,1339,999,False,Mirelit gyümölcs,3,f009ffa928dcc6f07a8de78c6ac02dd6583c8807c2f532216447eabaf165fed9
Auchan,Buitoni BUITONI PICCOLINIS MINI PIZZA,2026-04-23,2026-04-29,1399,1189,False,Mirelit gyümölcs,3,793fcd9ca88d6b28f3a3e4cb2bcb8c793ab9405fcd6721dd11bea6f8a3babd9d
SPAR,Dr. Oetker Feliciana pizza,2026-04-23,2026-04-29,1599,1199,False,Mirelit gyümölcs,3,b94e3f02f62cffdfc798ac172de7054514c4b23f3a9324ab66f33648dd9fba43
Lidl,GELATELLI Tölcséres jégkrém,2026-04-23,2026-04-29,1699,1199,False,Mirelit gyümölcs,3,20e097ebebd397cf7487f6d7525809f16949bf6fd9a3469e62a691f38bfecbfe
Auchan,Auchan AUCHAN KEDVENC CSALÁDI JÉGKRÉM,2026-04-23,2026-04-29,2199,1499,False,Mirelit gyümölcs,3,b14a8d7f04c514f9de8f92b24eef571419f100030fefde919ddf34564d73745c
ALDI,PIZZAH KÖVÖN SÜTÖTT PIZZA,2026-04-27,2026-04-29,2499,1699,False,Mirelit gyümölcs,3,11207af457d1d48bbb28c93349d4c0e23cede4efe05407c3ba73a0bcf2151cf4
SPAR,Living Foods növényi húshelyettesítő,2026-04-23,2026-04-29,3299,2599,False,Mirelit gyümölcs,3,82acfd5ac3d7885ecdc1d1ebe05021b3e68494b6b64321f25b2889d8381d4422
Tesco,Tesco sertés-marha hamburgerpogácsa,2026-04-23,2026-04-29,1499,1399,False,Marhahús,2,da4588998d691427a7ff857f42a29fbf2442ce36050d58736c55aef381187d29
Tesco,Csíkozott friss marhapacal,2026-04-23,2026-04-29,2699,2199,False,Marhahús,2,16650d05033a945540b63f26339b1feb89401cf1b788a568e670acf5d87f42b1
SPAR,Royal csirkecomb aszpikban,2026-04-23,2026-04-29,529,399,True,Csirkehús,2,e0a514a5313663c0ba09a516e0f45b7fcc789173f609f4583a4eb836b4535a52
Tesco,Friss magyar csirkecomb farrésszel,2026-04-23,2026-04-29,702,649,False,Csirkehús,2,02b76eb70d3feeeb0e33a6a0ccf7d1a315d376ae3404fb3d1bea3948b7bb441b
Tesco,Friss magyar csirkemellfilé,2026-04-23,2026-04-29,1151,1049,False,Csirkehús,2,dbb7befcf8a40aaa2d389ad8856fda1bd8aedb5247a91202dee5cc1078646ec4
Tesco,Grill Master csirkemell,2026-04-23,2026-04-29,2649,2499,False,Csirkehús,2,bf42b8358b05bd4beb39d8adf549240a06aaefe52b5f24fdef96b3873cd308b7
SPAR,Darált pulykacombhús,2026-04-23,2026-04-29,1099,999,True,Pulykahús,2,2c01173c95f25c21928acc86dce5af41767a5718a26df365b76d4c946144eb1f
Lidl,PIKOK Sertéskaraj,2026-04-27,2026-04-29,379,339,False,Sertéshús,2,9582441da188f08954ef46ec22ee2f3407baf44cd13813fb772a47aceac11b63
SPAR,S-BUDGET karaj,2026-04-23,2026-04-29,499,399,False,Sertéshús,2,4704d802941391ae3a59504d3762881ae7981f1dd2c3a2c61205af27ec9dc732
SPAR,Bogádi nyelves disznósajt,2026-04-23,2026-04-29,499,399,False,Sertéshús,2,68cc30610818c1915e904ba4b1bc043b4c0348718a16708a4e904ea6074384fd
SPAR,Regnum sertéscomb szeletek,2026-04-23,2026-04-29,1199,899,False,Sertéshús,2,2a3b9bb82701e0333bc61f42e43cc1df211e553cea743fbc82bf566a8ce04079
Lidl,HÚSFARM Friss sertés gulyáshús,2026-04-27,2026-04-29,1099,899,False,Sertéshús,2,73d62e1642daff598ec6a6da9067b390c06b70a33a7201ce6cf8b1af56a10791
Tesco,Friss sertéslapocka,2026-04-23,2026-04-29,1729,1195,False,Sertéshús,2,f1df4dc6feefc45eb9231bd1402ed48070c331a5f0509d40b0e0f08fb7d1baf8
Tesco,Friss sertéscsülök,2026-04-23,2026-04-29,1999,1599,False,Sertéshús,2,6bbcc1afb7e168a4694d3bf308d4513734b8cb5d4237aa9c15c8c380f371ca42
Auchan,VEGYES PONTYSZELET,2026-04-23,2026-04-29,4499,3199,True,Halak és tenger gyümölcsei,2,7c5fcfdb91ea2ab605763f5e066a960e990c93cbf707e3003c58af0241aed769
Auchan,Classic CLASSIC HIDEGEN FÜSTÖLT CSENDES-ÓCEÁNI VADLAZAC,2026-04-23,2026-04-29,2139,1604,True,Halak és tenger gyümölcsei,2,d54ea2743907a5bb3a2a3cca64dd40e6e1b52cc2361b868e4f1a494b26c301fc
SPAR,Norvég lazacfilé,2026-04-23,2026-04-29,4699,3999,True,Halak és tenger gyümölcsei,2,2c30c923a7bbfcef3f7726bd3e5f689f40fabefda04c12a7ca276106ceb4749b
Tesco,SeaFood Hungary főtt garnéla rák*,2026-04-23,2026-04-29,689,650,False,Halak és tenger gyümölcsei,2,2da3edaff9d7b75c7967e3cf2dcaf68dc23d291e1392442578e667535ee7cfa1
Tesco,SeaFood Hungary norvég lazacfilé,2026-04-23,2026-04-29,799,700,False,Halak és tenger gyümölcsei,2,eed901a2e12a8261124ae00b99d976e7db4d68a7ec05bbd85d18ad8b1c824e8f
SPAR,Classic füstölt lazacfilé,2026-04-23,2026-04-29,2199,1979,False,Halak és tenger gyümölcsei,2,9bbd2b985ec39b847e82609f7dc3406a76f9477cf7d5f5dcaae244c1b8e9cab1
Tesco,Gran Mare GRAN MARE ALASZKAI TŐKEHALFILÉ,2026-04-23,2026-04-28,1239,799,False,Halak és tenger gyümölcsei,2,f34d08c502342a1639c208b6c44291080e4bfa2c158266345c15f4865d1109e9
Tesco,Ripp-Ropp bundásmackó,2026-04-23,2026-04-29,2289,1799,True,Egyéb hús,2,18b775fdc7e88b8709d3ac6a4a94d7e326e67e1f0fbb73ca90a01a40876f6b3f
SPAR,Living Foods növényi húshelyettesítő,2026-04-23,2026-04-29,3299,2599,False,Egyéb hús,2,06a702a10563c33376bcb8bac0a0b770ec9f721acf08e2e4f5f4938a9f4ed4d6
Tesco,Kaiser mix grillkolbász,2026-04-23,2026-04-29,999,899,True,Egyéb hús,2,7f95599395ecec2f4bceae84cead22ba5fa037425e1a6b04c81b60d6e5651582
Auchan,Privát Hús PRIVÁT HÚS GRILLKOLBÁSZ,2026-04-23,2026-04-29,999,699,False,Egyéb hús,2,0671d1b41c2f9c7e854d5f1e49d59fc797a5760f64a451db819b75ab3fec75c5
Tesco,"Danone Activia Rost mix&go tejalapú készítmény piros gyümölcsös, chia-magos granolával",2026-04-23,2026-04-29,499,339,True,Joghurt és kefír,2,7b480eaff417cce1cd5ef2c9f312b2ad22cd3905cdf781c750529dd485b93f4d
SPAR,Danone Actimel joghurtital,2026-04-23,2026-04-29,849,549,False,Joghurt és kefír,2,20d4e91f0c6c8fb523b860c40fe28f18da7ad6895259e01a3a5ab6ffc6bdd500
SPAR,Danone Oikos krémjoghurt,2026-04-23,2026-04-29,849,699,False,Joghurt és kefír,2,7ef83d8811fcd88ff21190727843a3a8a8391029fff08781ab6fb6bc82a074aa
Tesco,Arla Apetina feta sajt,2026-04-23,2026-04-29,2219,1539,True,Sajt,2,7b6439d7047794efbc2116a93619ff0eec76266bb2a404efd8eb85dcccefa92b
Tesco,Hajdú krémfehér sajt,2026-04-23,2026-04-29,1799,1199,True,Sajt,2,7bb773ead48275e9d1f69d89cba201171184363ebbe6b46fcb58c5d3383e985a
Tesco,Hajdú darabolt gouda vagy edami sajt,2026-04-23,2026-04-29,1499,1199,True,Sajt,2,96ae753f473ac5ca4dba0bdec620d505387713454b7d8c3f4156bd8f044876df
Tesco,Mizo Anikó sajt,2026-04-23,2026-04-29,5890,3499,True,Sajt,2,7f53e62a27cc6c35cb7ea5bdf336637ed6fd512ca897c95af9be7f2719aeee01
Tesco,"Tihany Friss habosított, laktózmentes szendvicskrém",2026-04-23,2026-04-29,799,629,True,Sajt,2,4d28f97e9e6d19b7cfd663e04643e04996eb4cfbd7be9007a891ef72d0bb284e
Tesco,Szarvasi grill mozzarella sajt,2026-04-23,2026-04-29,799,689,True,Sajt,2,c4442f35b1ed459465cdbc166cc40baa62993bc75b9602a5c36126dd8b639853
Lidl,MILBONA Le Crémeux sajt,2026-04-27,2026-04-29,719,579,True,Sajt,2,dddec27a599b36e3e0f12afd3852913c7eba9ddba523565db8c43ccabf12a5ae
Tesco,Tihany Friss habosított szendvicskrém,2026-04-23,2026-04-29,749,479,True,Sajt,2,d77b4ce3555874acffa47b2fa195bc81c71542462626165ab537cbebf22a3823
Tesco,"Lecker ízesített, darabolt gouda sajt*",2026-04-23,2026-04-29,799,599,True,Sajt,2,dfd6cfc37a350746836f00136d14c138afaf0e88751cc1273585159cbf5f0466
Tesco,"Galbani Mozzarella Cucina félzsíros, félkemény reszelt mozzarella sajt",2026-04-23,2026-04-29,949,899,True,Sajt,2,04d38d4b6cb90dfdbdae8cf331aede172e195489b62fe4bbfa749e2b2dfde2b8
SPAR,Cheeseland edami és gouda sajt,2026-04-23,2026-04-29,299,179,False,Sajt,2,6c5f062f4cf883f5946ab1b9d819c5498547f174eb15d3635df89e5e45c879b1
ALDI,MILSANI CAMEMBERT SAJT,2026-04-27,2026-04-29,465,379,False,Sajt,2,67e0608ac59c1a2bc53061f4482a627e6e4c8dad6669be8a2f461421b32b1350
SPAR,Szarvasi szeletelt mozzarella sajt,2026-04-23,2026-04-29,689,499,False,Sajt,2,4789bd447c001f37a19f1bfd2cb70d697966738683fca05042a94f12c721a58e
Auchan,Hajdú HAJDÚ KÖRÖS SAJTKORONG,2026-04-23,2026-04-29,1099,569,False,Sajt,2,f48be1a66f98325a3e5429ab3bc09d0d87b8a4461dda1fd2bf76b76e047fc0c5
SPAR,SPAR füstölt parenyica sajt,2026-04-23,2026-04-29,759,649,False,Sajt,2,2db76fff77e0ddbfa1487da2ad7bcfec3e671b045fbcf96d6181e4de46e92ce9
Lidl,MILBONA Grana padano olasz sajt,2026-04-27,2026-04-29,1785,1299,False,Sajt,2,6161997c6d0c1f77d11db772234f19b3deb9f73766d9e188f72fd06853084daf
Lidl,HAZÁNK KINCSEI Körözött,2026-04-27,2026-04-29,469,319,True,Vaj/vajkrém/margarin,2,f33b3ae2a4cf8b454b001c2b11c89502063523622129844bf1e09826da695764
Tesco,Rama növényi vajalternatíva,2026-04-23,2026-04-29,642,495,False,Vaj/vajkrém/margarin,2,68bec67b73ba39fd7e73f889d21487d3d9e5b70713377397d615ff5d7948c16e
SPAR,Lurpak vajkészítmény,2026-04-23,2026-04-29,1849,1249,False,Vaj/vajkrém/margarin,2,a96e641e52e6a33905ea2d844a7d850f115d7ef16892d81aaf5a99bd54ac78e2
Tesco,Müllermilch tejital,2026-04-23,2026-04-29,495,359,True,Tej és tejalapú ital,2,cd9149364c3abc73552067c3b8b620439e4b70d5863e2cd018fd34562bd4c738
Tesco,Kuntej Kunsági dobozos ESL tej,2026-04-23,2026-04-29,329,279,False,Tej és tejalapú ital,2,cc5b80f96a89ddade09347be5dff9cf7010e81b1686ae4854576e994312913d8
SPAR,Tolle UHT tej,2026-04-23,2026-04-29,409,299,False,Tej és tejalapú ital,2,8b7fd0fe5ac54db2070e97b273140ec06254d707e8654f79242396934d35d93f
SPAR,SPAR HAZAI.SZERETEM ESL tej,2026-04-23,2026-04-29,399,349,False,Tej és tejalapú ital,2,dc5f77eed5f06c984aa80658bd73fe8d6eb850787eb686075f0543e390c6d7c3
Tesco,Nádudvari puding,2026-04-23,2026-04-29,299,239,True,Tejdesszert,2,59b3a93d5e199a1ff8f5482897e1a9b961498370f9297deba1b1ad48399f3dc4
Tesco,Zott Cremore Duo puding,2026-04-23,2026-04-29,399,299,True,Tejdesszert,2,20694f4e05458b9f02b7e0066740e0a63130e786f795eb4212df3f07925b8464
Tesco,Mizo Túró Rudi duo multipack tejcsokival,2026-04-23,2026-04-29,899,699,True,Tejdesszert,2,869d79537c7d42ad0742e49eca34cbfa96bb92890b0bb024ef01f359b28bb907
Tesco,Stay Strong puding,2026-04-23,2026-04-29,549,399,True,Tejdesszert,2,337957d3d828f299807de36dba7bec43184695f44c1a9f0765787a26c62871e2
Tesco,Pöttyös Óriás laktózmentes Túró Rudi multipack,2026-04-23,2026-04-29,1899,1299,True,Tejdesszert,2,5484a453639c023576442c26211e7c9200012a6616bed846dad099efe70e1f26
Lidl,PILOS Puding tejszínhabbal,2026-04-27,2026-04-29,185,89,True,Tejdesszert,2,8edc4ddd95c2f3c732743a66058460c1d0a6f7ee10bf7c15b38eef972b84b123
SPAR,Pöttyös proteines Túró Rudi,2026-04-23,2026-04-29,399,329,False,Tejdesszert,2,db70f53cda38e2c31aac58bb1fb8365a0edba170f3eb8b6f4f230aa31484cd35
SPAR,Mizo tejföl,2026-04-23,2026-04-29,449,399,False,Tejszín/tejhab/tejföl,2,e43f9ff385e6bea7ceb63f2192375d3000269d2cd1e2b3fa938773db71e82fc1
ALDI,MILSANI TEJSZÍNHAB-SPRAY,2026-04-27,2026-04-29,789,539,False,Tejszín/tejhab/tejföl,2,c32257ddf0502df5415e8fb853ff89186de269a65d7f9223dbbc6a1dba97f2d3
Tesco,MÉLYALMOS TOJÁS,2026-04-27,2026-04-28,889,819,False,Tojás,2,ef9432fc88755063357f61fbbd274d712e38697efd9d44344042a353f9571965
Lidl,PILOS Félzsíros tehéntúró,2026-04-27,2026-04-29,339,299,False,Túró,2,3d43ded3217fd1e2c8dcf7ab5629b8227524dfa9f67731d36da9cae7bf385a9d
Lidl,KISTELEKI Juhtúró,2026-04-27,2026-04-29,599,499,False,Túró,2,fdb21e58ebca93e9b2bc41438a509a72f71c1a06e181d38b802a93a7ca7e9eb1
ALDI,MILSANI LAKTÓZMENTES TEJFÖL,2026-04-27,2026-04-29,379,339,False,Mentes,2,f3b7951effec4f5419e3ed771dc6a0ffbbe1cac08020d521524d2870298dbd1e
Tesco,Merci táblás csokoládé,2026-04-23,2026-04-29,1699,1299,True,Csokoládé,2,012ad8f19b575ff4ced99f3a696c814932e34a7b8efb36f8065615d2b2b3ef4b
Tesco,Cerbona Rudi zabrúd,2026-04-23,2026-04-29,159,106,True,Csokoládé,2,a9c1d6105b605b3f33ed4a450daf078087e94b195fd68a783aec6282836d7647
Tesco,Tesco táblás csokoládé,2026-04-23,2026-04-29,479,359,True,Csokoládé,2,7b5058d8b5aff59a40b9a23d61f00a25271a4614efbfd962ca36e1cf42c4a3c1
Auchan,Milka MILKA TÁBLÁS CSOKOLÁDÉ,2026-04-23,2026-04-29,2239,1399,True,Csokoládé,2,adfc9eb8fe77485f088b729066c281d15645198dee69012ba5e85f74da7d59f5
Tesco,Kinder Joy meglepetéssel,2026-04-23,2026-04-29,499,399,True,Csokoládé,2,e137455fea52d48cddbae17daeec9f9e5dbef039a3f064ef1124da1e195624d4
Tesco,Tibi táblás csokoládé,2026-04-23,2026-04-29,599,399,True,Csokoládé,2,8d025c1cc068e38d1bc204a5a3bba2926f8bd59e06f93a4f3affeb53269b0d83
Tesco,Manner ostya,2026-04-23,2026-05-20,2839,1899,True,Kekszes édesség,2,1daaeaa02fd86b6e0d32b8d26c0462496beae1d7f070515b4b5230ed3e67e9e0
Tesco,Moments ostyaszelet,2026-04-23,2026-04-29,249,185,True,Kekszes édesség,2,1f90d191c74d5a016f450863d11eb2278ea880500f0330d312bc53d00095527e
Tesco,Kinder Crunchy Cookies sütemény,2026-04-23,2026-04-29,1999,1699,True,Kekszes édesség,2,288e73fe32f1878b324e70ff330cbb82e824945abf1580212fca7796dcca654d
SPAR,SPAR friss tojásos gofri,2026-04-23,2026-04-29,499,399,True,Kekszes édesség,2,2ba44c5c70033d9ccca2edbdae3b1b1dcdc2a66d7545e4ccdb3fb7d0e8c69bc8
Tesco,Detki Tere Fere omlós keksz,2026-04-23,2026-04-29,429,269,True,Kekszes édesség,2,157e1216a8efa1e1d6ed7c68ba2f5aa726e2f08866501e7414aa812b7d909ad1
Tesco,Tesco piskótatallér,2026-04-23,2026-04-29,499,449,True,Kekszes édesség,2,e17c84db303f9203f7be6f29acc0827ec9e4edb56526354fc99eef2e0d0d5b9f
Tesco,Roshen Wafers töltött ostya,2026-04-23,2026-04-29,749,699,True,Kekszes édesség,2,b4f16c77ba51893d67897bc46fb398b9f43c65ad66b4c40247667f3df8ccec42
Tesco,Tesco Free From gluténmentes vajíízű keksz,2026-04-23,2026-04-29,369,299,True,Kekszes édesség,2,7334b6f22377d51ec08ebb92fe3bcaf656520a552a61b9e33a63f5e8dc659532
Tesco,"Detki vaníliás karika cukor hozzáadása nélkül, édesítőszerekkel",2026-04-23,2026-04-29,819,599,True,Kekszes édesség,2,4fb7278397d38980a3d5430bc29d596d47d3cb530721ddf0d1a15a5b80f56928
Lidl,SONDEY Töltött ostya,2026-04-23,2026-04-29,1299,899,False,Kekszes édesség,2,17e82fce0de4da1d0e4526fd7a1a7836d22909f2618bfc189ac22f7a0daeae20
Tesco,Chiqola praliné,2026-04-23,2026-04-29,1299,1099,True,Egyéb édesség,2,1abdd878d6947686b396a8fdacbf710bec8f9c87efeae2a78538328a880c1feb
Tesco,Heidi Bouquet csokoládé-praliné,2026-04-23,2026-04-29,1799,1599,True,Egyéb édesség,2,0efc356e59e767f64953903f549d4eac545d868614b81c3fe35890a2c8e8daf3
Tesco,Ritter Sport tejcsokoládé válogatás,2026-04-23,2026-04-29,2699,2199,True,Egyéb édesség,2,39149fdeb266dbeb93ed52f247180453c65b1feabd854bfc5a8aeff5c7ec4572
Tesco,Merci Together tejcsokoládé válogatás,2026-04-23,2026-04-29,2499,2299,True,Egyéb édesség,2,de1b69edc9f3b61bba7c5d343f95e61597d0cb49d97cf361352a04eaf870163c
Tesco,Merci kókuszos csokoládéválogatás,2026-04-23,2026-04-29,2749,1899,True,Egyéb édesség,2,50f4e11d8ef96a9e019d829aa7db715d85b6099951941ad3636da5da9548de2c
Tesco,Merci Lovelies csokoládébonbon,2026-04-23,2026-04-29,2699,2399,True,Egyéb édesség,2,9dcd799abf948e4bdb578089abd53ebacf74e308be330c9ce5a6826146344af1
Tesco,Kayras pisztáciás desszert,2026-04-23,2026-04-29,1299,1099,True,Egyéb édesség,2,03378981c428a6fa2176d2a007dcad0229710dfa559d3926af7eeb8834931d1e
Tesco,Milka praliné,2026-04-23,2026-04-29,1319,1049,True,Egyéb édesség,2,26471bfedd031bfea01e8ccc1a59b80343a8f519dfa7b89255c61a793b0e8fbf
Tesco,Raffaello desszert,2026-04-23,2026-04-29,2059,1599,True,Egyéb édesség,2,3e42d1c8180dde49a89bbad10e7089926da8b303efb1e085e48520f5fcb1bae0
Tesco,Celebrations vegyes válogatás,2026-04-23,2026-04-29,2779,1849,True,Egyéb édesség,2,5692a9cb9c16c1cfa06143922f20f82265b01c9ed2f56296eccf2fa97c06b088
Tesco,Ferrero Küsschen fehér csokoládés praliné,2026-04-23,2026-04-29,2999,2399,True,Egyéb édesség,2,680973e13794f3763c7b62becfbbe0d12c18c148ae53ed4688caaaf4c9130d82
Tesco,Ferrero Rocher desszert,2026-04-23,2026-04-29,1429,1299,True,Egyéb édesség,2,a79117071265d8b480b73e44f3964acbe7abd769fbf8c274c8833b2d15aa339e
Auchan,Szamos SZAMOS SZÍVDESSZERT TÖLTÖTT MARCIPÁN VÁLOGATÁS,2026-04-23,2026-04-29,3119,2699,True,Egyéb édesség,2,c97cee74be90747c8bdb9835bf2b7c8f6f71aafbc9d0978aadac9bbbeb0a83bd
Auchan,Milka MILKA PRALINÉ,2026-04-23,2026-04-29,1279,999,True,Egyéb édesség,2,4ec8c97550cb3ed2dfd2d2b47d525121967a3fee9ca43218f0d50a42927b35ad
SPAR,After Eight desszert,2026-04-23,2026-04-29,1999,1799,True,Egyéb édesség,2,ee577a2768cb62989e461f6629096c73c66e2bdb967911d43957e9a8de469ba7
SPAR,Celebrations,2026-04-23,2026-04-29,2299,1999,True,Egyéb édesség,2,73a6e46b00b0670ce477bb67e2678d26990fadef485d9529422bac8be6477e39
Tesco,Marlenka golyó,2026-04-23,2026-04-29,3299,1949,True,Sütemény,2,3429da749b9737db1a00bbc219bb7b79ec9a2b54a3fd2b463af8502b86f20692
SPAR,"Kata vaníliaízű, habos szelet",2026-04-23,2026-04-29,1299,999,True,Sütemény,2,d0013b4c18b0e14567503f6b3553ebd74d6c713683c3f65e1ac98e176558ff85
Tesco,Benei vegyes kis linzer-isler,2026-04-23,2026-04-29,1469,999,True,Sütemény,2,cc060d1ceb67e92c51a7be256a61167c776b36108a082067ce6390d0d35de849
Tesco,Szamos isler feketeribizli-lekvárral,2026-04-23,2026-04-29,1499,1299,True,Sütemény,2,3fda4990e3d6a7a7ee65bee48d01395eceb8df06c4d5ed150f47dc73a6b63362
Tesco,Szamos linzer narancslekvárral,2026-04-23,2026-04-29,1349,1149,True,Sütemény,2,388b0e1e4d7361d7fd2797ac7c5189a496662a613cc882cfa7fdc10121df2257
Auchan,TORNYOS BROWNIE SZELET,2026-04-23,2026-04-29,1529,899,False,Sütemény,2,26d701a255effae5d814a2b28c9ce24230b1ee32b17ab1e875c088283a6a24a3
Tesco,Haribo Hearts szív alakú gumicukor,2026-04-23,2026-04-29,469,399,True,Cukorka/gumicukor/rágógumi,2,2ee64b87eb353cfed0264be7022c09e213ee70cbb9e4e5c835a7bea1f839bdda
Tesco,Trolli gumicukor,2026-04-23,2026-04-29,599,489,True,Cukorka/gumicukor/rágógumi,2,ad79d4cceda5f75e1a4f3db5d69f2e23fb214417d4c64e7e7a7efae9ba8757ca
Tesco,Bens Original főzőtasakos hosszú szemű rizs,2026-04-23,2026-04-29,2639,2299,True,Rizs/tészta/hüvelyes,2,c01608f0961d7f7b6cd7fc36134af0162e3c144ebd185e2f63a3203b3185f9c5
Auchan,Riceland RICELAND HOSSZÚSZEMŰ A MINŐSÉGŰ RIZS,2026-04-23,2026-04-29,949,799,True,Rizs/tészta/hüvelyes,2,00e45b00556fe7d28f6dec929097de3ab8e85741402a9b63d79195cee89d6049
SPAR,S-BUDGET A minőségű rizs,2026-04-23,2026-04-29,605,519,False,Rizs/tészta/hüvelyes,2,46eec2ff7b78944789453dd60bda6ed9a8cf08e3e4e278c12695230359cc1e2e
Auchan,Gyermelyi GYERMELYI 4 TOJÁSOS SZÁRAZTÉSZTA,2026-04-23,2026-04-29,849,589,False,Rizs/tészta/hüvelyes,2,e06f29ebdb482e6314f7c55dc8a50946c064214b2fda1554c88e5e98b6998c5a
Tesco,Cornexi zabkása,2026-04-23,2026-04-29,265,219,True,Müzli és gabonapehely,2,33e9a77210d11049c36f760eb648f6263d44c3127b7f8a0e27503bd6930e22fe
Tesco,White Snack gluténmentes kukoricapehely,2026-04-23,2026-04-29,269,219,True,Müzli és gabonapehely,2,df29e7ca725cf102b1d5820500f7c77a35e7b27d9b102dba79254de5417f13f1
SPAR,Corny müzliszelet,2026-04-23,2026-04-29,399,299,False,Müzli és gabonapehely,2,f1043d67f55d9c47ec31b9f13d3af0ee6fab75904d165f1e4eb85e2e8cbc619f
Auchan,Cerbona CERBONA MÜZLI,2026-04-23,2026-04-29,929,699,False,Müzli és gabonapehely,2,7312cf111f28aa993be01a4b663508f1e25395ce441d92afe33e83c2af89c2d4
SPAR,Cerbona granola,2026-04-23,2026-04-29,1599,1199,False,Müzli és gabonapehely,2,9574ebb1befa7a51fead6ec39305483212d72b42603d1e1a4c7a5c2c2b79f4f5
SPAR,Himalája étkezési kristálysó,2026-04-23,2026-04-29,1090,799,True,Fűszerek,2,463d002f9106635612c970b4a96c8716ff0ff9a59d5ec31490548d6beb26c00c
Tesco,Maggi leveskocka vagy pörköltszaft-ízesítő kocka,2026-04-23,2026-04-29,839,599,False,Fűszerek,2,3e02fcf94eda9a57fed16d4b3264711f299070c560d37c5f4b94f7c81f45791f
ALDI,SWEET VALLEY ŐSZIBARACK-BEFŐTT,2026-04-27,2026-04-29,725,595,False,Befőtt,3,589e4dac225bb14c58d7cef2fcf34e1d21055d4d195fea99f04c4d39d73cfa16
Tesco,Vecsési kovászos uborka,2026-04-23,2026-04-29,2129,1599,True,Savanyúság,3,389cbe461c9ec126f7821d73993b907d51bc2c7a5d2a8a4b9cd3d482a7ef879e
SPAR,SPAR ecetes cékla,2026-04-23,2026-04-29,699,599,False,Savanyúság,3,4fac4f55679a2f342481fe2fcc7c91f7aca8875dc3c81e87f4732fd19005a3c2
Tesco,DÁRDÁS CSIRKEMÁJAS,2026-04-27,2026-04-28,269,179,False,Kenhető krém,3,1fef1b16338ad435890ffbaded6f724440739e11db833e791807c81a0d9376bc
SPAR,S-BUDGET aprított tonhal,2026-04-23,2026-04-29,1139,999,True,Egyéb konzerv,3,e77a4ea2d2eabc6cde54b74ccec412d8f241e0a59f0441d7d29b07368b5347ca
Auchan,Rio Mare RIO MARE TONHAL OLÍVAOLAJJAL,2026-04-23,2026-04-29,2999,2199,False,Egyéb konzerv,3,29156bfbdcc7cc2cb0b1371804a31dfbdb5c01043eaa5f41db527e2dda8f36e9
ALDI,RIO MARE TONHAL OLÍVAOLAJBAN,2026-04-27,2026-04-29,2999,2299,False,Egyéb konzerv,3,41a1366806d7a0ba91e7b1bbdfeb6c2ab311c04626fc928214b48dd48ae413d3
Lidl,BARESA Zöld olivabogyó,2026-04-23,2026-04-29,229,179,True,Zöldségkonzerv,3,b7d0ec53cd393ef1df88c2315917099bbfc202dff428d4d74ed0ff42dbb55902
SPAR,Franz Josef Exclusive olívabogyó,2026-04-23,2026-04-29,899,699,False,Zöldségkonzerv,3,523f4ec8d836207b4ee9d920e815f9b2676d14fdada9a12f627a657d9fb9cb70
Tesco,Bonduelle Gold csemegekukorica,2026-04-23,2026-04-29,899,799,True,Zöldségkonzerv,3,a0d2482f92f4b52156d843ba627f970364a16f54deb54ce6bff924c3b4bbda29
Tesco,Globus vagdalt,2026-04-23,2026-04-29,389,369,True,Egyéb konzerv,3,09ca6c1837ae258ccc6c4bfa0d04e7dea62955f79317950ad68f1d0965ead045
SPAR,DESPAR extra szűz olívaolaj,2026-04-23,2026-04-29,2999,1999,False,Olaj és eset,2,65bf5e592621e2a9ad297f90d707bf4631216b4a230ecd95b8e896c71f401a4e
ALDI,BELLASAN TÖKMAGOLAJ,2026-04-27,2026-04-29,3789,2389,False,Olaj és eset,2,5285de1d19f69cfb91926b50448c470a9b96f5c03d37c01671fb9273e16ec55c
Tesco,Chio Stickletti,2026-04-23,2026-04-29,499,419,True,Snack,2,5cdfc5a57a680c65e8e32b35197cd5398a0c01dc73e191ef93681ff8b23bfce1
Tesco,Chio Hula Hoops,2026-04-23,2026-04-29,499,419,True,Snack,2,7b6acc2071e3e8f0a115f410d9f0c717ad2dbe6827b3eee0b7858fc51425f8d1
Tesco,Mogyi Micro Pop pattogtatni való kukorica multipack,2026-04-23,2026-04-29,699,519,True,Snack,2,7a8441d066da7275e743bc8ae503f66a833f15f17641bf25c9f4b5c015ad832b
Tesco,Csipet Ropi sós kisperec vagy sós pálcika,2026-04-23,2026-04-29,649,499,True,Snack,2,df21acc10bff6daa01828f66672e171ac860d56610d6d340f2b14c9587b0064c
Tesco,Tesco hullámos chips,2026-04-23,2026-04-29,519,419,True,Snack,2,9da3ae180ce3d730b2069d27e7f5b40abe71b54658b130dfa3a54915e4953777
Lidl,SNACK DAY Hummusz chips,2026-04-23,2026-04-29,295,199,True,Snack,2,887215f1761a176db4aae7d5053ed34eef545299af7049a5ebd9add4061782ef
Tesco,Pom-Bär burgonyasnack,2026-04-23,2026-04-29,499,399,True,Snack,2,a6c7e499d831cc4adef6d1f97117db8c029c4fbd65e8e814415a1e0df2ae4249
Lidl,SNACK DAY Flips,2026-04-23,2026-04-29,469,329,False,Snack,2,d89a42d6e9a3d2e70b23705c108411275a7b1c1b0169983b22e97b17d487ed8b
Lidl,CSÍKI Chips,2026-04-23,2026-04-29,399,339,False,Snack,2,98a11197d11074f50c1f7a959bea08e90f4695640ce480dca3c4b36507c91cbd
Auchan,Lays LAYS CHIPS,2026-04-23,2026-04-29,619,469,False,Snack,2,2ab7f986f398887c6dd3d33f5c7b9dc495c0bc5abb44200ba1972f060ed52a1e
Tesco,Mogyi Crasssh! földimogyoró,2026-04-23,2026-04-29,399,299,True,Magvak és aszalvány,2,8543d5b601f081195254d96359ce42204d3dcb520b83ce6ebdd9d961e2882c56
Tesco,Mogyi pörkölt földimogyoró,2026-04-23,2026-04-29,1399,999,True,Magvak és aszalvány,2,a4d95167bc7a119211ef4623d5c382b7c5b0375af1f507b567d25b1f27049719
ALDI,BELLA MANDULA,2026-04-27,2026-04-29,1199,749,False,Magvak és aszalvány,2,a63011400a2851cf26a8f8934b8ad2b1e1812ed3acc299ca5af1d4cc573f3047
Auchan,NATURFOOD DIÁKCSEMEGE,2026-04-23,2026-04-29,1249,799,False,Magvak és aszalvány,2,67f120626a9ed6679228f4357b4c2205f84075d5b21fe7bc3c96c993f3c5b9fb
Auchan,Nissin NISSIN SOBA PROTEIN INSTANT LEVES,2026-04-23,2026-04-29,949,659,True,Instant étel,2,8f01bc9b3b786ea8eeafda17b32cc8277f22d48a93b48323e3ad1af8b18823d6
Tesco,Knorr bögrés instant leves,2026-04-23,2026-04-29,279,219,True,Instant étel,2,f3a818dad7191a4699c939b8e5c7e62ef787a37805dee01e77745f6fc694988d
Tesco,Maggi instant alap,2026-04-23,2026-04-29,519,399,True,Instant étel,2,6559c459022ae710a12b7bc209aaa8fed42b26f34f799be41b27ff729b60161b
SPAR,Maggi Párperc instant tészta,2026-04-23,2026-04-29,299,199,False,Instant étel,2,daf7cb85f64e230cccd5609c27210ecb47f8b24238be2447c13ef8af2eab436e
Auchan,Maggi MAGGI ALAP VAGY FIX,2026-04-23,2026-04-29,589,399,False,Instant étel,2,86451ff056dd29283114f54c0c5406867fdcc87962ba0b93e6be0b02cec1db95
Lidl,MAGGI Instant leves,2026-04-23,2026-04-29,749,599,False,Instant étel,2,c6b8636bb6f28615fd74e60959f5039d9c0df34ba371f67e3857d584bb29cd00
Tesco,Univer ketchup,2026-04-23,2026-04-29,2059,1899,True,Szósz,2,5d09482ea6ac67bb9f0b5ad0834bc0227257f845323254c64ed2167115bf31e9
SPAR,S-BUDGET sűrített paradicsom,2026-04-23,2026-04-29,199,179,True,Szósz,2,28d070377e28aa403db4c0d216044270ad8d9b4ab1fbe6859e4a2e4ab5e0bb52
SPAR,Bens Original mártás,2026-04-23,2026-04-29,1189,999,True,Szósz,2,06277ae09394675fdecf5add3fcb6bddd196852a0267235d5937f66085abdfcd
Tesco,Globus mustár,2026-04-23,2026-04-29,1239,899,True,Szósz,2,9811e2d99103a014753743be08d5fe13c6856e528d8dd02df11e0609156567a2
SPAR,SPAR pizzakrém,2026-04-23,2026-04-29,579,449,False,Szósz,2,0abd13e431cc3c0a14587e5f3eeb072d96af75a56f1357ff4aff9b7744b87e4b
SPAR,Univer ketchup,2026-04-23,2026-04-29,1089,799,False,Szósz,2,f57b16ff53fdf4235f15bb607eeec150bf5ed82ababbcfe0d89c3444f8ef2348
ALDI,HEINZ KETCHUP,2026-04-27,2026-04-29,1379,949,False,Szósz,2,45397ea73a872a649b37454246de0e48ae0467dbf7d990c6d0b9137bc123bf58
SPAR,Heinz majonéz,2026-04-23,2026-04-29,1789,1299,False,Szósz,2,ec19a131891704a639802c2356e15a15ca0eae22e57511cee942651d5a0f4ff9
Tesco,Ms Mollys kakaós kenhető krém,2026-04-23,2026-04-29,899,799,True,Lekvár és méz,2,3811f45c37166e7040e061f4f74794c2d88f5751e38e67ee1f5bfdfa81ff2033
SPAR,Háziasszony extradzsem,2026-04-23,2026-04-29,1099,749,True,Lekvár és méz,2,c2a1574e52c41c5d10e33c9dc84823f700fe574b2fb74a03631130ea4080083b
SPAR,Lekvár,2026-04-23,2026-04-29,1599,1249,False,Lekvár és méz,2,1bf607ca0db3795e89065038ad09406845eaf3fd2731a60a4198fc629ce4ef70
SPAR,Magyar morzsa,2026-04-23,2026-04-29,649,549,False,Sütési alapanyagok,2,e113a856bccd619c676cb9bce2b06cb096577185932d767aacec07ae4c7abc58
SPAR,Thymos holland kakaópor,2026-04-23,2026-04-29,1149,999,False,Sütési alapanyagok,2,6e8db55ed8393259967e39554fa1a67ffa37f4b3b2a76e917c8022083300b402
Auchan,AUCHAN KEDVENC VOLLKORN TOAST KENYÉR,2026-04-23,2026-04-29,349,299,True,Kenyér,2,efffb3b3d411dc42de41dbbdbf15721c93c3711710859e67150e66cadfd9691d
SPAR,Zalai kovászos cipó,2026-04-23,2026-04-29,829,599,True,Kenyér,2,91c511f3a87a47b87d21dfbe4f34bb4c13807a27547d67b6341f87ae53ddcd8b
Lidl,Light kocka,2026-04-27,2026-04-29,539,369,True,Kenyér,2,1de30431d63e55226103da52c7ddd5ab2208f2417f59278632ec201556fd9acc
SPAR,S-BUDGET toast kenyér,2026-04-23,2026-04-29,369,299,False,Kenyér,2,72b511b0bbf4a1af6cf84813fbeb3feea0aa64a59bc15ee070cb11b6aa8e1e87
SPAR,Magvas cipó,2026-04-23,2026-04-29,599,449,False,Kenyér,2,fe92062b151b2bd14d4476f28904a667a7141375c043ff8a3f801cc6a8b15276
SPAR,Durum vekni,2026-04-23,2026-04-29,649,549,False,Kenyér,2,e14f64a818b61e5255fbdcd6acb093277c25de9fb4b5df7ab3d852c8ffde68ec
Auchan,"KOVÁSZOS, FONOTT CIPÓ",2026-04-23,2026-04-29,699,599,False,Kenyér,2,0e7a9a7d0003d38ade65b73a0fed0a1d763b217078a736f2ca1ef8895afb1ee5
Auchan,SAJTOS-JALAPENOS DUPLACSIGA,2026-04-23,2026-04-29,299,249,True,Friss pékárú,2,596907e160a70fd35d895ece16c4c32be04545ed9febae6f0d98ac2725c948a8
SPAR,SPAR fonott kalács,2026-04-23,2026-04-29,699,499,True,Friss pékárú,2,4a0f26a0b4ecd69650cfb54cf0269dbb96e82613ad6e06aa65db880f8c71a70b
SPAR,Csokoládés rúd tejkrémmel töltve,2026-04-23,2026-04-29,199,149,True,Friss pékárú,2,b441068e82a1ebb3a51b76c200095b5fa59b6bfa8b3ae03f13855886a17e940c
SPAR,Retro kifli,2026-04-23,2026-04-29,139,95,True,Friss pékárú,2,4a4e4d74791d1ebd1c6389064b89b4750958add67defbe56d3d4ea6f5a0b5b5a
Tesco,Jaus hamburgerzsemle,2026-04-23,2026-04-29,1249,799,True,Friss pékárú,2,5dd4b95769e08ce2b75b3da935a6da1d3e84ea06a6d59c172f657f9cf9d41463
Tesco,Cake Mania Buns csokoládékrémmel töltött molnárka kovásszal és csokoládés töltelékkel,2026-04-23,2026-04-29,1029,799,True,Friss pékárú,2,a25be496316d705cf25199de78c4905823e4efe9ea6d4fb09d4b0f593a20fc6a
Auchan,TELJES KIŐRLÉSŰ BÉCSI ZSEMLE,2026-04-23,2026-04-29,99,69,False,Friss pékárú,2,caa7c588ad9fe602d5a3b80b1de4d1b3ee3eca9671d34841df88491a30cef8a6
Auchan,KAKAÓS CSIGA,2026-04-23,2026-04-29,199,119,False,Friss pékárú,2,b438f4be44ff610f957a1f4cbaa8e493b17c84d9a8c5bd1751510d542fcdaaa1
ALDI,AZON MELEGÉBEN MEXIKÓI PÁRNA,2026-04-27,2026-04-29,195,119,False,Friss pékárú,2,21061697694773e15fd6d789d2ce2754aed5ede8513277e5fa20c3534795fcf0
Lidl,Medve sajtos párna,2026-04-27,2026-04-29,199,129,False,Friss pékárú,2,0d962e9acee334da0d16a8479d42e814edaaf7200e20d07fc0ca933697c08211
ALDI,AZON MELEGÉBEN MEGGYES PÁRNA,2026-04-27,2026-04-29,279,169,False,Friss pékárú,2,077002b6b201ac7806b3a3949266ee8cc7ef6f518792c2e0f92283d583680774
Lidl,Mogyorókrémes croissant,2026-04-27,2026-04-29,299,199,False,Friss pékárú,2,b11cc7dd60c21f10747190a8a97703e5f3020f63455e6119fb7a6c38f4982728
Tesco,7days croissant,2026-04-23,2026-04-29,289,217,False,Friss pékárú,2,21875ce9fafc945a65cdd96e1eea9ef07f1395b44a87a4eefbadf8ffffccadb0
SPAR,Rost&Protein snack magvakkal,2026-04-23,2026-04-29,259,219,False,Friss pékárú,2,b0c13f6b313637040935ab5b2d77ac58fa9a9780cae5ef03db281073163ebd64
SPAR,SPAR grillkolbászos BBQ-rúd,2026-04-23,2026-04-29,299,249,False,Friss pékárú,2,de1f9d517c07ef60969788ec31b755d88b1d3f3e447964e2f63ecd318ef9debd
Tesco,Bécsi perec,2026-04-23,2026-04-29,399,299,False,Friss pékárú,2,38ebe49f0fd61a1b8f51d9b17e79916f32eff7e26d10614070ce47d79523940f
SPAR,Sajtos bagett,2026-04-23,2026-04-29,499,399,False,Friss pékárú,2,577d179558d07590f2d3cf67c9d4c50ff3a794b162f9bf0449ccd1303bb872bb
SPAR,7DAYS multipack croissant,2026-04-23,2026-04-29,999,699,False,Friss pékárú,2,37892a006dac630578b8b296e96105c6ad6aca671ba4f55424bd83b9337e01f6
SPAR,SPAR veggie pita,2026-04-23,2026-04-29,899,749,False,Egyéb pékárú,2,a79801ecd76e16a707687539ced01fcf72b131f99688668fef08ba8b9bf7fdcb
Auchan,"SAJTTAL TÖLTÖTT PIROS, SÁRGA PAPRIKA, MINI TÖK VAGY VEGYES TÁL",2026-04-23,2026-04-29,2369,1379,False,Növényi kenhető krém,2,a464f86f6e1ca09abefbf41a448bb89758f14dd4e769641159bdfd2b6e5cc63c
Tesco,Pizza Doro Contadina pizza,2026-04-23,2026-04-29,1629,1239,True,Mirelit készétel,2,748fc312037811328fa605ccf839da4162c7a0e2f6f9d16dcb3b1f706700c094
SPAR,SPAR nudli,2026-04-23,2026-04-29,699,399,False,Mirelit készétel,2,d4c7bec3ec1e4717a633bea384a7913c3365c2bba5ae2c05fc530ad50205b4ed
Auchan,Buitoni BUITONI PICCOLINIS MINI PIZZA,2026-04-23,2026-04-29,1399,1189,False,Mirelit készétel,2,4f802f3778a4bc40680d053fbdb0e1d9557f7c0d2a6d10a3b0902234b3d396a4
SPAR,Dr. Oetker Feliciana pizza,2026-04-23,2026-04-29,1599,1199,False,Mirelit készétel,2,b15acfbc42b6f548f2fd0269eee7b9b663227c028474ede184239316134c398e
ALDI,PIZZAH KÖVÖN SÜTÖTT PIZZA,2026-04-27,2026-04-29,2499,1699,False,Mirelit készétel,2,a3926d8eab8ddb1d9e996bca456cce0815c5174c4b9400fb3ce90a412f85f647
Auchan,Auchan Collection AUCHAN COLLECTION BÉCSI SERTÉSVIRSLI,2026-04-23,2026-04-29,1799,1259,True,Felvágott/kolbász/szalámi,2,91817ab5e67f69842eff50d86e402cb9baeea2359087cdf38934a46f96f472f9
Auchan,Auchan AUCHAN KEDVENC DEBRECENI,2026-04-23,2026-04-29,1499,1299,True,Felvágott/kolbász/szalámi,2,b9547c2780b76a1c1dc864c6f68ef8f9a2c5404e843d86532b1367e35ff30fc0
SPAR,"Regnum Olasz, Zala felvágott",2026-04-23,2026-04-29,399,319,True,Felvágott/kolbász/szalámi,2,345f2ba0873221926c9d157695762a6d27eae5eb749cdaca9940305308117aa4
SPAR,"Regnum hámozott frankfurti virsli, cheddar sajtos virsli",2026-04-23,2026-04-29,769,599,True,Felvágott/kolbász/szalámi,2,8f5d027b69547c9a8f4d7f25c4838e1ad4fa533519db402323f510008d2cbc35
SPAR,Regnum csülök felvágott,2026-04-23,2026-04-29,329,239,True,Felvágott/kolbász/szalámi,2,dc03f2363fbc73ef8a039d33a260dd53399b1b4598fb44756c392a3c2c24a863
SPAR,S-BUDGET dán szalámi,2026-04-23,2026-04-29,499,399,True,Felvágott/kolbász/szalámi,2,b7ec6dc48def13e5095dc99d5b53e3342f86e5300da265dcdc9d032c76e3d914
SPAR,Regnum frankfurti virsli,2026-04-23,2026-04-29,1279,999,True,Felvágott/kolbász/szalámi,2,f5a5ea17c229330b9a9e6c1ed4b942aa3271818901d4a91c651ffb4e7c35acfd
SPAR,Pick Rákóczi szalámi,2026-04-23,2026-04-29,799,599,True,Felvágott/kolbász/szalámi,2,8706206cb4a2a6e14c19720ec4e665ec54cf506745bce26665bfce91ad9dc552
SPAR,Pick Pickolino roppanós virsli,2026-04-23,2026-04-29,1389,1089,True,Felvágott/kolbász/szalámi,2,3bec7a28e6fceecbfd589633c877c79de080814b424f8ca2b83cf46eb3daee68
Tesco,"Privát Hús füstölt-főtt csemege karaj, -tarja vagy -sonka",2026-04-23,2026-04-29,599,399,True,Felvágott/kolbász/szalámi,2,2f13cc170ab72a8ef3db435500c0da9519c2b8aae04bb32b1b9c1ef98940fcb1
Tesco,Master Good füstli,2026-04-23,2026-04-29,629,429,True,Felvágott/kolbász/szalámi,2,f0f4ab41ced52ecf1f3f7af9b1ad75c86c73aa44bff33eff23b483e050df68d4
Tesco,Kometa Útravaló szeletelt felvágott,2026-04-23,2026-04-29,599,500,True,Felvágott/kolbász/szalámi,2,b15c07e533f8eb47d546817fe9ca60003192ecf266c45f541ceb6e08b5692eb3
Tesco,SNACK!T Exclusive Kabanos kolbász,2026-04-23,2026-04-29,1589,899,True,Felvágott/kolbász/szalámi,2,d8300875bc7b48c2de0e4f5b86e4c91ab51f9878a72b3116c699ad55089b1d25
Tesco,Finonimo lángolt kolbász,2026-04-23,2026-04-29,1599,1139,True,Felvágott/kolbász/szalámi,2,07364413e117874e08ecb15f2f3c7361479771c17190c8940c44098ce4985f7b
Tesco,"Kometa Kemencés sült csülök, tarja, sonka vagy karaj",2026-04-06,2026-05-24,799,549,True,Felvágott/kolbász/szalámi,2,8e3bea9b9eb84bf6ee0804447a0061ca55e4048ba00f77f616a0f4c83db20499
Tesco,Tauris szelet,2026-04-23,2026-04-29,359,249,True,Felvágott/kolbász/szalámi,2,fb332f0ad8eadff98306e45d6ca187367b679c467db6d1757a0f6697d9677099
Tesco,Privát Hús bécsi roppanós sertésvirsli**,2026-04-23,2026-04-29,799,599,True,Felvágott/kolbász/szalámi,2,6d05c08160ecfb3d1fe282490fb5886a7b0d48fecba2249f7f9ff4ec9e8f0871
Tesco,Kometa Zselici szalámi,2026-04-23,2026-04-29,2499,1999,True,Felvágott/kolbász/szalámi,2,3789afbd08aed5ccb87383ca19afcf7eb0c05659febcd51f33f91a5bbd2993da
Lidl,PIKOK Pulykacombsonka,2026-04-27,2026-04-29,299,219,True,Felvágott/kolbász/szalámi,2,bac253664c8a01721ebe6091ad1b04b5468f1ab67882af9a90ce8525980f2d64
Tesco,Pick szeletelt téliszalámi,2026-04-23,2026-04-29,899,649,True,Felvágott/kolbász/szalámi,2,173cb663014fb87c5721a8a4ecf5ae36d0e0286b5601441782f748d2b2e5856f
Tesco,Pick Fresh Corner hot-dog kolbász,2026-04-23,2026-04-29,1799,1399,True,Felvágott/kolbász/szalámi,2,7d91ab2fa6a1b20dc6547dca4327d026a3411aa302cd5e11a283d01346c1bf36
Tesco,Hajnal Hús lecsókolbász,2026-04-23,2026-04-29,229,149,False,Felvágott/kolbász/szalámi,2,178bede5b717d7ec852cd4c7c3aebcbcbc3ce89ffc4fc6e89d47c1405bfcb685
SPAR,Regnum lecsókolbász,2026-04-23,2026-04-29,259,179,False,Felvágott/kolbász/szalámi,2,cb73302a3e0692ceb6c672968148c410e0affa5ca5506cf96e6eb635ca9806b0
ALDI,FÜRDŐI SZELET,2026-04-27,2026-04-29,625,299,False,Felvágott/kolbász/szalámi,2,09c576eee68458434f1a648c625029480389fc1b5a373b0f518c45d4902c8842
SPAR,SPAR csirkemell sonka,2026-04-23,2026-04-29,425,359,False,Felvágott/kolbász/szalámi,2,228d1cef4722c7a2295d6126ea9a6e118afe439d5cda0f11768a51abb9bc7dad
SPAR,Regnum Turist,2026-04-23,2026-04-29,499,399,False,Felvágott/kolbász/szalámi,2,bde743af0b6be11406d262322779c224c1523522184f3e6f2fe72d53dc5333cc
Tesco,Pápai Hús sült prágai sonka vagy extra sonka*,2026-04-23,2026-04-29,499,429,False,Felvágott/kolbász/szalámi,2,525cb7da37c4ef06b5baf3e1286908cd2a9de8a9d6d903410091b553826a0496
Tesco,Família Harmónia rúd*,2026-04-23,2026-04-29,569,429,False,Felvágott/kolbász/szalámi,2,73b87f2cc93c5f9b494871093a250f9a5e26827a8d66a3975ae80ac38aa200e9
Tesco,Bogádi füstölt kolbász*,2026-04-23,2026-04-29,649,439,False,Felvágott/kolbász/szalámi,2,e414e5b12ba4cff51275b766ab758877dafecd2f6eeb570ae1667adc1738a102
SPAR,Regnum Mester sonka,2026-04-23,2026-04-29,579,449,False,Felvágott/kolbász/szalámi,2,0ebc07ee9080c500bfad0773b03f3ef22e6e6ce826542975e6f5a7d2edab4130
SPAR,SPAR parasztkolbász,2026-04-23,2026-04-29,599,479,False,Felvágott/kolbász/szalámi,2,109820a4e539ee0148807e11b3d07ec7d855467219cc05410b32da2fc4eb8809
Auchan,"Auchan AUCHAN KEDVENC SONKA, TARJA, KARAJ VAGY CSÜLÖK",2026-04-23,2026-04-29,699,499,False,Felvágott/kolbász/szalámi,2,71646e1a2717bac3676f9d0562a6a9e010500bfef99882b08b3c6de60f2a72b8
SPAR,Gyulai kolbász,2026-04-23,2026-04-29,849,579,False,Felvágott/kolbász/szalámi,2,2e49ae0e7ca9758104129302df5e7b6e4d76e9f0df04fd702f7d3fd4e5050f6b
SPAR,Chorizo,2026-04-23,2026-04-29,899,699,False,Felvágott/kolbász/szalámi,2,3a032d7078520c1bcf5337e2f3432249a93121bbb66e04a98232cf26feb236ab
SPAR,Csabai snack kolbász,2026-04-23,2026-04-29,899,699,False,Felvágott/kolbász/szalámi,2,7ead8ff84bbe95baa26fd668c542c8cb8aa4b7a6354418de06411019cdf4c899
SPAR,Pick Báthory szalámi,2026-04-23,2026-04-29,999,799,False,Felvágott/kolbász/szalámi,2,974426ca578357462e7dc6bdf4fcb8c3faa7dd2167487ca5aa120fc1a154df94
Lidl,DULANO Sonkaválogatás,2026-04-27,2026-04-29,1299,859,False,Felvágott/kolbász/szalámi,2,c5e4f5025a1240177a1a0c59e6ac61b4c562b52d83bfc9800e53c789acf52ded
Tesco,Tesco spanyol stílusú nyers sertéskolbász,2026-04-23,2026-04-29,1199,1099,False,Felvágott/kolbász/szalámi,2,a1dba1379d102199c02345275f511f44433ce17930134cf55ef871256326ae55
Auchan,Auchan AUCHAN KEDVENC GYULAI CSEMEGE SZÁRAZKOLBÁSZ,2026-04-23,2026-04-29,1599,1199,False,Felvágott/kolbász/szalámi,2,55bb8f10ddb54e3ac2c5325c34a9a7293ff773b376e34108f274e7f5022e5266
SPAR,Wiesbauer Prémium bécsi virsli,2026-04-23,2026-04-29,1999,1399,False,Felvágott/kolbász/szalámi,2,cb3d7dbee15829b879d5789ccf5d735fe6c8dd060b3ef0d4fd1c283c582f1ea7
Auchan,Pick PICK HOT-DOG KOLBÁSZ,2026-04-23,2026-04-29,1879,1579,False,Felvágott/kolbász/szalámi,2,525b2a0657d5400d69bd9ed7d86f1db24fbdb45ed0ded133e9ebeab15a73eb25
Auchan,Auchan AUCHAN TIPP TÉLISZALÁMI,2026-04-23,2026-04-29,2499,1899,False,Felvágott/kolbász/szalámi,2,89a8aaf9a6aad8b28e02379d65bbda74cc962f5615fd909a59acdaaeeb58ccd4
SPAR,Pick téliszalámi,2026-04-23,2026-04-29,9889,6999,False,Felvágott/kolbász/szalámi,2,eeef76bbe13b6a7012e0157c0cb2225b7ec3970c1ad6a6d4c2064f90ef903efa
SPAR,"Libazsír, kacsazsír",2026-04-23,2026-04-29,629,529,True,Zsír,2,a6d9d5d6da14c8bd9f4b41e51685b1977a04d81cbabd1e824acfaaf46dde3ef9
Auchan,Auchan AUCHAN KEDVENC TEPERTŐKRÉM,2026-04-23,2026-04-29,899,699,False,Zsír,2,c9a5e9e5fad2aac1a7e4d10b7bba16e72b44cc86fcfd2f99efc72dff090cb464
SPAR,Regnum rakott erdélyi szalonna,2026-04-23,2026-04-29,529,399,True,Szalonna,2,a4efc085cc33832a9306ec5993d7d454c20ce3f5356fed0d05f03da5d5f075a9
Tesco,Kometa Kemencés sült császárszalonna,2026-04-06,2026-05-24,1689,1199,True,Szalonna,2,fb35be775641b4e9b325e848b90b3043a786bb7f7790c8a83f822b0eb386f79a
Tesco,Füstölt csemegeszalonna,2026-04-23,2026-04-29,359,269,False,Szalonna,2,5de3a5cafe64c46fc7a76c300738c4f6629ea2251ae4ba53bf25f1ec7d66ab4d
SPAR,Regnum füstölt kolozsvári szalonna,2026-04-23,2026-04-29,499,399,False,Szalonna,2,313a3c451806fb3732ec214ddd0c3a6187c6c1afa47b06039726567326c0b639
Auchan,Auchan AUCHAN KEDVENC SERTÉS ZSÍRSZALONNA,2026-04-23,2026-04-29,1499,1099,False,Szalonna,2,bfcdbcfe23d49131ecd238bb622a1db7309607d0025f260277d5fbec1c6d9c92
Auchan,Gierlinger GIERLINGER PRÉMIUM BACON,2026-04-23,2026-04-29,2899,1999,False,Szalonna,2,991a7b1cb33f6d3c39f84ee46ea3ebf004df6cdc7dbd8c9f49888fc13433690d
Auchan,Knorr KNORR TÉSZTÁS KÉSZÉTEL,2026-04-23,2026-04-29,1289,879,True,Hidegkonyha,2,20a9a2a92f5ac4d92a7afd51a5c51eb2d509202c285843b69f46b1b09747315e
SPAR,Heppy Chef csikós tokány,2026-04-23,2026-04-29,1499,1199,True,Hidegkonyha,2,03e6915394855c8d5325d414e0f4a3a1b479c9ad725438504f8379ef20f78e63
Auchan,Fresco di Forno FRESCO DI FORNO KÉSZÉTEL,2026-04-23,2026-04-29,1859,1299,False,Hidegkonyha,2,f6bde7d9952a6526940ba976d9c1fc5a221be7558ea9eec0fdd0068c26376ce4
Lidl,CHEF SELECT Nemzetközi készételek,2026-04-27,2026-04-29,1799,1349,False,Hidegkonyha,2,2817a78510914bb0515a976b32ffa5e86756b20683a2efb4e8ba097e515acffb
SPAR,Céklás káposztasaláta,2026-04-23,2026-04-29,999,699,True,Hidegkonyha,2,a330a259639da5ad4b7c67b39ac4398c26f0d890121f6a7796065b0315b916e6
SPAR,SPAR enjoy. almás-sajtos kukoricasaláta,2026-04-23,2026-04-29,799,599,False,Hidegkonyha,2,c2554e4f5b11b49b7e9834709117b775251f70b263771d5d238f07c0e2c7b7a4
SPAR,SPAR enjoy. BBQ csirkemelles szendvics,2026-04-23,2026-04-29,1099,799,True,Hidegkonyha,2,d3fc96c0acaf885605d0bb66c40627ae3a8a0034c90f9aa1c165bfcd56fa35e4
Tesco,Piroska üveges gyümölcsszörp,2026-04-23,2026-04-29,899,599,True,Szörp,2,55cc6d10fcd912eb1864885ffbe9a36bc0120e7ef2d1cb7bf48b279f66828171
Tesco,Cappy Ice Fruit gyümölcsital,2026-04-23,2026-04-29,739,579,True,Gyümölcslé,2,779a9437b5ca9e77836116fc4b97bd67eba8e0146b80568ec4a087938f6d1b13
Auchan,Szobi SZOBI GYÜMÖLCSITAL,2026-04-23,2026-04-29,419,349,True,Gyümölcslé,2,a1209fea24b9abed87b5f006de4eb0a5e81254986f42fb50915e17d2d2df7f5b
Tesco,Sió Zero gyümölcsital,2026-04-23,2026-05-20,719,549,True,Gyümölcslé,2,a8018fc50023fac924427f3697331c7328dde0fba551ee4cf60aab45dd2fc5c5
Lidl,SOLEVITA Narancslé,2026-04-23,2026-04-29,695,479,False,Gyümölcslé,2,1338bfb88ec0c229b673f4c91c4984b29b15c668649fbe8a8d24e55f9a710c65
Lidl,SOLEVITA Smoothie,2026-04-27,2026-04-29,535,399,True,Smoothie,2,8e05c12b71240a7f9f6768cb614321e6af15ac4185b813900b98f1b73db71a9e
Auchan,Pickwick PICKWICK TEA,2026-04-23,2026-04-29,859,599,True,Tea,2,3835ace9f25fc629e8f9a6a971a9147539488e5093a206c544938784af45718e
Auchan,Sir Morton SIR MORTON TEA,2026-04-23,2026-04-29,499,449,False,Tea,2,f98740a129966665b4ab57ec3b3b4def7548a2e60577a7c84b2a9da69d907723
SPAR,Loyd tea,2026-04-23,2026-04-29,739,649,False,Tea,2,c289c8a38981da88e3dd9d7c02977b192389c3d5998f3b73fce78f94de993eec
SPAR,Lipton tea,2026-04-23,2026-04-29,1649,1099,False,Tea,2,9c772ce24e9b89f5961528cf09d15742b831d1f376a13d3014f7494c68fa1d7c
Tesco,Kinley szénsavas üdítőital,2026-04-23,2026-04-29,759,629,True,Szénsavas,3,f6234a4edc6eb954d42587d07211ec33f5b387ff5f418275a73b0c365d718b31
Tesco,Márka szénsavas üdítőital,2026-04-23,2026-04-29,499,315,True,Szénsavas,3,bb99c616ce7db4b43cb4b86c2a6d4ddb4d350c741efc7018e3d7d680e4cb16b2
Tesco,"Coca-Cola, Fanta, Sprite Coca-Cola, Fanta vagy Sprite szénsavas üdítőital",2026-04-23,2026-04-29,759,659,True,Szénsavas,3,e9127843c7774d0f8d84a0796d01e6cd50fba9141dfc58ce4325019b55cd52e9
SPAR,Pepsi szénsavas üdítőital,2026-04-23,2026-04-29,534,499,True,Szénsavas,3,059bfdbab4840bf38b250479b60ef624aac7807b6a647a2f08be29f582345311
SPAR,Márka szénsavas üdítőital,2026-04-23,2026-04-29,599,359,True,Szénsavas,3,134bac73f7b9d2346ec9336c58068fb42a4a404bb57033ed1a0beac3aa3cbfad
Auchan,Márka MÁRKA SZÉNSAVAS ÜDÍTŐITAL,2026-04-23,2026-04-29,539,399,False,Szénsavas,3,f3e411a5d5910b19d6ab6f7dfbcbae060f3b1b874e89d945997abd457dcbc01f
SPAR,"Coca-Cola, Fanta szénsavas üdítőital",2026-04-23,2026-04-29,919,779,False,Szénsavas,3,439a80d0e8e1b0fff1d09b01a123a1822d71dd4dd24f0595ad1d092073837cce
Lidl,SOLEVITA Aloe Vera ital,2026-04-23,2026-04-29,449,329,True,Szénsavmentes,3,f1fb87c6411a59b9f63a906ba0636dd75b29d5271b13638007c4651a62e87a38
Tesco,XIXO Ice Tea,2026-04-23,2026-04-29,449,359,True,Szénsavmentes,3,c30b4d74826003f7f425e600a5f93fa9678ff16959fcee874c4e7183cf6a030d
SPAR,Nestea,2026-04-23,2026-04-29,589,419,True,Szénsavmentes,3,d222cc5b2b6208020fb3a917c0c83a1727d8d7341d4a5ec1fc6c9fad9ae4458c
Auchan,Nestea NESTEA ICE TEA,2026-04-23,2026-04-29,589,429,False,Szénsavmentes,3,c47d65005d90407b175c7cbe8d7e5258fc5e95225546e2cad7231cfca77febe7
Tesco,Monster energiaital,2026-04-23,2026-04-29,599,459,True,Energia- és vitaminital,3,ec7245efd439f311a567b2c4f9b85030a4767096864e11bb917fef33b7fc40c0
SPAR,"Hell New Generation koffeintartalmú, szénsavas üdítőital",2026-04-23,2026-04-29,329,259,False,Energia- és vitaminital,3,e40393ec68e6c1c6a92ceb0d7de019a55a584c2e163d76b33b63b374c3af91d3
Tesco,Nescafé instant kávé,2026-04-23,2026-04-29,3499,2999,True,Kávé,2,999d6a769149146a1e4245454a3562f60a715ab0d780c05ac3aba08ec8cf4c5c
Auchan,Nescafé NESCAFÉ 3IN1 INSTANT KÁVÉ,2026-04-23,2026-04-29,2809,2199,True,Kávé,2,37617f033df1c26e72eb9a15e7e4d5718ac5847ef353896c592e94374ce60e37
Tesco,Nescafé Farmer Origins Nespresso kapszula,2026-04-23,2026-04-29,1499,1199,True,Kávé,2,bcba5c9f6f1aef63e174e36ada4e2ffb23b9e7384aad151a519237e61187aeee
Tesco,Segafredo Zanetti Intermezzo őrölt pörkölt kávé,2026-04-23,2026-04-29,2099,1699,True,Kávé,2,09358515cd932b608e25440fed052848c428b1b667405cd00ac0eee92ebd13d3
Tesco,Eduscho Caffé Crema pörkölt szemes kávé,2026-04-23,2026-04-29,6499,5990,True,Kávé,2,1dbb05b7fe5556ac6f0add5a563ee802d3dfd27e4cea458a5a973ccddc8c11f6
SPAR,"Tchibo, Eduscho Tchibo Gold Selection, Eduscho Family instant kávé",2026-04-23,2026-04-29,2099,1699,True,Kávé,2,142c0ca033c77878e888ed8e81a1e3b00a05dd40fd7e8930b6e17e9d797079f7
SPAR,Cafe Frei őrölt kávé,2026-04-23,2026-04-29,1999,1799,True,Kávé,2,6bc04efeac656e7941b84b48880c07e3d11cf047abf61ce0b997b6f7d8fc8d13
SPAR,Tchibo Cafissimo kávékapszula,2026-04-23,2026-04-29,5199,4399,True,Kávé,2,9294a1ad56c79ef2c84cdca129ab823571e8afd20af20d5af58322cce1a00464
Tesco,Nescafé instant kávéspecialitás,2026-04-23,2026-04-29,2199,1899,True,Kávé,2,078882467cf9312331c2fddfed4eacd9aa951c54c52aef2765005be0ab601487
SPAR,Hell Ice Coffee,2026-04-23,2026-04-29,399,299,False,Kávé,2,b4ae2dfe5234ebd608e16fe591c3c344ca5c271e6dd3c63dae5b930249da7302
SPAR,Maci gyerekkávé,2026-04-23,2026-04-29,1199,949,False,Kávé,2,e9ffac0a9135b7ffbb00e9fc8ace1696f13e488a54da9b272a46813884a426cf
Auchan,Jacobs JACOBS NESPRESSO KOMPATIBILIS KÁVÉKAPSZULA,2026-04-23,2026-04-29,1299,1169,False,Kávé,2,c4b5c199a2fb5d90d54fbab7663c29208f3591150362bf5f81dd12a5f0692d68
SPAR,DESPAR kávékapszula,2026-04-23,2026-04-29,1699,1499,False,Kávé,2,03950b7ad8e982568ce43d2769213fa5bfae72cb998325d5c0ca735f643d5c8d
Lidl,BELLAROM Szemes kávé,2026-04-23,2026-04-29,4999,4199,False,Kávé,2,f3c8fa82c0772b0932b982b466c7f3be9be5f32f4559c90faa85795bd4a29325
SPAR,"Tchibo Espresso Sicilia szemes, pörkölt kávé",2026-04-23,2026-04-29,5399,4499,False,Kávé,2,e9ed6f3f8b2a96b241c7bb94d3441b0902158b9b243a7abc10b15bcd5cb20596
Auchan,Jacobs JACOBS SZEMES KÁVÉ,2026-04-23,2026-04-29,8999,7999,False,Kávé,2,e64eb2ea8ced3b3a696e77cde3cf834f3bdf95d592919f4388db2b22e6455681
Auchan,Alpro ALPRO MATCHA VAGY BARISTA ÍZESÍTETT NÖVÉNYI ITAL,2026-04-23,2026-04-29,1329,999,False,Növényi ital,2,ceeb7c219f404f202f65229e27e04fcc102c06dc5ec8482b9563549747ee3488
SPAR,Alpro cukormentes mandulaital,2026-04-23,2026-04-29,4299,3199,False,Növényi ital,2,ca6600fd386c8987c796fc0c5e529f737f5c3d0b3e92e85fe5bf6930d08f0a70
Tesco,Naturaqua ásványvíz,2026-04-23,2026-04-29,159,132,True,Ásványvíz,2,2eca247f4d8c50bbf98e2c19562e266f68b8e22b1c156e19eb949d1653bd3739
Auchan,Aqualife AQUALIFE ÍZESÍTETT ZERO SZÉNSAVAS ÁSVÁNYVÍZ,2026-04-23,2026-04-29,229,179,True,Ásványvíz,2,9fc727fd9f9069494fa952a59a6e1f432d4360e32f0d5489007e43e6cbdda20e
SPAR,Szentkirályi babavíz,2026-04-23,2026-04-29,249,219,True,Ásványvíz,2,40407050c3d1aa5083b96e521cfef3e10725c6765f7a5b0eafa1220c8ab27118
Auchan,Pannon Aqua PANNON AQUA ÁSVÁNYVÍZ,2026-04-23,2026-04-29,139,79,False,Ásványvíz,2,41100e391c8c9eb79159629655fb785ba38fc0f8ed77b4695975de6cc9f14a25
SPAR,Jana Baby ásványvíz,2026-04-23,2026-04-29,349,249,False,Ásványvíz,2,b840a70b19cf7ba19e1e3e91f2cd8ef4068d9b94b8ea76382ebc84943f4bc448
SPAR,Jana ízesített víz,2026-04-23,2026-04-29,599,439,False,Ásványvíz,2,cea9ca2cd697d79a6ef9fbc50d41adca698fc0b747c466c0f6c82219fc379019
Tesco,Hilltop Kamocsay bor,2026-04-23,2026-04-29,2599,1999,True,Bor,2,c4e9759870960e3719c1750aa0a655b964543e15a58d0f47e858505281bac564
Tesco,Pannonhalmi Főapátság Tricollis Rosé,2026-04-23,2026-04-29,3519,2699,True,Bor,2,bb4480252f0d5b191318facddd25227dbdce2ce59a7dbf93c419b769cd2318f4
Tesco,Dúzsi Szekszárdi Rozé Cuvée,2026-04-23,2026-04-29,1999,1699,True,Bor,2,b16bc1a78d235d122abbdce9cc7a14885b1a489e15f642e8c0f57f49331dbbb2
Tesco,Tokajicum Sárgamuskotály,2026-04-23,2026-04-29,2199,1699,True,Bor,2,84c67e23882fb981cfcbea9b636f43dc31a6a944a34660dd2156107eb51c28bb
Tesco,Tesco finest Viña del Cura Rioja Reserva,2026-04-23,2026-04-29,3499,2799,True,Bor,2,6971a57fff26923a677165d482c34005d328d32b1914547c1ace875f5699b2fc
Auchan,Sauska SAUSKA ROSÉ,2026-04-23,2026-04-29,2999,2289,True,Bor,2,e013faf23266d79bb1c73f32badcad1cf0d16f78dd500564f6011eeec6e54d8a
Tesco,Ostoros Birtok bor,2026-04-23,2026-04-29,1399,1149,True,Bor,2,7bbd394e49d15c9d43a7bcd8fa751cfc9e663538f6d1fdf00f0fca50a7b3dc27
Lidl,Balatoni Rosé,2026-04-23,2026-04-29,949,379,True,Bor,2,dd942a2cd76aa432bd5511050d9b5d24d7ff409f46f2b05bbf07cc97be02768e
SPAR,"Thummerer Egri Bikavér Classicus száraz vörösbor, Tréfli Cuvée édes vörösbor",2026-04-23,2026-04-29,3699,2699,True,Bor,2,8c810bfbc828e7190ec8c715ef6a9cdc5228b440bb9189612a5791d1d06bfb5e
ALDI,VILLÁNY PORTUGIESER,2026-04-27,2026-04-29,1069,869,False,Bor,2,330854e771b1a03f480215a8dc1e3269fd52d22a06e6d282fbde2e8ea0d3a675
SPAR,BB Rosé Cuvée,2026-04-09,2026-04-29,1569,1199,False,Bor,2,596a3112815acb4a36a81b2241bc0842042403719cb8c0f9ee8d14e118e65f5b
SPAR,Koch Oli Irsai Olivér,2026-04-09,2026-04-29,1499,1249,False,Bor,2,8e87318e579d697c6335b9deb5454e276dc5243a8fb2cb7d976b62aa3be88d1b
SPAR,Soltész Rozé Cuvée,2026-04-09,2026-04-29,1599,1299,False,Bor,2,712d2776ca2a0955d2946d1cf19d45b570a8e6f48c69722119adca9d903e3f21
SPAR,Kamocsay Prémium Chardonnay,2026-04-09,2026-04-29,2599,1899,False,Bor,2,71c58e7ad2277f2c32bf9d646699526ac257b0ae1ecaf86c654489b34fed3684
SPAR,Takler Kékfrankos,2026-04-09,2026-04-29,2599,1999,False,Bor,2,f8994bed57d453460a13cd9d7e6a36347d4c2795ac66e27dc885c0290c039db5
SPAR,Vylyan Ördög,2026-04-09,2026-04-29,2599,1999,False,Bor,2,cfc1b0ba1870e0d24513931f44897a1fe3d118a19db05193923af1e0ffa153ce
SPAR,Laposa Olaszrizling,2026-04-09,2026-04-29,3499,2499,False,Bor,2,403a1c2b83a07fcb26a16b6c6024330a8466bbf355fa2933356bc093eba8726e
Tesco,Coors üveges világos sör,2026-04-23,2026-04-29,439,399,True,Sör,2,87964ea3654eba8ee7401006dfc13b57db64fed5117dfcc361cea999aaf52d44
Tesco,Budvar Dark Lager cseh dobozos barna sör,2026-04-23,2026-04-29,479,419,True,Sör,2,91222abd6b8b7b35ed41c50e97b5ffa4804afb1e1db320e750bd69b3d981f087
Tesco,Soproni dobozos multipack,2026-04-23,2026-04-29,2249,1999,True,Sör,2,4d73ff823014c1ed18af390a0687b41771c949cfc50cb1480b55d696ae22a411
Tesco,Pilsner Urquell dobozos világos sör multipack,2026-04-23,2026-04-29,2999,2699,True,Sör,2,d91c9fd2e8e8f9077073f3f00a81fc08103d3c782e8ad8ac6546abc5ee22cbcb
Auchan,Soproni SOPRONI DOBOZOS SÖRSPECIALITÁS,2026-04-23,2026-04-29,479,419,True,Sör,2,af020404752c2ec4ddbf97ad52079146b10e1d2160c2dd042b33f71ab65627fc
Lidl,GÖSSER Világos sör,2026-04-23,2026-04-29,429,359,True,Sör,2,f3d65acb377dc40cd7bc618524301341c1e0d3a374d8c7a7d72e7653964b60cf
Tesco,Arany Fácán dobozos sör,2026-04-23,2026-04-29,399,259,True,Sör,2,18fc43ea32cd101bcfdf2e8102b10df80028fc71623e3da62aa098c6c2fd0b5c
Tesco,Kőbányai dobozos világos sör,2026-04-23,2026-04-29,379,329,True,Sör,2,56991382f0fe9b14b60acc8893c6f32c1e9145e8f95bb63b5c6a1eacde48b87b
Tesco,Heineken dobozos sör,2026-04-23,2026-04-29,469,389,True,Sör,2,21fef65504239966d1e16f73e7bfb6c1cf919b171d287cab3133f3be200023b7
SPAR,Staropramen sörpack,2026-04-23,2026-04-29,1739,1399,True,Sör,2,749a5bdd821c6537b8e2e6ec44868ec21227736e5c4e4f9f265b3735cc5ca006
SPAR,Arany Ászok sörpack,2026-04-23,2026-04-29,2149,1799,True,Sör,2,0759adc9bb11a2445e4f1a44a34124b355b8ff9b825e6bf6968edc331fb42dd9
Lidl,PERLENBACHER Világos sör,2026-04-23,2026-04-29,249,199,False,Sör,2,abb673f0a4399f2b0e3dd247b56a87211cdaf728dac006a532400186373c6f5e
SPAR,Sol mexikói világos sör,2026-04-23,2026-04-29,499,249,False,Sör,2,1db81b06bdebd11061cfe8702f7b9505b8891f6244df6faa9822c57dc87fe363
ALDI,KŐBÁNYAI VILÁGOS SÖR,2026-04-27,2026-04-29,379,329,False,Sör,2,01057df8219381955057e2fd9224c7de336be9e30bace9dd0a7fb49dd8bfa3f3
Auchan,"Pécsi PÉCSI PRÉMIUM LAGER BIO, GLUTÉNMENTES DOBOZOS SÖR",2026-04-23,2026-04-29,509,369,False,Sör,2,ed19cc322d09bff98ea575e0193a9c91e661aaa858bdbd154ca818cc5403ce06
Lidl,ESTRELLA Világos sör,2026-04-27,2026-04-29,599,449,False,Sör,2,d4c84cf78e353675df88cad01c9c7323b231fb6ec85691d016d5bfcb1029a40c
Lidl,CORONA Extra / cero,2026-04-23,2026-04-29,699,599,False,Sör,2,4ae4ed4fbc2accf21b11a2ce25da42293f23d8f203661e85bae910062c25d359
SPAR,Becks sörpack,2026-04-23,2026-04-29,1699,1499,False,Sör,2,f90aabbac9384ad462a33241db779f4568c246a262e088021a2dedcddb5f99dc
Tesco,Monkey Shoulder whisky,2026-04-23,2026-04-29,13190,10590,True,Tömény,2,a6599605a8131a4c4f673277d67d4c8dd2af6808fb690650b7c5655661aaedb6
Auchan,Grants GRANTS SKÓT WHISKY,2026-04-23,2026-04-29,9999,7999,True,Tömény,2,ce977224a14d178991d2a8db2ef2b384b54ab22f5070533918339d069940c14c
Tesco,Johnnie Walker Red Label whisky,2026-04-23,2026-04-29,6749,5799,True,Tömény,2,a94fc0d37001d6da5364a8106fe55758c07f0cf5979b7af3af44cfb0f4692302
Tesco,St. Hubertus gyógynövénylikőr,2026-04-23,2026-04-29,4499,3699,True,Tömény,2,b898d2eb43ddf1c29e191b1bfe8e93502040acc9cc977aff412ed720d7823116
Tesco,"Zwack Unicum, Unicum Szilva vagy Unicum Barista keserűlikőr",2026-04-23,2026-04-29,11399,8599,True,Tömény,2,518bd9dda22c2aff75eb24fa1b748808c8488e90af93d981e1386a40bacea59c
Tesco,Sierra tequila,2026-04-23,2026-04-29,8990,7590,True,Tömény,2,56f9bb933797ffb4a385854991924860040a48c4fef0163d7a0f6548377319a4
Auchan,Angelli ANGELLI KRÉMLIKŐR,2026-04-23,2026-04-29,4239,2899,True,Tömény,2,db6e36da12631250b394c25a3820f9be74d930469bd4d54cd1584621d413c6bc
Auchan,Finlandia FINLANDIA VODKA,2026-04-23,2026-04-29,5099,3999,True,Tömény,2,16f049360202a64aa55149e5af87a493d0b5a9f4a0e3997c4b088b94f1ca5a40
Tesco,Kalinka vodka,2026-04-23,2026-04-29,5299,4499,True,Tömény,2,afc1c4054aa89d3d40a4b82c934d64ba5fa19560c5de02e3e881e473835133b8
Tesco,Jägermeister gyógynövénylikőr,2026-04-23,2026-04-29,6099,5190,True,Tömény,2,a25937b0633bdb125ae49118efd34b5958d39aa208e25d0aa98f546b5d871526
SPAR,Johnnie Walker Red Label whisky,2026-04-23,2026-04-29,8499,7199,True,Tömény,2,df073b1d86f57bcce9a7e423ecc3bc9240083c937358f43bfdf38c4189234c67
ALDI,BLACKSTONE KRÉMLIKŐR,2026-04-27,2026-04-29,2819,1899,False,Tömény,2,78e5b4decd99bd9449ed147ec85cd4d51e975cfe61f23bfad5592486ac8ca81f
ALDI,MANDALEY LONDON DRY GIN,2026-04-27,2026-04-29,6099,3999,False,Tömény,2,a5fbcc8095b741f7c5091ca65d29a9c6a8a864f7c7f86dc21dc324e1ac646ac5
SPAR,Metaxa 5*,2026-04-09,2026-04-29,7949,5999,False,Tömény,2,22a437677a307f841ca804baf2a65b35cdc52def1ecfe91cfe40f7e5552d73ff
SPAR,"Kalumba White, maracuja gin",2026-04-09,2026-04-29,8249,6599,False,Tömény,2,e67f5000100a6383f7c6ec5efdd2c87373a538e549a83764af7fe88c4b5b3c4b
SPAR,"Tullamore whiskey, Café Honey whiskey",2026-04-09,2026-04-29,8799,7999,False,Tömény,2,c7fcc982fa85479c338f95cd225c70ec18c580bd177b07a8cd5d91a330c2d4b5
SPAR,"Olmeca Gold, Silver tequila",2026-04-09,2026-04-29,12199,9499,False,Tömény,2,24d6ef6fafb3b583c0c5aa8c59b082098c402acdcec3fcf4d02b134be889ec0e
Tesco,Somersby dobozos cider,2026-04-23,2026-04-29,569,529,True,Cider,2,55c154948e7d99e8085bc5dfa9cec106cc890ea4260f9ad0712812cf212463b8
Tesco,Sauska Brut Méthode Traditionelle pezsgő,2026-04-23,2026-04-29,7190,6399,True,Egyéb alkoholos ital,2,2b7f9cab4e2cf67c22b5bc01df738badb2b9a60101c812f9d8ed013d4e97f2d2
Tesco,Törley pezsgő,2026-04-23,2026-04-29,1999,1599,True,Egyéb alkoholos ital,2,89efe573385a3baa06133b0ddd204186d8370e84ed539ed4a67aeb890fbd3254
SPAR,Natara,2026-04-09,2026-04-29,1799,1399,False,Egyéb alkoholos ital,2,a7f51cf865379c2d7f01602ed1c6ea8997743ab946cf3b66142839cecfb2359f
Auchan,FEJES SALÁTA,2026-05-07,2026-05-13,499,249,False,Salátafélék,3,b39b02ed9fd262c731950e0a88738451f906df4cb904f01d766efc9062786452
ALDI,FÜRTÖS KOKTÉL-PARADICSOM,2026-05-07,2026-05-10,1185,999,False,Paradicsom,3,10513e8ba50c32b2f657f0d05ca7b0aff4ca5f5e93c0dc32ed2bb2d2f19ccefc
Auchan,TRIKOLOR PAPRIKA,2026-05-07,2026-05-13,1499,799,False,Paprika,3,ff691484d484e4ce74ca51e116a3db6f70eecd21389132b175f053b8bb0e7dc4
Auchan,PIROS ÚJBURGONYA,2026-05-07,2026-05-13,1199,899,False,Burgonya,3,2dc1585054444b0c3b32ee931a7572e2926c614df6df9f34c7b60c537380c194
ALDI,VÖRÖSHAGYMA,2026-05-07,2026-05-10,209,159,False,Hagyma,3,885e28898481ff7fa6e54549ccecca853f92ce2c3caad262e0093cc5a889508c
Auchan,ÚJHAGYMA,2026-05-07,2026-05-13,349,249,False,Hagyma,3,a9b3d4bc5efc319f96aa5194df269d763fee518bcbd587bd38e4923f81a6d7f6
Auchan,LILAHAGYMA,2026-05-07,2026-05-13,599,249,False,Hagyma,3,7793bbb16dfc00678b9956abac85dbca5aef323eac05244042183eca3f239bbe
Tesco,BROKKOLI,2026-05-07,2026-05-10,649,499,False,Karfiol és káposzta,3,c0b99dc04b75c3205fb15aa1ef9641d1bf3ce0f2ea7e7cc73c44ac09df50e885
Auchan,"Auchan AUCHAN KEDVENC GYORSFAGYASZTOTT, ZSENGE ZÖLDBORSÓ",2026-05-07,2026-05-13,799,669,False,Mirelit zöldség,3,360afa4de3598e3890e26a2638dffc4910d9f654355b6fb92f03c2218c03e0b5
SPAR,S-BUDGET tavaszi zöldségkeverék,2026-05-07,2026-05-13,887,699,False,Mirelit zöldség,3,31d76ffa969150666717b0aec4f28bae4bfad24219ed63eb2834e019e4327c25
SPAR,Aviko hullámos hasábburgonya sütőbe,2026-05-08,2026-05-10,1459,899,False,Mirelit zöldség,3,242b66c19b39d81031d948ee3528ebd2c6c9efd222056350ec943af3f59576ad
SPAR,Aviko házias burgonyahasábok,2026-05-07,2026-05-13,1499,999,False,Mirelit zöldség,3,5dd9de727d627ba32af137115359a2a9b3114645a43b7e98a0b60e40f456927f
Auchan,"Mirelite MIRELITE GYORSFAGYASZTOTT, GYALULT TÖK APRÍTOTT KAPORRAL",2026-05-07,2026-05-13,1499,1099,False,Mirelit zöldség,3,e869ddedc29e57467746424be937751750a756cf9152afc359574daba2139a2c
Auchan,FINDUS WOK ZÖLDSÉGKEVERÉK,2026-05-07,2026-05-13,1699,1099,False,Mirelit zöldség,3,228e1fa7f89585bf2d16c6ed9e9e00e9dabcefc480b0c0a99434e37c732cd1fd
Auchan,Nádudvari NÁDUDVARI GYORSFAGYASZTOTT ZÖLDSÉG,2026-05-07,2026-05-13,1599,1299,False,Mirelit zöldség,3,a09a818c9e0fdfd6551a737c6244e478180d1302147cd7ce6a4bb8f1d5a9dc5f
Auchan,Auchan AUCHAN KEDVENC KLASSZIKUS HASÁBBURGONYA,2026-05-07,2026-05-13,1899,1499,False,Mirelit zöldség,3,782f80271d37286c0115b5852251b10e8a747e72a9e41f59d5231ca6fa94f01b
Auchan,MUNGÓBABCSÍRA,2026-05-07,2026-05-13,799,599,False,Egyéb zöldség,3,3f52f17ebf30b433232fb6100e8d5698d9955a43ed83d40477715def1506c910
SPAR,Petrezselyemgyökér,2026-05-07,2026-05-13,1299,599,True,Gyökér- és leveleszöldség,3,9ec4799ea0e3f9bc51fae32f93633f2ff06bf2729512be55db6d02c381ddf129
SPAR,Fehér Solo spárga,2026-05-07,2026-05-13,1999,1699,True,Gyökér- és leveleszöldség,3,78c8ce091db3397d781a94282f1800637eb7fd4f33bf102e133e57fcc7671821
Tesco,Magyar csomós retek,2026-05-07,2026-05-13,349,179,False,Gyökér- és leveleszöldség,3,45267873c8b0b050beecbcce47ea8689059d78e24a0f3e55d12b8eedf7c22cad
ALDI,KARALÁBÉ,2026-05-07,2026-05-10,349,222,False,Gyökér- és leveleszöldség,3,2e73831ccd345732db54f7b0ad64d642b40a8f2dd573356c858397c81c6c682e
Tesco,Magyar petrezselyemgyökér,2026-05-07,2026-05-13,1299,499,False,Gyökér- és leveleszöldség,3,5190d788cb53b2119f248789c64b0ea1524510c8395e20d366579d3c57f1ee95
Lidl,Zöld spárga,2026-05-09,2026-05-10,1599,1199,False,Gyökér- és leveleszöldség,3,64e5e1516113b9b0e70720a56dcae846e57ee64e8941698e2c67b9663bf30827
Lidl,Fehér spárga,2026-05-09,2026-05-10,1599,1199,False,Gyökér- és leveleszöldség,3,fe9e5942397e3e5a3947ab7584c48c3af7007e1cbe790c01d05cdd1ed0ea7315
ALDI,SPÁRGA,2026-05-07,2026-05-10,1999,1199,False,Gyökér- és leveleszöldség,3,287d9b34aaaa6ec7ef31c053e664aa35bce8a91eeb1c0098f663bac7e3599409
Tesco,Magyar zöld vagy fehér spárga,2026-05-07,2026-05-13,1499,1249,False,Gyökér- és leveleszöldség,3,94f164106606bfc1913441f0b47e47f45545ccaf5b4fd78630627c5c7ac144af
Lidl,Barna csiperkegomba,2026-05-09,2026-05-10,899,699,True,Gomba,3,583650a9db5daa136f7abb794318df6825f445eb287c3930ce3763e545d7d3f2
ALDI,GOMBA,2026-05-07,2026-05-10,899,599,False,Gomba,3,1c978717d6ee02e0536daf3858d76571790f5f24e2b42f74309da986daef10a7
Lidl,Cukkini,2026-05-07,2026-05-10,799,599,True,Tökfélék,3,4afdd9bfbf6ed970200e91f09cc1c7a825ea7df68fc30bbbe286beb74a6098e3
Lidl,Kígyóuborka,2026-05-07,2026-05-10,229,89,False,Tökfélék,3,162bf22e3f7dceacd6d94a499bdb068d4b0deed68525eda79adf68c21ec8855e
Auchan,KÍGYÓUBORKA,2026-05-07,2026-05-13,399,249,False,Tökfélék,3,27b262315d89e9a9728e260cd539e797ad7b7ea82f69fa9f7c99bcce40abed42
ALDI,FŐZŐTÖK,2026-05-07,2026-05-10,1299,799,False,Tökfélék,3,287ae09836bb55edc12dce36d38b5374b384be42252258e65f759df38bdc4ba3
SPAR,Eisberg Tavasz Mix salátakeverék,2026-05-07,2026-05-13,749,549,True,Egyéb zöldség,3,44aa74d447c695891a7d38667a2a866c513f255d7b2425f2f6c143e2afccea49
Tesco,"Eisberg Betyár, Pántlika vagy Puszta csomagolt saláta",2026-05-07,2026-05-13,549,439,False,Egyéb zöldség,3,ec173da0045ba5ef05ede40af748f0f9dadc6ed88244a35570197759295cac46
ALDI,KLASSZIKUS SALÁTAMIX,2026-05-07,2026-05-13,699,479,False,Egyéb zöldség,3,7672b3a6954ff8e53477e3d4309ec2fbac290e88cea51ecc1aa5e45502b4bd98
ALDI,GOLDEN ALMA,2026-05-07,2026-05-10,459,399,False,Almafélék,3,2a12e4832c54f6b266a8424aa881e53f794e578800a8e746a2af88c0fd31b31f
SPAR,S-BUDGET áfonya,2026-05-07,2026-05-13,1999,1599,True,Bogyós gyümölcsök,3,0a5be3fb30b81c957590826fb0acc48992c80b107bd365533a60c0931e6467f0
Auchan,Áfonya,2026-05-07,2026-05-13,6499,4299,False,Bogyós gyümölcsök,3,29bec29ff0be50510d9c53c39c4ab2168966f88f6b463bbefe45ede11e3ab82c
Lidl,Mangó,2026-05-07,2026-05-10,599,299,True,Egzotikus gyümölcs,3,711f556f1dff9dcdb9dc70d95272a6f805f41b562d6f14b1c491063548ca2047
Lidl,Avokádó,2026-05-07,2026-05-10,599,199,False,Egzotikus gyümölcs,3,819d38581c3cb4cddd4d4d14982c9facfd06bc3e8dfbf95e7f3fd34f0296f5bb
ALDI,ÉRETT MANGÓ,2026-05-07,2026-05-10,749,444,False,Egzotikus gyümölcs,3,23d4f2417ffe4c9eefef8431cf5f8dc0d5c33e1eddf43ed535b2261fdac28cb1
Tesco,Ananász,2026-05-07,2026-05-13,1099,599,False,Egzotikus gyümölcs,3,3367704c569f5f138305d959be85dca1a1c388c6ae293c96695a769269c49ee0
Lidl,Görögdinnye,2026-05-07,2026-05-10,799,589,False,Dinnye,3,4c887477cfbcffb4e0ea527c6585735ce49ec44a7ad33c2577d33868bd8b1b15
SPAR,Ripp-Ropp rántott gouda sajt,2026-05-07,2026-05-13,1799,1399,True,Mirelit gyümölcs,3,e55d7c7b9c7cb9d9acfa4997c2064b8f1fbd0969b4cfedd30f2600e712530ddb
Auchan,Ripp-Ropp GOURMET HORTOBÁGYI PALACSINTA,2026-05-07,2026-05-13,2198,1099,True,Mirelit gyümölcs,3,2881792ffa5c811d5186c6de21737dd2517f5bc28ddd56da7b0b7d97e9d3d494
Lidl,BON GELATI Jégkrém,2026-05-07,2026-05-13,1179,899,True,Mirelit gyümölcs,3,4be2d1051de5cd0a7a9366f0be90382269069e02978b97a51485eefa8120241d
Tesco,Ledo jégkrém,2026-05-07,2026-05-13,3079,2149,True,Mirelit gyümölcs,3,74a7a848f700c47fac11e7d0f5ae5c6c9060f370c87e7d0e0182255d2ccc5a02
Tesco,Dr. Oetker Guseppe pizza,2026-05-07,2026-05-13,1599,1099,True,Mirelit gyümölcs,3,8a424ef8006be24bad1fd3b15ad182f43e600c5f6176eb199e5b92aa97c06ed0
Tesco,Kaktus jégkrém multipack,2026-05-07,2026-05-13,1999,1649,True,Mirelit gyümölcs,3,6a65d360ae92b059972c1976f9dcf8cb0381d0236e3ee29faef692ca2b73fbca
Tesco,Ferrero Rocher jégkrém multipack,2026-05-07,2026-05-13,2149,1769,True,Mirelit gyümölcs,3,5e7f59921dbfd4d192eac838b29ef36bcc53450968ad67dda4a56c5618fc0a82
Tesco,Carte dOr Gelateria jégkrém,2026-05-07,2026-05-13,2599,1999,True,Mirelit gyümölcs,3,e1c3871eb27aa3eed488272f3c3a7612220f8f09ec61af95d1eb568250528520
Tesco,FROSTA fagyasztott halfilé brokkolis szósszal,2026-05-07,2026-05-13,2519,1799,True,Mirelit gyümölcs,3,0fca3f98e565d048f812df924b9cdab67fcad1c65c9e29e3215dc9e34bf991ff
Tesco,Frigotti gyorsfagyasztott vaníliás párnácska,2026-05-07,2026-05-13,2549,1699,True,Mirelit gyümölcs,3,3e20c2f9b79b3990948968b41bbf2ecb584dd13cf3881f6811ca169ac626aea6
Tesco,Magnum jégkrém multipack,2026-05-07,2026-05-13,2599,2149,True,Mirelit gyümölcs,3,e6f58893d4c19daaae485bcdcdaae09fd4e8e0f840f2a6e7d634aefe15e3f18c
Tesco,Magnum Bonbon jégkrém,2026-05-07,2026-05-13,2999,1999,True,Mirelit gyümölcs,3,5698a73874f2c66434b9e7953f816742433be76db0050f1b267114ecfc9e9e16
Auchan,IGLO FISHNRÖSTI HALFILÉ ROPOGÓS BURGONYÁS TÉSZTÁBAN,2026-05-07,2026-05-13,2599,1819,True,Mirelit gyümölcs,3,f31e3163f117f6c1728655e6fb424b1835996c4533c62f871fcac77eda449165
Auchan,Dr. Oetker DR. OETKER FELICIANA PIZZA,2026-05-07,2026-05-13,1599,1199,True,Mirelit gyümölcs,3,4ee2826c1e65e29c7b844a33346fa7b1b9fc25d723404472a0f3df5d30347509
ALDI,MUCCI TÖLCSÉRES JÉGKRÉM,2026-05-07,2026-05-10,279,179,False,Mirelit gyümölcs,3,f10c4c64ee3f8b8e011727cf2251926a641013a5716a2cca14312d3ef4e51dd0
SPAR,S-BUDGET sütésre kész péksütemény,2026-05-07,2026-05-13,799,599,False,Mirelit gyümölcs,3,19cd42889f79fa34ed00367a8a418a948c3cb8a9a14e9874b6a024e601603136
Auchan,"Auchan AUCHAN KEDVENC GYORSFAGYASZTOTT, ZSENGE ZÖLDBORSÓ",2026-05-07,2026-05-13,799,669,False,Mirelit gyümölcs,3,907528e49442b491b464de2e8340e9a3e37dfcdf72f3e71e229d849afe3004c2
SPAR,S-BUDGET tavaszi zöldségkeverék,2026-05-07,2026-05-13,887,699,False,Mirelit gyümölcs,3,0c0a9579f5d81cf68ea2e4db5c7da28ee030d46954a652056d1d38280f070bea
Auchan,Zott ZOTT MONTE TEJJÉGKRÉM,2026-04-23,2026-05-20,999,749,False,Mirelit gyümölcs,3,c4b3713cf7d600badd0753ab27f1b39757a903ad196e6ce66c045e86cd279930
Auchan,"MARONI GYORSFAGYASZTOTT, NATÚR GESZTENYEMASSZA",2026-05-07,2026-05-13,999,849,False,Mirelit gyümölcs,3,cf01d99b3e8c2088ddf34e2e94f3eb93cb38ac16d1f4ce82d3061102cea4eebd
SPAR,Aviko hullámos hasábburgonya sütőbe,2026-05-08,2026-05-10,1459,899,False,Mirelit gyümölcs,3,cc41fdb4bac8dc2d3761d5e204278ba4f49c0d6aa6d44cca2539bb6c9190a42b
SPAR,Aviko házias burgonyahasábok,2026-05-07,2026-05-13,1499,999,False,Mirelit gyümölcs,3,7d4536aaab2422d5a86548bc5f38428c9ee1ea42048d161c28f1dbd02075cf5e
Lidl,GELATELLI Pálcikás jégkrém,2026-05-07,2026-05-13,1699,1099,False,Mirelit gyümölcs,3,95bb29c39f8a03789fed30e8db0e9b3a68f034723dc0371f5b2ed5c82c8f2986
Auchan,"Mirelite MIRELITE GYORSFAGYASZTOTT, GYALULT TÖK APRÍTOTT KAPORRAL",2026-05-07,2026-05-13,1499,1099,False,Mirelit gyümölcs,3,94eb0f268ba49d2c9a3beca81939064e07603de32c78c3c4713a3a701dff1ccf
Auchan,FINDUS WOK ZÖLDSÉGKEVERÉK,2026-05-07,2026-05-13,1699,1099,False,Mirelit gyümölcs,3,8951d7cf8fc55ff69863b899a65892da39910b043c806529ad62224ce9c38a71
Auchan,"Nádudvari NÁDUDVARI GYORSFAGYASZTOTT, RÁNTOTT EMENTÁLI, CAMEMBERT VAGY MOZZARELLA SAJT",2026-05-07,2026-05-13,1459,1199,False,Mirelit gyümölcs,3,f95b50caa587b01a020c311cb25c6f7cb91ef4613eb62397993fec697d8905e2
Auchan,Nestlé NESTLÉ FAMILIA CSALÁDI JÉGKRÉM,2026-05-07,2026-05-13,2299,1299,False,Mirelit gyümölcs,3,668b9d0e98692ed5ca31ca44da65b8cb4e0ec850b2c39ed6d618f6e59a1e8de7
Auchan,Nádudvari NÁDUDVARI GYORSFAGYASZTOTT ZÖLDSÉG,2026-05-07,2026-05-13,1599,1299,False,Mirelit gyümölcs,3,a888d3ca70da3e6f9c15932842e10862e1628b84794715fbd29ff64de951d809
Auchan,Auchan AUCHAN KEDVENC NYAMI SZAURUSZ FALATOK,2026-05-07,2026-05-13,1699,1399,False,Mirelit gyümölcs,3,4e87b48004ce7b62a7d91395a100bd5d38d0ad87262910d06c5303c6f07d0316
SPAR,Nutella muffin és croissant,2026-05-07,2026-05-13,1799,1499,False,Mirelit gyümölcs,3,c59c94f34aa53624281dec9b6f71e2ca57a8b88963cfc1c60ce72afdce5b3887
Auchan,Auchan AUCHAN KEDVENC KLASSZIKUS HASÁBBURGONYA,2026-05-07,2026-05-13,1899,1499,False,Mirelit gyümölcs,3,9ef99e925e59afce38b0e0298681cd6966a780d36f7eb607ba0179e07ade16ba
Auchan,Zott ZOTT MONTE JÉGKRÉM MULTIPACK,2026-04-23,2026-05-20,2699,1999,False,Mirelit gyümölcs,3,58cbb096e565cae83622da5d2698eb310308e63abef108a607e06d60b716c853
SPAR,"Valdor Zizu, Deluxe nuggets, Zoo csirkemellfilé",2026-05-07,2026-05-13,3099,1999,False,Mirelit gyümölcs,3,d9b315656a79d60a83b727efd407b797f8520f86fe76509045fa7be68c2030ec
Lidl,MAGNUM Mini jégkrém válogatás,2026-05-07,2026-05-13,2999,1999,False,Mirelit gyümölcs,3,0ef61015a827167f791c545a44cf13cf1fa493c64e86e6393b2c260319635395
SPAR,S-BUDGET XXL halrúd,2026-05-07,2026-05-13,2599,1999,False,Mirelit gyümölcs,3,7dbeb761c6205bab873dd39fb68049bfb1cb63b0926a3b9f09af6fd8029bf473
SPAR,Master Good Fini Dino nuggets,2026-05-07,2026-05-13,2799,2199,False,Mirelit gyümölcs,3,17404b42d5067f12da3dca92447db29ca6fbaea85906360a6e1aee84af0ffa23
Auchan,"Valdor VALDOR GYORSFAGYASZTOTT, PANÍROZOTT CSIRKEMELL CHEDDAR SAJTTAL TÖLTVE",2026-05-07,2026-05-13,3639,2699,False,Mirelit gyümölcs,3,ac1379b2c4e29bcfe66dbd15833da5c7a0a7b204dfab47d4b15e299c63e07593
Auchan,Kometa KOMETA GYORSVACSORA SERTÉS-MARHA HAMBURGER HÚSPOGÁCSA,2026-05-07,2026-05-13,1299,999,False,Marhahús,2,bbb13e0d6024a1d37fefc250ac44fd23db0a8f43621040c9315f44bbc70c9c4c
Auchan,Terra Pannonia ANGUS MARHA HAMBURGER HÚSPOGÁCSA,2026-05-07,2026-05-13,1899,1499,False,Marhahús,2,d064dc1fb782eba84eccc94e210597b0860aa03d0d6c90f29c3c3f6f5a0eef5e
Auchan,NATIVUS SZARVAS HAMBURGER HÚSPOGÁCSA,2026-05-07,2026-05-13,2499,1899,False,Marhahús,2,28420e153dd5bc4254680a5ab39b4e5981112d45b589cee10f58c380020ba798
Auchan,Natural Meat NATURAL MEAT MARHA HAMBURGER HÚSPOGÁCSA,2026-05-07,2026-05-13,2799,2199,False,Marhahús,2,8e57fa61e6269d56efd0c484a411702df182c9700fad4a4cac444f425247844e
Auchan,Auchan AUCHAN KEDVENC MARHA DARÁLTHÚS,2026-05-07,2026-05-13,3899,3299,False,Marhahús,2,5536f02f12c301a9fe4f9d4b4c8adf65df509a9f97a75a02afb1fcdfe48abaa3
Auchan,THE FROZEN BUTCHER ANGUS BURGER HAMBURGER HÚSPOGÁCSA,2026-05-07,2026-05-13,4490,3490,False,Marhahús,2,a050e7f35d1ec53d1b39fd695c54b001074a41f2da7c2b4f221a915763f87041
Auchan,BORJÚCOMB,2026-05-07,2026-05-13,6299,5659,False,Marhahús,2,bfa2cd2863ac1102e9a1ea3f1d71fdf0073368c0d97671304ca03e16b68ded6b
Auchan,Auchan AUCHAN KEDVENC MARHA VESEPECSENYE,2026-05-07,2026-05-13,8599,7699,False,Marhahús,2,b1e053bb7e0753f5b5df967bd88eedeca36622d0b3d221516ddedb3bbe788162
Auchan,Auchan AUCHAN KEDVENC CSIRKE LEVESTÁL,2026-05-07,2026-05-13,1259,899,True,Csirkehús,2,eb642fdbb76ee9ca1432328f7dfdb2704ae8b3dc946faf36210cadf5098e6710
Auchan,Master Good MASTER GOOD CSIRKE BŐSÉGTÁL,2026-05-07,2026-05-13,1965,1399,True,Csirkehús,2,8eec954406618c83159fd68d66b1a292eada36f10eadfc6e727a0353df92c4e7
Lidl,Friss csirkecomb,2026-05-07,2026-05-10,755,666,False,Csirkehús,2,52b51fc60d390f7e148219c77214ffcb1098c12fd4e339c8c23418274f52f73f
ALDI,HÚSMESTER FRISS CSIRKECOMB,2026-05-07,2026-05-10,999,899,False,Csirkehús,2,5f48f7b960dbab2ee9fae0501bbea289f9db4b8afe7c42d19138081136cac114
Tesco,Grill Master Buffalo ízesítésű csirkecombfilé,2026-05-07,2026-05-13,1699,1449,False,Csirkehús,2,a1eb9a9752d1c47eeb2fa0b03551cf70107c1f337fb7db83210c78132d246baa
Auchan,RÁNTANI VALÓ CSIRKE,2026-05-07,2026-05-13,1999,1799,False,Csirkehús,2,95dcc48f5cd7c0bf4a785436828633dcd74ffbda1fef71f0c1d840ef2a021025
Auchan,Master Good MASTER GOOD CSIRKEMELLFILÉ,2026-05-07,2026-05-13,2299,1799,False,Csirkehús,2,c9076b6023982e6c1d14c2664394e65313397610b7242eac167f2821be25fda4
SPAR,Székely Csürke antibiotikummentes csirke felsőcombfilé,2026-05-08,2026-05-10,2208,1849,False,Csirkehús,2,e01c65b7ed2410d709eaf5b35f43e62737ea395be7eccc8293e4d5ce0eb89c3a
SPAR,Gallio Light darált pulykahús,2026-05-07,2026-05-13,1789,1329,True,Pulykahús,2,0a015aba927bcb07120d8f84e659d9d60a7e4c050a81a8be112abc18af8016f4
Auchan,Gallio GALLIO PULYKA DARÁLT HÚS,2026-05-07,2026-05-13,1749,1569,False,Pulykahús,2,7debb77771b2ec56b0980e55b0c985883cf3d257946c1f413f23703740afc034
Auchan,Auchan AUCHAN KEDVENC SERTÉSLAPOCKA,2026-05-07,2026-05-13,2299,1839,True,Sertéshús,2,af3c064beff276f0ec01e44118637ad398ab36cf7c298a457cb33686544f4895
SPAR,Regnum préselt disznósajt,2026-05-07,2026-05-13,359,279,False,Sertéshús,2,f89ffb9bf002c0684108ba7b5eea1591010d4fbb8f0bf436ef90788b6c7b9e79
Auchan,AUCHAN TIPP FÜSTÖLT-FŐTT TARJA,2026-05-07,2026-05-13,429,359,False,Sertéshús,2,c0b09681b593f86d538f2b726a27fd743dc68a0cb6d72bf124bdb7963d60af4d
SPAR,"Regnum füstölt, főtt tarja",2026-05-07,2026-05-13,529,399,False,Sertéshús,2,8aa43bf096dc8c25190c82b58567ed8d7ec3a1a6a30f6cc4409af639153baa2e
Auchan,Berekhús BEREKHÚS SERTÉS RAKOTT NYELV ASZPIKBAN,2026-05-07,2026-05-13,549,449,False,Sertéshús,2,763303ea1d39255bdd545369047822b7407da85fdc1f7b4bff74edbc8c4b72b5
Auchan,"Bogádi BOGÁDI FÜSTÖLT, NYELVES DISZNÓSAJT",2026-05-07,2026-05-13,549,449,False,Sertéshús,2,c872ae338b77e13f827570b563a44b19304925a087a86280a120be7479e1983e
ALDI,HÚSMESTER FRISS DARÁLT SERTÉSHÚS,2026-05-07,2026-05-10,1039,849,False,Sertéshús,2,aa26def7ba6f9ced904581a52bc9f2a07e19157ed98564f2779416c44a5f4312
Auchan,"Bogádi BOGÁDI MOZAIKOS DISZNÓSAJT, KOCSONYA, EXTRA RAKOTT NYELV VAGY NYELVES DISZNÓSAJT",2026-05-07,2026-05-13,1669,1159,False,Sertéshús,2,7bbc3fef8798525e2e72ac4a64c9b0494f7fa126ff789ae6c9bab30ef8184b2e
ALDI,HÚSMESTER FRISS SERTÉSLAPOCKA,2026-05-07,2026-05-10,1639,1199,False,Sertéshús,2,13e5005556f286f34bded00153ddc23dc0ca9c529afd8ac4a5fec82a2ba216d1
Auchan,Auchan AUCHAN KEDVENC SERTÉS HÁTSÓ CSÜLÖK,2026-05-07,2026-05-13,1599,1219,False,Sertéshús,2,4dd40c93ad1f2239b370066abfac27599a820a7fd8f7daf32ce826b731d047bd
Auchan,"Tauris TAURIS FÜSTÖLT, HÁTSÓ CSÜLÖK",2026-05-07,2026-05-13,1990,1690,False,Sertéshús,2,d07f7469720d9070dacc09969284fed0b3bbc9362095d286b0cd84f9968c0ecd
Tesco,Tesco sertés-marha darálthús,2026-05-07,2026-05-13,1999,1699,False,Sertéshús,2,b4d8021d45017f154e9b5b02399aa708d21050bc8833bcceaed3732bcb1cdce0
Auchan,HÁZTÁJI SERTÉSLAPOCKA,2026-05-07,2026-05-13,2349,2099,False,Sertéshús,2,54294b5a2883b98b262b19b50f919ae198fa41fa0c18f5bb10d34b19191ea895
Tesco,Friss magyar sertés szűzpecsenye,2026-05-07,2026-05-13,3189,2629,False,Sertéshús,2,37deae73f32af7c1ccee5c665ecf2ee28583ab0b4f2438fb84043e2e02cc1d38
Auchan,Pescadero PESCADERO KOHLER MELEGEN FÜSTÖLT PISZTRÁNG,2026-05-07,2026-05-13,3099,1859,True,Halak és tenger gyümölcsei,2,7d5fe66bf32c979534d3512d5cdee91599f5d35b3c3275cc95d73d0399b30f42
Auchan,AFRIKAI HARCSAFILÉ,2026-05-07,2026-05-13,4590,3599,True,Halak és tenger gyümölcsei,2,b036c0bf0c023cff24a8d48512eb0a5b040e21f67c20c75df43f785088e140f1
Auchan,VEGYES PONTYSZELET,2026-05-07,2026-05-13,4499,3599,True,Halak és tenger gyümölcsei,2,8763750230470bd6f09e958337b7616bae7b4e4063c40f5e6df8cdf94d10d735
Tesco,Tesco ruszli,2026-05-07,2026-05-13,1929,1499,True,Halak és tenger gyümölcsei,2,92bc8412c53a2fb727fe03421ee6f63470138c2e89c8306301df3f7c9d15e875
Auchan,RÁKNYÁRS,2026-05-07,2026-05-13,2299,2049,False,Halak és tenger gyümölcsei,2,497c6b52f1ed3ff6d47002848c26e5f757dfc30bf4168d7e4328d58e26b4d66f
Auchan,"PRÉMIUM BŐRÖS, NORVÉG LAZACFILÉ SZELET",2026-05-07,2026-05-13,5099,4299,False,Halak és tenger gyümölcsei,2,5ffa41c40dab49796ece0ae2387dd686f73759042a6a2036dcc133792859d4e8
Tesco,FROSTA fagyasztott halfilé brokkolis szósszal,2026-05-07,2026-05-13,2519,1799,True,Halak és tenger gyümölcsei,2,e7c698518b6729c500b57597e3a36c8eccc4e2d78a2b51f58b9fa9041dc6007a
Auchan,IGLO FISHNRÖSTI HALFILÉ ROPOGÓS BURGONYÁS TÉSZTÁBAN,2026-05-07,2026-05-13,2599,1819,True,Halak és tenger gyümölcsei,2,0e7287e8c742e083bf6f603227c66a2d9255e2b12de08f5b57276662315c5303
SPAR,S-BUDGET XXL halrúd,2026-05-07,2026-05-13,2599,1999,False,Halak és tenger gyümölcsei,2,3b548b5c1f84131ead5696d8d161057b222b80d451e080b2b5fced16d4c11494
Auchan,Auchan AUCHAN KEDVENC NYAMI SZAURUSZ FALATOK,2026-05-07,2026-05-13,1699,1399,False,Egyéb hús,2,f7593c36d59fae6cf4e16aad6605acafaf4b41656e499d7dbdfc5f7f7e842343
SPAR,"Valdor Zizu, Deluxe nuggets, Zoo csirkemellfilé",2026-05-07,2026-05-13,3099,1999,False,Egyéb hús,2,1d93b64384504a3dc836c05e79dd0702ce78e201d312c84ee0b1b7bdd6153d52
SPAR,Master Good Fini Dino nuggets,2026-05-07,2026-05-13,2799,2199,False,Egyéb hús,2,62f19292f79c71d27bd67942dc3113479de47dfbbcf684740a81ecfa01beade0
Auchan,"Valdor VALDOR GYORSFAGYASZTOTT, PANÍROZOTT CSIRKEMELL CHEDDAR SAJTTAL TÖLTVE",2026-05-07,2026-05-13,3639,2699,False,Egyéb hús,2,15be1da4f596474696ba4f2aa3fc938e6f43b8f33a03123ded4b7a49b1e02036
Tesco,Grill Master Maxi Berner sajtos kolbász bacon-szalonnába göngyölve,2026-05-07,2026-05-13,1829,1499,True,Egyéb hús,2,a14e3a51ec090cd6cea45067017a1675941036d9a81406ccd99dd72d106da754
Auchan,Régimódi RÉGIMÓDI GRILLKOLBÁSZ,2026-05-07,2026-05-13,1099,899,True,Egyéb hús,2,cc579bcfd932c53a3cbd22aad019ba8553fa289dc72599ba12703bed03d6d81f
Auchan,Nádudvari NÁDUDVARI GRILLKOLBÁSZ,2026-05-07,2026-05-13,1399,1099,True,Egyéb hús,2,5223c828827e0af09d2a8c71b6026f51443e68bdb09263056b2a6c0e72a805c3
Auchan,Bogádi BOGÁDI GRILL KOLBÁSZ,2026-05-07,2026-05-13,1499,1299,True,Egyéb hús,2,e827e4bd166d05b5847e0aeb115e28d78e896a1d0738f223b9d135bfa001c897
Auchan,Valdor VALDOR PECSENYEKACSA CSOMAG,2026-05-07,2026-05-13,2499,1599,False,Egyéb hús,2,96a442ef4c4db21f07528e8117e03bcd56d06558ce6d946a5f023bf3d1cbcb70
Auchan,HÍZOTT LIBACOMB,2026-05-07,2026-05-13,6999,5799,False,Egyéb hús,2,4f0c5c6d3189537166d3127fd5c2ea75ad8bebaba19fa1a0faf44b17666a67d0
Auchan,HÍZOTT KACSAMÁJ TESTHÁJJAL,2026-05-07,2026-05-13,13999,9999,False,Egyéb hús,2,1d983354137f4246319cc352b0d980a5e8cfb2f763952a11c970bde329d5ae99
Auchan,DARABOLT PECSENYENYÚL,2026-05-07,2026-05-13,2529,2139,False,Egyéb hús,2,27ea0f732378859b755e85e9d0e8d0671b1d36b4038e0979b16f7dfd43c4531e
Tesco,Danone gyümölcsjoghurt multipack,2026-05-07,2026-05-13,649,499,True,Joghurt és kefír,2,1133c62e84e6796bb453961153e20bb3d0834a719ca9654899897e696f1e7abb
Tesco,Parmalat ivójoghurt,2026-05-07,2026-05-13,999,829,True,Joghurt és kefír,2,4f4b921947a48e486b541780ffdfa0c3a1a8e6c2ee084942af5553c139e66efa
SPAR,Zott Jogobella gyümölcsös joghurt,2026-05-07,2026-05-13,151,139,False,Joghurt és kefír,2,26a2194bbc6cd0b326c344c6246867ea0b7de222f0196b85e7fb2b8ef14dc577
SPAR,Zott Jogobella joghurtos ital,2026-05-07,2026-05-13,349,239,False,Joghurt és kefír,2,f252f7995eea64a0bfa7faef943d5252a0c0cd55fa71fe5340ce4a0d8e55c9c1
Auchan,Tarka TARKA KEFIR,2026-05-07,2026-05-13,379,249,False,Joghurt és kefír,2,5498c5cd1f086a497f5185e584b418535b62ebae9d9f12cc0634d3ce1b4e3010
Auchan,Mizo MIZO KAUKÁZUSI KEFIR,2026-05-07,2026-05-13,749,449,False,Joghurt és kefír,2,656a6e2b2d0e60415680444aa638aa40027f694bba5be6d609857556f2d3c3e9
Auchan,Danone DANONE JOGHURT,2026-05-07,2026-05-13,649,549,False,Joghurt és kefír,2,714f11faa69de56778a7b9c4c143ac8165ee68e21d032c1e8badc06ddc3c3d9a
Lidl,DANONE Actimel,2026-05-07,2026-05-10,849,549,False,Joghurt és kefír,2,e828bd7ccba482f5c42ada349ff01cc658a4603ebe7fa14b4428d81564796236
SPAR,"Danone élőflórás, gyümölcsös joghurt",2026-05-07,2026-05-13,649,549,False,Joghurt és kefír,2,646124d6777ca179c1e024e3b9adaddc301aeedf9d3b2101e358c8e79484b0dc
Auchan,Danone DANONE ACTIMEL IVÓJOGHURT,2026-05-07,2026-05-13,849,599,False,Joghurt és kefír,2,7d72cb4f45e91b487f3599e52586242e408de15b14ec583fc9932b0d535d798c
Auchan,Danone DANONE OIKOS KRÉMJOGHURT,2026-05-07,2026-05-13,849,699,False,Joghurt és kefír,2,c83a755e9ab315c48e1975f60cdce711f468301872771569401efaabc6d021ad
Auchan,Pannónia MESTER MAASDAM TÖMBSAJT,2026-05-07,2026-05-13,6479,3879,True,Sajt,2,8d4fbec03d8b4f14e777300cd1e4af88ebec1f445d715b5d44fc378db5d9818d
Lidl,MILBONA Mascarpone,2026-05-07,2026-05-10,749,609,True,Sajt,2,8de6eeb1cf789d2fef9a033273dae2ef143d5dbbae329f192b1258c6376668d7
Tesco,Magyar trappista sajtkorong,2026-05-07,2026-05-13,3490,1990,True,Sajt,2,fd7770cfc5c34f89a68bf9f72d1f8180958deb33456d7c7181ec340fdf27541c
Auchan,HAJDÚ BURGER GRILLSAJT,2026-05-07,2026-05-13,1199,899,True,Sajt,2,a2c28ae67cf12b93cb85c397040362247653bad5f705a210dfcd844fdef28a29
Tesco,Ammerländer szeletelt gouda vagy edami sajt,2026-05-07,2026-05-13,3999,2699,True,Sajt,2,a94713904db0cd0ecb5d39db5b94ccf793c9fdb8af53d5afd92c4c83ede60d97
Auchan,PRÉSIDENT GRILL CAMEMBERT SAJT,2026-05-07,2026-05-13,1199,959,True,Sajt,2,5ec178d96e29c11254647fab46976af51f7ffb8be49a62bea0dd856d3569a1b4
Auchan,AUCHAN TIPP ÖMLESZTETT SAJTSZELET,2026-05-07,2026-05-13,449,359,True,Sajt,2,b977c35997798380df5154e4f1189f0ee52d72c05c58f9e2ac6ba6e1854892af
Auchan,ZOTT TOASTY LAPKASAJT,2026-05-07,2026-05-13,659,399,True,Sajt,2,67017cd6ef67fe8d7ea37e2c67308bdee00ceed2aca4a5c9a7d01d44ffa66f5b
Tesco,Lecker darabolt Tilsiter vagy Mimolette sajt,2026-05-07,2026-05-13,549,479,True,Sajt,2,0a665b7196d96b0df963d2121a1a52fe8d5785e526894f2428e16d102aa8d51e
Tesco,Tihany Camembert sajt,2026-05-07,2026-05-13,799,579,True,Sajt,2,b1d8852577a01d88dee2d515c0bf15de950a579b87196f2d76e87d18d4597845
Tesco,Philadelphia fokhagymás-zöldfűszeres szendvicskrém,2026-05-07,2026-05-13,1459,1049,True,Sajt,2,fac7dac597225684ea4be44dcf6dd40324602cf4cd068351ece632b68fc2041f
Tesco,Président Cottage Cheese,2026-05-07,2026-05-13,699,549,True,Sajt,2,d8cdf8826f22a720f8fcbaa6717d1f5ba70447a662ed9094465c5df97928ce75
SPAR,Magyar trappista sajt,2026-05-07,2026-05-13,285,199,False,Sajt,2,8e97e2a7cfb857f3de6ea585c48dbf2db70a05638b3711c80218ddc82001beaa
SPAR,Baron nagylyukú sajt,2026-05-07,2026-05-13,469,299,False,Sajt,2,0b8bce75d106831772d4ded1880ce9355969880d11ba14e4b3507f5336552c69
Lidl,PILOS Camembert sajt,2026-05-07,2026-05-10,445,329,False,Sajt,2,fa9ab5851f46852b25611e7f567362037fe87c0f24e97b91944f67f3c3669a1c
Auchan,Szarvasi SZARVASI SZELETELT MOZZARELLA SAJT,2026-05-07,2026-05-13,689,549,False,Sajt,2,92cfb472ebb81632b779db9f229b8d22186871f15d15e2976094ba65f20ea0d1
Auchan,Tihany TIHANY ÍNYENC CAMEMBERT,2026-05-07,2026-05-13,799,559,False,Sajt,2,706e0ca7d96f927904b0f38b704b5cbedf2518ac532ca88a622fa1a20ef833d1
SPAR,Leerdammer szeletelt sajt,2026-05-07,2026-05-13,899,579,False,Sajt,2,832a26047faaf890c801157e2e89d1d5c0e18523e580df3ec2a6a83c1a8d1411
Lidl,PILOS Carski sajt,2026-05-07,2026-05-10,999,669,False,Sajt,2,f1eef59921d8275d837559fdb6927258e36d1054cf5f784ae08752d7bd4e13b9
SPAR,Philadelphia szendvicskrém,2026-05-07,2026-05-13,1029,699,False,Sajt,2,eefe6bfca7edc2dd4ceda68a2f96762acc8d68780a9d9da3fccb8ec8f0263542
SPAR,Hajdú grillsajt,2026-05-07,2026-05-13,1199,899,False,Sajt,2,5c2e491d187db62f679b0f239c08484e0cf8a7c2dc1dd8f01cb1143148554a21
Lidl,MILBONA Olasz kemény sajtok,2026-05-07,2026-05-10,999,899,False,Sajt,2,62378359f1f338327bac092873cf63945a2cd2f3c0437363e5e9d6dd4b71b76d
Auchan,VÖRÖS CHEDDAR SAJT,2026-05-07,2026-05-13,1999,1549,False,Sajt,2,8c22692a882c33f98f6701c1a8c7e3d2e53d2c463375a37d8c8bc6444235a01e
Auchan,VÖRÖS CHEDDAR SAJT,2026-05-07,2026-05-13,2749,2199,False,Sajt,2,eda62068866418a880cdf23455a91f396f3c2c3284162054d205b3852bfbe1eb
Auchan,Zanetti ZANETTI PARMIGIANO REGGIANO,2026-05-07,2026-05-13,3499,2249,False,Sajt,2,9ed058932a9b87f2d49be39540be80d5d8794a2b95453bf2b07e06ba69a3fd0e
Auchan,Hajdú HAJDÚ PARTY PACK GRILLSAJT,2026-05-07,2026-05-13,3349,2699,False,Sajt,2,2e1bf0eb7d6a014485711210564185642146562cb9c2c6048fd0308fbce3b6a4
Auchan,Mizo MIZO ANIKÓ SAJT,2026-05-07,2026-05-13,6599,4999,False,Sajt,2,3d706624cdcc2e6216d47cdba2d3e68332fbd864335c4d1167224bde244dbbc3
Tesco,Lurpak vajkészítmény,2026-05-07,2026-05-13,1849,1249,True,Vaj/vajkrém/margarin,2,f50ca881c190af5703fe88c667b18d76793735f8683961344672ea6fa668ec16
SPAR,Magyar vaj,2026-05-07,2026-05-13,879,739,False,Vaj/vajkrém/margarin,2,312f846d08180a1aece868ad4b4fdf8cd2efd6853c7ffd2dff5e844fb1a5fdaa
Auchan,Mizo MIZO VAJKRÉM,2026-05-07,2026-05-13,1199,799,False,Vaj/vajkrém/margarin,2,c4a8f96496703ba7b66b2ded7b754dc55735b02674404f2243672a3746e81645
Tesco,Müller Müllermilch World Cup tejital mix,2026-05-07,2026-05-13,499,349,True,Tej és tejalapú ital,2,80d987e7a98adcd5a2b00038795bf70edb9d57fdddd3538d1f77c7f624eb0295
Lidl,PILOS UHT tej,2026-05-07,2026-05-13,339,229,False,Tej és tejalapú ital,2,a02150d687421d1f0331aef98dd8982f23b16b64d0de6133707faca8dc000544
Auchan,Tarka TARKA UHT DOBOZOS KAKAÓ,2026-05-07,2026-05-13,459,299,False,Tej és tejalapú ital,2,2db09301b727f21271e9eb1f3b566ff02fd847aba0af984d2aa2e672b66651be
ALDI,MILSANI UHT TEJ,2026-05-07,2026-05-10,379,299,False,Tej és tejalapú ital,2,39ee8678161fbd8aaade92d5de40f81ac97e35e3534e31c14defd5d2997d2c8e
SPAR,Magyar UHT tej,2026-05-07,2026-05-13,399,329,False,Tej és tejalapú ital,2,29e864210b0d38456d381697a89983a307af529e5602ca81da279a09f18764aa
Lidl,MÜLLERMILCH Tejital,2026-05-07,2026-05-10,495,349,False,Tej és tejalapú ital,2,7691a15b3b3c494c49452c465a7523b3394b1c2cbc4a5dd4f66b2b446471a43e
Lidl,MIZO Tejital,2026-05-07,2026-05-10,489,399,False,Tej és tejalapú ital,2,30294e4a2b887a9ad741793836b5b9fcfdf70723d24955269ee101a72610280c
SPAR,"Milka, Oreo, Minions tejsnack",2026-05-07,2026-05-13,279,269,True,Tejdesszert,2,8c87ca26c37d548270d02262d2dd244ef33e698bdd13edb0aa5f95fe21b0eb51
Auchan,Kinder KINDER PINGUI,2026-05-07,2026-05-13,799,599,True,Tejdesszert,2,2f6e77172d476ab9369f515a7478ce3c7239a99a1dcc40bf9b7eb6c7a8f7b60e
Tesco,Kinder Pingui,2026-05-07,2026-05-13,209,189,True,Tejdesszert,2,8f91e968c87fe1161669c37522b5df451be46ad71adeb36c157b2df8333584c1
Tesco,Pöttyös Óriás Túró Rudi,2026-05-07,2026-05-13,299,249,True,Tejdesszert,2,706ab22976704f152040560170d1f571e08b3f9a91664aaa324a582e53a705ee
Tesco,Milli krémtúró,2026-05-07,2026-05-13,319,259,True,Tejdesszert,2,93ff2742ba010adb574d16ae50bb47d7ba1cd1e852dd5b5a172f829e124ac1b4
Tesco,Milli hozzáadott cukor nélküli krémtúró,2026-05-07,2026-05-13,339,259,True,Tejdesszert,2,ec3d00d14bd6c7bc30f5688da1515acd780fc40481da572b1d09d6419561c7ab
Tesco,Pöttyös Protein Túró Rudi multipack,2026-05-07,2026-05-13,1899,1599,True,Tejdesszert,2,9e0ad2ca2dca5316a5e0db9517d476450c140bd443c69318ddb3943ad177e4a2
Lidl,MILBONA Csavart puding,2026-05-07,2026-05-10,339,229,False,Tejdesszert,2,a73f0381685600402042b55d8cf9c158ea94e0a6ea25f5b110e82811b4aeebcc
Auchan,Zott ZOTT BELRISO TEJBERIZS,2026-05-07,2026-05-13,369,249,False,Tejdesszert,2,a84096fc240b96779ca8e8a1de4846ebc5bb342d36510bbe884162724a1ec958
Auchan,Mazsi MAZSI FEKETEERDŐ DESSZERT,2026-05-07,2026-05-13,589,399,False,Tejdesszert,2,4402917cdc5870ae9eb9a7930c585aad3ae33d513d2e7224d19dd143a4bf8dbd
SPAR,Milli High Protein krémtúró,2026-05-07,2026-05-13,519,399,False,Tejdesszert,2,4c17da74a83db9e91c7cdfa29dcf12ddb654d77620e0b975283d88f3a1178618
SPAR,Müller Riso protein rizs,2026-05-07,2026-05-13,599,439,False,Tejdesszert,2,c24379efae2169ef521d294ae20c14b21805377630e2e187bf5be6a5ba7000a6
Lidl,PILOS Óriás túródesszert,2026-05-07,2026-05-10,779,559,False,Tejdesszert,2,2ef05d3f5c2af0c8b65408915468031095bf022378ff501552a2bda9bd960607
Auchan,Kockás KOCKÁS TÚRÓ RÚD,2026-05-07,2026-05-13,959,599,False,Tejdesszert,2,230f5034e5c73a7368e8c76ca12d7ac2fd4870cd14a81f31f1e708a2bd18463d
Auchan,Danone DANONE DANETTE KRÉMPUDING,2026-05-07,2026-05-13,989,749,False,Tejdesszert,2,9097333f2a52d0c0f542667a593b2521b6d03fbc41a8620b3b0e427fdf3d7fb4
SPAR,Pöttyös Óriás Túró Rudi multipack,2026-05-07,2026-05-13,1699,1399,False,Tejdesszert,2,7265c5f29997ba3c2bfca6d8c127b9a019b8b40c31413878c24cf14542f0125a
Auchan,Pöttyös PÖTTYÖS TÚRÓ RUDI,2026-05-07,2026-05-13,1999,1599,False,Tejdesszert,2,9cef0a70de0612689c178792c60f8248826aaf4c019ef88801180b512fe9d11b
SPAR,Completa tejszínhabspray,2026-05-07,2026-05-13,1245,999,True,Tejszín/tejhab/tejföl,2,07f5e8442220b1852b52c7d63ea7b7448e6e2985adc1a72a9fe5a33db0fd0b56
Tesco,Meggle UHT főzőtejszín,2026-05-07,2026-05-13,929,619,True,Tejszín/tejhab/tejföl,2,15230bda50044c3b4b111e13bcea7bf21d540579ce12e57901af23166b4e84b6
SPAR,Magyar tejföl,2026-05-07,2026-05-13,449,399,False,Tejszín/tejhab/tejföl,2,4d7d0e21f94ced4b20dfd35750fbe841b87a238f9e23b9998e4c5ec41a8cdde8
Auchan,Mizo MIZO UHT FŐZŐTEJSZÍN,2026-05-07,2026-05-13,595,459,False,Tejszín/tejhab/tejföl,2,6c674e165d8efdcfcb1c747bd3ab4f90923be263dc982318fb00fa6ab8cf5ee2
Tesco,Kunsági tejföl,2026-05-07,2026-05-13,1249,769,False,Tejszín/tejhab/tejföl,2,631da7c077a925d2adf3b1230097d03c9511f62858348850a49d1958303865c3
ALDI,MILSANI RÖGÖS TÚRÓ,2026-05-07,2026-05-10,719,619,False,Túró,2,3c9cef17ad6d55029df937eb70d29be683dd961c46c91c740a971a39ccc4b7fd
SPAR,Magyar túró,2026-05-07,2026-05-13,749,639,False,Túró,2,5a794ebceb70da95df4f8ca782978b09a38351f8e2d74531858629905fd1d6b5
Tesco,Président laktózmentes Cottage Cheese,2026-05-07,2026-05-13,699,549,True,Mentes,2,3e15322ad8308dab44778a403e86550a826824a47b9429c912370a1224929f0c
Auchan,Auchan AUCHAN KEDVENC PUNCSTORTA,2026-05-07,2026-05-13,519,449,False,Desszert,2,202636dcb3db0e3f4dd392632ba1dccc1aee197ca7c8b0971697a58459b0fcbb
Auchan,Auchan AUCHAN KEDVENC FEKETEERDŐ TORTA,2026-05-07,2026-05-13,679,499,False,Desszert,2,3704aff937efab763aed8807d9daf0ffe2aabbf38ec14669f5b7b9bd01e8f79f
Auchan,Auchan AUCHAN KEDVENC TÚRÓTORTA,2026-05-07,2026-05-13,749,649,False,Desszert,2,cb8ec335fd1a72ea0d577fbebcbdadf119e9e39f39dfef5fdb45a69c4a15f14c
Tesco,Sport étcsokoládés medál,2026-05-07,2026-05-13,299,279,True,Csokoládé,2,2cef494b22ad4418b7806335e98b5594794d6bde55aa351788a053c55144807d
Tesco,"Snickers, Mars, Twix Snickers vagy Mars Duo, Twix Xtra szeletes csokoládé",2026-05-07,2026-05-13,549,469,True,Csokoládé,2,112233e7ba57104d1302ef1a072e5b00a00e2459c021b80e2b086fe65a2bb0cf
Tesco,Tibi nagy táblás csokoládé,2026-05-07,2026-05-13,1969,1399,True,Csokoládé,2,e2212046185ce39245c007bf0e45dd7765ea17898afcb8376da6643699ef4ea0
Auchan,Milka MILKA TÁBLÁS CSOKOLÁDÉ,2026-05-07,2026-05-13,699,499,True,Csokoládé,2,15add22408502cf0a8058b54901920a5c5819bb5bc73e3a07150199151f90a36
Auchan,Balaton BALATON SZELET,2026-05-07,2026-05-13,199,139,True,Csokoládé,2,afdfba238640bba15dc4169e0a1bb4f026e76920b9e8945480111a4e56e09029
Auchan,Roshen TIBI TÁBLÁS CSOKOLÁDÉ,2026-05-07,2026-05-13,1699,1399,True,Csokoládé,2,d29b933bd383523533963641cd7d999d6fe004ad78864b865cc7073d2bb3c1dd
Auchan,Roshen ROSHEN SZELET,2026-05-07,2026-05-13,219,149,True,Csokoládé,2,7df599c1ae0af81556fc519d73c6c805bc2e514fcec0cd4a3fd32ecaac53e06f
Auchan,Auchan AUCHAN KEDVENC FŐZŐ TEJCSOKOLÁDÉ,2026-05-07,2026-05-13,1399,1099,True,Csokoládé,2,969db3e6e0c9545229e6a6c8460f96a7521d00cb133522baceba29b4e3e3f644
Auchan,Auchan AUCHAN KEDVENC 64%-OS FŐZŐ ÉTCSOKOLÁDÉ,2026-05-07,2026-05-13,1499,1199,True,Csokoládé,2,6cd5418cbb5d33902cfeb812db0a7ba7ff68e44db64b57f7e9383c13eef1d27d
SPAR,Boci táblás csokoládé,2026-05-07,2026-05-13,639,599,True,Csokoládé,2,9522c9aa94d1ee25714d81b00179b606d35f21a21e1fbddf8092ebe52068e1b6
Auchan,Szerencsi SZERENCSI RETRO,2026-05-07,2026-05-13,599,399,True,Csokoládé,2,13e3ed0fd2170b4397c1c9dde4d7e7cbfd0fee5cc4c1300b23156049ea6f8d02
Tesco,Milka nagytáblás csokoládé,2026-05-07,2026-05-13,2239,1399,True,Csokoládé,2,d0a3072e5400b76af501b444fe30d3ffd084e3c146b98226d6c2b29ecb9f95d2
Tesco,Rice Up! fehérjeszelet,2026-05-07,2026-05-13,539,384,True,Csokoládé,2,5a33eaf27a9a4aa063f1b40fefbcef19e3bad5cfa1d00b49c05e264fa4419171
Tesco,Milky Way vagy Bounty krém,2026-05-07,2026-05-13,2549,2149,True,Csokoládé,2,669859be621b3759148ce2dae90b5a4abdcee5b2215c80b169fbd8a140bc84d0
Auchan,CORNEXI ZABRUDI,2026-05-07,2026-05-13,159,99,False,Csokoládé,2,238a283b4aae5dfa4a53c0006f8ee990505d8eb93bc72b0bec1df92031c55752
Auchan,Maroni MARONI GESZTENYE MARCI XXL,2026-05-07,2026-05-13,379,199,False,Csokoládé,2,41e8d9cdd4fee8904316f4b9903b855cfc5d396405fe4be876d761266b543173
Auchan,"Knoppers KNOPPERS NUTBAR, PEANUTBAR VAGY COCONUTBAR",2026-05-07,2026-05-13,319,239,False,Csokoládé,2,816926567524954239c18ee5de5795beffd9300000c0ddb2ab257cd6b23891be
SPAR,"Bonbonetti Dunakavics, Francia drazsé",2026-05-07,2026-05-13,409,299,False,Csokoládé,2,a64ec46b0e5026f9d968b923b73ffc6b815f4559b1ea5aa7f1fa660a16e303ab
ALDI,KINDER CSOKOLÁDÉ,2026-05-07,2026-05-10,629,449,False,Csokoládé,2,fe40563b4c77476b50ed7b60fb856cfa686c6b943ef3011000677517bd9ae721
ALDI,RIQUET FEHÉR CSOKOLÁDÉ,2026-03-05,2026-05-13,679,519,False,Csokoládé,2,4776105c531a7f9cc463e5466ba46470e0a341fd5829d782ac98826025209896
Lidl,KINDER Bueno / Bueno White,2026-05-07,2026-05-13,949,799,False,Csokoládé,2,90fcd72ba2bc00aeb619311722f61200668c55a976f0246922debe4bb85fa3ad
Auchan,Kinder KINDER HAPPY HIPPO,2026-05-07,2026-05-13,1179,999,False,Csokoládé,2,0d93e3303bb9415e13b37e786f53a5edbfa6dce91efe01266ec6f56539365dcb
Auchan,Auchan AUCHAN KEDVENC FŐZŐ FEHÉRCSOKOLÁDÉ,2026-05-07,2026-05-13,1399,1099,False,Csokoládé,2,b021dcd85bf1ec2cfbc6b0b4504e5c3e2a5d250a8a1766110e3608d623bec277
Lidl,TIBI Tejcsokoládé,2026-05-07,2026-05-13,1699,1299,False,Csokoládé,2,b220cbfc965921e15bb0f1e18b204b9960a0a1bb9a9f93a5334946883c6c9f3e
ALDI,CHOCEUR MARCIPÁNTALLÉR,2026-03-05,2026-05-13,2389,2129,False,Csokoládé,2,383eb4127ae70ce0268e70360e1679114c8a48f63754936778925639fbbd86eb
Tesco,Roshen Lovita Brownie,2026-05-07,2026-05-13,799,699,True,Kekszes édesség,2,9911ab9cec88f86afe027c046280d973c4b7bc8822bbca353abcc5bf322bcb90
Tesco,belVita gabonakeksz multipack,2026-05-07,2026-05-13,1289,849,True,Kekszes édesség,2,30864bbaac49058fa2d893ae18b91a44ef279f860976d769cad113d4d62d8d1d
Tesco,Manner ostya,2026-05-07,2026-05-13,2829,1999,True,Kekszes édesség,2,7256efd9afa3d298a38418cc9badf2dc08875c95cc6f35e34099d7a76c6257b7
Auchan,Belvita BELVITA JÓ REGGELT! KEKSZ,2026-05-07,2026-05-13,1199,799,True,Kekszes édesség,2,cfbf0e788d66e1123b7938bfc500bd92ea65e483c68e5c0f37de69b39b192b62
Auchan,Detki DETKI MESÉS NÁPOLYI,2026-05-07,2026-05-13,749,599,True,Kekszes édesség,2,28c21588e6efdd8be454f1ef8947eb28e243880ee35dda70cc63764840561491
Auchan,Balaton BALATON 3 OSTYASZELET,2026-05-07,2026-05-13,379,249,True,Kekszes édesség,2,d322d5c03ae2643c7d605341c4fbef34e0acca14bb0c1db3fb3aa7fcd27ccc48
Tesco,Manner ostya,2026-04-23,2026-05-20,2839,1899,True,Kekszes édesség,2,1daaeaa02fd86b6e0d32b8d26c0462496beae1d7f070515b4b5230ed3e67e9e0
Auchan,DETKI MESE KEKSZ,2026-05-07,2026-05-13,729,529,True,Kekszes édesség,2,709151845b3f0955ee3bbd8fcb92ef0c2db357c142f807b0011a52125685d291
Auchan,Detki DETKI HOZZÁADOTT CUKOR NÉLKÜLI VANÍLIÁS KARIKA,2026-05-07,2026-05-13,769,615,True,Kekszes édesség,2,ab76a736f5aa9869dc503d75b28feda5ab6deb7e546b0af4cacae34d9a6757eb
Tesco,Győri Édes Csokidarabos vagy Duplajó keksz,2026-05-07,2026-05-13,709,619,True,Kekszes édesség,2,19545a8c2c555e7895694754b4fa19b8811feeddc1f39acc34cc796d8d8f2dd4
Tesco,Győri Pilóta vaníliás ízű karika,2026-05-07,2026-05-13,889,599,True,Kekszes édesség,2,9a74d828adef3014ed25d80efe6961ab594d3fb47422c138f0333ac2c72a92a3
Tesco,Pilóta keksz,2026-05-07,2026-05-13,889,599,True,Kekszes édesség,2,378432690222eee32093c507022cd0ab1680204b19c3faea2848b125743d0c8e
Tesco,Lissé töltött ostya,2026-05-07,2026-05-13,2499,1999,True,Kekszes édesség,2,b9ed4c260b3806afe6f15da33c818809bdf8fb84d4215a457a46d8617412039b
Tesco,Gullon gluténmentes szendvicskeksz,2026-05-07,2026-05-13,1289,1029,True,Kekszes édesség,2,0728171a8e7f9b4346bf487fc7ae5f1677e43d3bb7508010a497f8875bd6f5f9
SPAR,Moments ostya,2026-05-07,2026-05-13,249,179,False,Kekszes édesség,2,0b9e31416a7aa1952f15bea3c94d58bf56136bee41081821196bb33cf45870e6
ALDI,CUCINA GRISSOTTI,2026-05-07,2026-05-10,575,449,False,Kekszes édesség,2,a9e5e5253a4f311c4cc055db7b0b93a4e5ee4072c7ba2875b6ca844a63a01120
Lidl,KINDER Cards,2026-05-07,2026-05-13,1149,899,False,Kekszes édesség,2,8cc7390c1bf1cc1204237ae04ed3459177101489a2bba6577a2b176492e1f8fb
Lidl,SONDEY Ostya- / kekszválogatás,2026-05-07,2026-05-13,1329,999,False,Kekszes édesség,2,f5396f683fe4edc85bca3161299bd24c1aba56e708c912322c11c5ae3d4962cc
ALDI,ENJOY FREE GLUTÉNMENTES KEKSZ,2026-05-07,2026-05-13,1299,999,False,Kekszes édesség,2,62b576081e4720040668cb7b3f6c4dd1061043b89f4fb0e5ef85bfb6ec1b5bf2
Tesco,Toffifee mogyorós desszert,2026-05-07,2026-05-13,2149,1799,True,Egyéb édesség,2,4dcaabd8ed14c0f47bb210cfe4117f6eebe24a40701ead8e46bd25c0dfef1ef0
SPAR,Milka Naps Mix desszert,2026-05-07,2026-05-13,2349,1999,False,Egyéb édesség,2,292cc6e1886d202b013840fef3e6f6f14ffb1e9ace81e39a0f831bb523b91edd
SPAR,Tornyos madjarica szelet,2026-05-07,2026-05-13,1590,1190,True,Sütemény,2,a3c1e9737fcfa6b86d16211e444c9532b24037f17e2466cd438256ac4415f371
SPAR,"Benei kis linzer, kis isler",2026-05-07,2026-05-13,1359,999,True,Sütemény,2,987c71c7e0abfac1cf3d847a6140932108403f63254b232e989a4c697f6cc46f
Auchan,Auchan AUCHAN KEDVENC KÓKUSZGOLYÓ,2026-05-07,2026-05-13,499,429,False,Sütemény,2,102b9a4c49eb00358926e7e106a8416aa1f5df2212fb7aecccba2d26ce9b72b0
Auchan,Auchan AUCHAN KEDVENC PISZTÁCIÁS KRÉMKOCKA,2026-05-07,2026-05-13,699,599,False,Sütemény,2,fe63d475b296defb01fd1a633a9331c136c3bfe009ee5be10dbb7228c5f553a0
SPAR,SPAR mákos-meggyes szelet,2026-05-07,2026-05-13,2790,2190,False,Sütemény,2,f363245c5c59d4163b6be7d4eb89a5f5f4fc6f1aef42be0e762c6613b3a579d2
Tesco,Amos mangóízű gumicukor,2026-05-07,2026-05-13,799,639,True,Cukorka/gumicukor/rágógumi,2,1efabc0be2f1250f197da032cd829b840090fee97cfc460998fb543b71c4b3c4
SPAR,"Tellér étkezési, száraz tarkabab",2026-05-07,2026-05-13,1249,999,True,Rizs/tészta/hüvelyes,2,93fbfc95d374c4ecd2e41687c3f276d3a0bdddf72e8ecef69a503700825a4c65
Auchan,DON FRANCESCO DURUM KÖRETTÉSZTA,2026-05-07,2026-05-13,699,499,True,Rizs/tészta/hüvelyes,2,dfe2361c0cd5c1f96e489712fe6d62e38a23f6102d3745945d6f797d35977571
Lidl,CHEF SELECT Gnocchi,2026-05-07,2026-05-10,545,359,True,Rizs/tészta/hüvelyes,2,fa8c1c3fc6ff43bbb530eec9b1b6becea8439e9747031a311e828636125b76e5
Auchan,Csepi CSEPI 8 TOJÁSOS LÚDGÉGE VAGY SODORT CSIGA SZÁRAZTÉSZTA,2026-05-07,2026-05-13,699,599,True,Rizs/tészta/hüvelyes,2,98a8d948a1ba1129274914402f5a1e26861062e7876c728a40f8ff2bd3ce8823
Auchan,Família FAMÍLIA 8 TOJÁSOS SZÁRAZTÉSZTA,2026-05-07,2026-05-13,779,579,True,Rizs/tészta/hüvelyes,2,5ea566921973675b4cfc6451f111f819c844cce5260407b0c7120ed792b5ffbc
Auchan,Globus GLOBUS CSEMEGEKUKORICA,2026-05-07,2026-05-13,659,399,True,Rizs/tészta/hüvelyes,2,e3acf2944a7326e16cb5f8b42d43b3e357c83249798521c35d98e9c64a85410b
Tesco,Barilla száraztészta,2026-05-07,2026-05-13,719,699,True,Rizs/tészta/hüvelyes,2,1d2cd49f69a72447efdca2294a7f5c0e757e21380adb8c39aa5a2715bc8647c1
Tesco,Mánya Classic rizs,2026-05-07,2026-05-13,1149,859,True,Rizs/tészta/hüvelyes,2,0abb9c55a70d2457dde1e46540f4e9a1a42106faa54cc42d4e3daed42115b264
Lidl,FRESHONA Csicseriborsó,2026-05-07,2026-05-13,245,199,False,Rizs/tészta/hüvelyes,2,f75c5655c7844472d5fe3a23fe6dcdb314b94dc72f9a080b0e1ca375bb5ee5dc
Auchan,Mánya MÁNYA CSICSERIBORSÓ,2026-05-07,2026-05-13,649,499,False,Rizs/tészta/hüvelyes,2,73cd7b0e22a4129951c57bb0938ab4950b20ed60758bd98e073a775032619d3b
Tesco,Ürömi Arnold 8 tojásos száraztészta,2026-05-07,2026-05-13,649,519,False,Rizs/tészta/hüvelyes,2,e7b68af3984de0e18ba30ff82a4150712d9846f6a870c6923461358380d50edf
SPAR,Gyermelyi 4 tojásos száraztészta,2026-05-07,2026-05-13,849,569,False,Rizs/tészta/hüvelyes,2,8073fdb03fa9bed43387414ec0d3ce2505fa80927990431d63c86f93011b835b
Auchan,Soós SOÓS PREMIO 4 TOJÁSOS KÖRETTÉSZTA,2026-05-07,2026-05-13,699,599,False,Rizs/tészta/hüvelyes,2,f91022e7b6aa984fa3858a5f237a0334006b579cdefd1cc1c47207602dee1651
SPAR,"Riceland kerekszemű, „A” minőségű rizs",2026-05-07,2026-05-13,1399,999,False,Rizs/tészta/hüvelyes,2,29e367be8dc621bc6339d09c04cb6e4ab2063a4825d983a92bcfecd81845f79c
Auchan,GYERMELYI 4 TOJÁSOS SZÁRAZTÉSZTA,2026-05-07,2026-05-13,1499,999,False,Rizs/tészta/hüvelyes,2,1a7be27daa911bda8b8fb9c8693751389c0e6ae36258d4cabd4f18f25150ef3e
Auchan,Fit FIT REGGELI ZABKÁSA,2026-05-07,2026-05-13,339,239,True,Müzli és gabonapehely,2,e90eb8a7b57dd88b5a3b507c2bec52d2e2ffe5c179fad73ed3db13515a710b70
Auchan,Fit FIT MÜZLI,2026-05-07,2026-05-13,959,599,True,Müzli és gabonapehely,2,70d3ee90a1f979303562cbb36f5072f0f15037d6e8fa117c25dc7da11b9a9deb
Tesco,Freche Freunde Bio teljes kiőrlésű zabszelet eperrel,2026-05-07,2026-05-13,1939,1679,True,Müzli és gabonapehely,2,608b96e2ca2d768b3e3ae8d16f0f13f7f7e7deed1e474f9039cc274a98b0da63
Auchan,Cerbona GLUTÉNMENTES ZABPEHELY VAGY ZABPEHELYLISZT,2026-05-07,2026-05-13,1359,679,True,Müzli és gabonapehely,2,05f748274a73d886c90985f879bb1a15d968a0e540d2191c647ed2f1f9213823
Auchan,Cerbona CERBONA MAX MÜZLISZELET,2026-05-07,2026-05-13,279,199,True,Müzli és gabonapehely,2,5ea4cfeaee679fca4113384ed9879ae8890d6da12fc2ac9f516aecff321943b3
Tesco,Cerbona Max müzliszelet,2026-05-07,2026-05-13,279,249,True,Müzli és gabonapehely,2,18629631e63a91c311a1f1e528f0a0f6eb0359665ea013d592ff18b2b3a33f4b
Tesco,Nestlé gabonapehely,2026-05-07,2026-05-13,1869,1339,True,Müzli és gabonapehely,2,c4b8be8b8767a74ae71bc34f9d7e5fb384930ff49211398e5943aa46fb38b219
SPAR,Cerbona müzliszelet,2026-05-07,2026-05-13,199,149,False,Müzli és gabonapehely,2,870726cb88efc29d5820e0b8ce1801474999081f8ae7cd77e36a6cbaa4adcc2e
SPAR,Nestlé gabonapehely-szelet,2026-05-07,2026-05-13,229,152,False,Müzli és gabonapehely,2,bd7a1e4d7eaa10d32ff9e7989f59c230688609d35f3bcd0bb1c3574474b7f893
Auchan,Cerbona CERBONA GLUTÉN- ÉS LAKTÓZMENTES MÜZLISZELET,2026-05-07,2026-05-13,319,269,False,Müzli és gabonapehely,2,d7bbb8c7aa92d9c95f84450be1cccb9be059b0d0479652d32302a065f46e4d8e
SPAR,Naturmind instant rizskása proteinnel,2026-05-07,2026-05-13,499,349,False,Müzli és gabonapehely,2,c3bf798ce0baafa4a58f4c890f3105aff91dee2471b5dc058bab17263b795ccb
Auchan,Nestlé NESTLÉ CORN FLAKES,2026-05-07,2026-05-13,1559,1099,False,Müzli és gabonapehely,2,13d36d8748e79d2f017970b1eb324073ed737f65ed5fa1666897de1953c25cd6
Auchan,Maggi MAGGI XXL TYÚKHÚS-LEVESKOCKA,2026-05-07,2026-05-13,929,829,False,Fűszerek,2,a542c14bab87787481cd21a1c97821a2b568c568f7b1d643eaaa04bbb532c727
Auchan,Delikát DELIKÁT ÉTELÍZESÍTŐ,2026-05-07,2026-05-13,2159,1699,False,Fűszerek,2,282bfeebcb23bfa03854054af868bb5a6f8e71746622d1924041044c275eccfb
SPAR,SPAR szilvabefőtt,2026-05-07,2026-05-13,679,579,False,Befőtt,3,b284741e831d86a02f0f08089249113366287bd7cb6d9ae9ae84f443af9b95ba
Auchan,Auchan AUCHAN KEDVENC MANDARINKONZERV,2026-05-07,2026-05-13,749,599,False,Befőtt,3,3c184df06f12e09fbea41ca51a385631a8a68054aa0f5d3d708cddcf5dcadab1
Auchan,Auchan AUCHAN KEDVENC SZILVABEFŐTT,2026-05-07,2026-05-13,849,699,False,Befőtt,3,2e521d82e1f41782b1473ec77b211d5b2bdeef6ba4bab64e3035ee0c65b4057e
Auchan,Auchan AUCHAN KEDVENC ANANÁSZKONZERV,2026-05-07,2026-05-13,999,849,False,Befőtt,3,1d95524cfb21046bb8932f3f071f7fd734303a3bf3c7cb2ffc7e8f6e1663a15a
Auchan,Auchan AUCHAN KEDVENC SÁRGABARACKKONZERV,2026-05-07,2026-05-13,1799,1499,False,Befőtt,3,fdbbe0db54e7b7b3342a1dffcf01228d21cefac66159ebc0788fbea784e2c2b1
Auchan,Kertike Csemegeuborka,2026-05-07,2026-05-13,1139,899,True,Savanyúság,3,c170aa52ef83136a561c48a43c31bc3d005816c45b26b7828ba11bfbc929cd94
Auchan,Kertike Csemege cékla,2026-05-07,2026-05-13,699,599,False,Savanyúság,3,db990a8dbae8d3087efd0d67405f47698cc878fd899e9c12c4843d9501d60f79
Auchan,Green House Barbeque Jalapeno Paprika,2026-05-07,2026-05-13,919,699,False,Savanyúság,3,6dc67e7ca806a03b4777326b13b5a5cd0043ad5f03b8016ee8ce41607d91ccfb
Auchan,HÁZIAS ÍZEK MELEGSZENDVICS KRÉM,2026-05-07,2026-05-13,899,699,True,Kenhető krém,3,09dde6ccd38ceef830c985e7c72ace2a32d8c1f460452aeb4add7f8bcc80fb18
Auchan,CLASSIC LAZAC- VAGY TONHALKRÉM,2026-05-07,2026-05-13,1529,1279,True,Kenhető krém,3,1ead320e6a38bacd923fb5167b54fb83d8a7b30f9fae1f4647bfa825a46e3c24
SPAR,Argeta pástétom,2026-05-07,2026-05-13,769,599,False,Kenhető krém,3,52d51fb13da060d3d038d64c76e583cfbe46960841757f0731177fa98bde4b87
Auchan,Appel APPEL TOSZKÁN HERINGFILÉ,2026-05-07,2026-05-13,1399,979,True,Egyéb konzerv,3,35b7bd1cce7f3952742c1a36efb79e403ff7a15ff1e5895d0b57e6f182fc0176
Auchan,VICTUS FÜSTÖLT SPROTNI,2026-05-07,2026-05-13,1199,899,False,Egyéb konzerv,3,b378e5c21253918efbe9c4435d7ba60bc893eca22c167c19f444bdbeac223e68
Tesco,Bonduelle Gold vagy Családi konzerv,2026-05-07,2026-05-13,1070,899,True,Zöldségkonzerv,3,baee58b26f7b260d73fe6f719f816d3c93b5e0ee4f6274ad5a1e515c53592296
Auchan,Green House Gyöngyhagyma,2026-05-07,2026-05-13,699,599,True,Zöldségkonzerv,3,cb30c03030e3b892614a799ad555af38a5c94e1e0a9a820c398fc8a0289b0bb0
SPAR,SPAR borlotti tarkabab,2026-05-07,2026-05-13,349,279,False,Zöldségkonzerv,3,cab027638b430b8642785413375b684736cbfa254b3e17a7ec2e64bad1fa0651
SPAR,Bonduelle családi zöldségkonzerv,2026-05-07,2026-05-13,1339,949,False,Zöldségkonzerv,3,d67973c7d8e4835812e99bdc948b2c090d193e175b3a9e039e79cd345607bdbc
Tesco,Házias Ízek készétel,2026-05-07,2026-05-13,1829,1599,True,Egyéb konzerv,3,9dd474d24ae92be93e8b64616a651b5f93441bf4acca2ae866c95e18d70b99f4
SPAR,Regnum löncs,2026-05-07,2026-05-13,329,259,True,Egyéb konzerv,3,26e456eb413b396bfd8305277303e17c8c9a311e1f5ec66cfa8f70bf76ed46b1
Tesco,Hajnal Hús Dinasztia löncs felvágott,2026-05-07,2026-05-13,319,249,False,Egyéb konzerv,3,53f5f47e9df9b954845742825757be244acbccc4b0fd12bf9bb212f976f52d2a
Auchan,SNACK VAGDALT,2026-05-07,2026-05-13,519,399,False,Egyéb konzerv,3,84c865066ba291cb04ad9aebd741a8930e04e1a15f31b0ee9d4f48911e17a910
Tesco,Monini extra szűz olívaolaj,2026-05-07,2026-05-13,4999,3999,True,Olaj és eset,2,5b9a5b79f7e397501ea88fd522a5df5423f4eca105946af1b6cea2b94323fe0a
Lidl,PRIMADONNA Olívaolaj,2026-05-09,2026-05-10,2799,1999,False,Olaj és eset,2,bb00d6581d07fe484cf708c07e3497afb0fba40414866d5bbebe310f130a324e
ALDI,BELLASAN OLÍVAOLAJ,2026-05-07,2026-05-10,3579,2379,False,Olaj és eset,2,db67773109ef933247ad7047faf6070e5dc6102adfd4e50b100ed1ab494f0c4f
Auchan,MONINI CLASSICO EXTRA SZŰZ OLÍVAOLAJ,2026-05-07,2026-05-13,7159,5999,False,Olaj és eset,2,8a8594ec17cc8e68eceb83452ba53cc4222a8d1fc11e6daa75feb2d3a3707851
Tesco,Mogyi Micro Pop pattogtatni való kukorica,2026-05-07,2026-05-13,299,219,True,Snack,2,1f01cfe52cd47ffd503d634a2e1c4c45c67b98e68a03cf0e2357604d6aeace61
Tesco,Maretti Bruschette pirított kenyérkarika,2026-05-07,2026-05-13,569,419,True,Snack,2,8e4e408162755e8cd830784f0d6d21e7c283d22a4a83b5428ac8d0e390a8394b
Tesco,Chio Stickletti,2026-05-07,2026-05-13,979,799,True,Snack,2,9efd7bba51520f8e3f83f4314c6d791890c80f0e7599e5688b0a56970fef0f3c
Tesco,Pringles snack,2026-05-07,2026-05-13,1399,999,True,Snack,2,742ae4c3379e795df266df72f0bc271cb8c71a1f380e6cdd40bdb1019264a127
Tesco,Lotto chips,2026-05-07,2026-05-13,1299,999,True,Snack,2,870de0a754bf9583f804b75cede904f54d85e0406b58606a8ea802cad2327439
SPAR,Doritos,2026-05-07,2026-05-13,899,599,True,Snack,2,c15240463743394f8e1c27f2c99cdfb783d017cf5196f1fcb454413ac1274e86
Auchan,Csipet CSIPET ROPI SÓSPÁLCIKA,2026-05-07,2026-05-13,169,84,True,Snack,2,e0078078ab4e04f38509654afc3c0f4f6aadd707ba8f1fb3aef356346c0bcad7
Auchan,Csipet CSIPET ROPI SÓSPÁLCIKA,2026-05-07,2026-05-13,599,399,True,Snack,2,ce97b78c5954241e69c92904bdf85cb4f1952f69854b593452f334517df3a205
Tesco,Tesco hullámos chips,2026-05-07,2026-05-13,519,449,True,Snack,2,cedfac212d99a68573f3b19e0b6c1d5b5192362b8812e30221daf8b15dd0a22a
Tesco,Lays chips,2026-05-07,2026-05-13,579,469,True,Snack,2,869004188879196ac708044bf7dd548688038c77b83b87697f21d3a33affd7af
Tesco,Pom-Bär snack Family Pack,2026-05-07,2026-05-13,869,599,True,Snack,2,95c4c64329edfbe08418a371eeb510596f2f47a948248bc42bc849bd3233d466
Tesco,Elephant chips-tallér,2026-05-07,2026-05-13,1499,1199,True,Snack,2,7212ab4accb6bf7c92a097eada774feff7a15cc3e204c783d161d35933bcab7c
Tesco,Chio XXL burgonyachips,2026-05-07,2026-05-13,1899,1199,True,Snack,2,5d3f23b3caa518c80162450fb5316ea921961b003d79f55e114635f01e233510
Tesco,Detki mini perec étbevonóval,2026-05-07,2026-05-13,2499,1799,True,Snack,2,75544e3f72b99d8de8aa532aa48585e1c0fb5bd3e4767876bbd2ef56e9adc936
Tesco,BioSaurus bio kukoricás snack,2026-05-07,2026-05-13,729,619,True,Snack,2,a493c4a0cdcc96fbd6b5946f59a13a038744ef884653b45bc72b49c0e10492f0
ALDI,SNACK FUN SÖRPEREC,2026-05-07,2026-05-13,515,459,False,Snack,2,04dc3f3eaca9ba4d1514d9c3e3f66c46e6c52ba1fbc168421d13af26b72924e4
Auchan,Poco Loco POCO LOCO TORTILLA CHIPS,2026-05-07,2026-05-13,1899,1599,False,Snack,2,60d5abaa9eaab0ec4a053caceaffd3766548258cc4ada6f18d5e4a25aabe1825
Tesco,Mogyi földimogyoró,2026-05-07,2026-05-13,799,619,True,Magvak és aszalvány,2,3771b0405aeda8c626a494cae7ea59dcc8c92b86902806c4a841118a18f6e1b3
Auchan,"Auchan AUCHAN KEDVENC CUKROZOTT, DARÁLT MÁK",2026-05-07,2026-05-13,499,419,True,Magvak és aszalvány,2,3f59293d0667856a60b5b5850eb4991bc1e3024249a93b9dcd2ae0f74b263d72
Tesco,Tesco pörkölt mandula étcsokoládé-bevonatban,2026-05-07,2026-05-13,999,799,True,Magvak és aszalvány,2,f0ead4a5c1e4f02f7614668addca75f3633d441cf3fb919823d6d1b5583f20f0
ALDI,HAPPY HARVEST HÉJ NÉLKÜLI TÖKMAG,2026-05-07,2026-05-13,569,429,False,Magvak és aszalvány,2,d605a515c4c4a2633c75dc0a267675b4f2e03519aec7f1af9bff81f1da453381
SPAR,Mogyi mix,2026-05-07,2026-05-13,599,449,False,Magvak és aszalvány,2,7d12e7e953c924efc2d62105bf54a984a2d14c708ad7cff4a31ab1bad8b15873
Tesco,Knorr normál alap,2026-05-07,2026-05-13,519,399,True,Instant étel,2,08d7a5b61c3f244a4f8d8d69dc5b4b961961c9302309de96c577dec46a271ccd
Tesco,Maggi Finom Falatok vagy Fusian tészta,2026-05-07,2026-05-13,899,719,True,Instant étel,2,c8bdac023e93875395176d808f852197b7ceec6f94503e9ff3c724cd3d3c3a1b
Lidl,KANIA Poharas készétel,2026-05-07,2026-05-13,399,289,False,Instant étel,2,afac57d0eb8cab241073ea53ec8f65b249c113269779aead2a3313e6f885dcbf
SPAR,Maggi Gyorsan finomat leves és krémleves,2026-05-07,2026-05-13,449,299,False,Instant étel,2,455da94630b63a97209dd7955adb9891de8d5d9ce2ac75c242d3d12e5978b470
ALDI,MAGGI FIX ALAP XXL,2026-05-07,2026-05-10,749,499,False,Instant étel,2,cc7223b890ebf426a85ed3cd6cbf46801ac67d890b3c7f811515d23452450cfe
SPAR,Nissin Soba Protein poharas sült tészta,2026-05-07,2026-05-13,949,659,False,Instant étel,2,9e12a5ab2c1bc97925095638e8095fe23a7328095fd18aafaf609954bc9f1155
Auchan,Auchan AUCHAN KEDVENC EPER- VAGY MÁLNAÖNTET,2026-05-07,2026-05-13,1399,1189,True,Szósz,2,569229eea22e1660bcd82410a8f87221f069be342e83fdf639f4b2ce94ca460d
Auchan,Hellmanns HELLMANNS FAMILY PACK CHEDDAR SZÓSZ,2026-05-07,2026-05-13,2109,1449,True,Szósz,2,49d47c5e1984c6be3ef8e5585d9d21a2299f6b4c240e9db325555fe6dbfbb1f1
Auchan,Kühne KÜHNE POHARAS MUSTÁR,2026-05-07,2026-05-13,1039,779,True,Szósz,2,7a2dbcfc3277fa96c674d1fb83406405bbe2ae4f3d411efc05c3f21aa8130c82
Auchan,Kochs Burger szósz,2026-05-07,2026-05-13,1879,899,True,Szósz,2,7986d0b9be493c7d148d1aa0fd69ffe687884dfbd4cd2fe8e9b4859cdb38d9b2
Auchan,Univer Cheddar szósz,2026-05-07,2026-05-13,1349,1189,True,Szósz,2,5d3c6c589fad11d622f2d6159a059acb71615227a542db5262c4caaff93ee168
Tesco,Maggi üveges szósz,2026-05-07,2026-05-13,1699,999,True,Szósz,2,d956486aecf94c895347a3776e6ad61a82e692755d9b23f85f4016039ae47aa1
ALDI,WONNEMEYER SALÁTAÖNTET,2026-05-07,2026-05-13,855,599,False,Szósz,2,46831daad9068d03ec229b51a70928be5471dba03237e8e42192f829ae43d667
Auchan,Kochs Darált paprika,2026-05-07,2026-05-13,899,699,False,Szósz,2,e2e215e6426d50a76966a486274119c23835974ac7e5cfa886f58c57feafad2a
Auchan,Podravka PODRAVKA KETCHUP,2026-05-07,2026-05-13,999,799,False,Szósz,2,6fda8f770cbaafc7d940839e6de73300ac57b02e2803418a026f09260fe40956
Auchan,Maille Dijon mustár,2026-05-07,2026-05-13,1199,899,False,Szósz,2,c51c25aa908339512aba8ba5c70e9a7ed33ada4df710e9fce870ac47581c01f5
SPAR,Univer ketchup,2026-05-07,2026-05-13,1569,1169,False,Szósz,2,001a14d68566eeb5a91605dd17a38335f59b34f19d43d6cf81315a23a411d1b8
SPAR,Univer majonéz,2026-05-08,2026-05-10,1919,1299,False,Szósz,2,521d27b76406e48878d0768a8bfd96730b85d4eeb34e7bffb56f475f3dbbfbfa
Auchan,HELLMANNS VEGAN MAJONÉZ,2026-05-07,2026-05-13,1899,1699,False,Szósz,2,165903d42709d2f6e42277905bb2f75305da915773ad9f0e872da797b2033e2a
Auchan,Univer UNIVER KETCHUP,2026-05-07,2026-05-13,2059,1749,False,Szósz,2,70256ba893722765a8b210df46ea7baf45781674d9e3799c126b2e0a4f937d0c
ALDI,MULTINORM PROTEINKRÉM*,2026-05-07,2026-05-13,1299,1199,False,Lekvár és méz,2,91322c44417607af092665957429c48f6c3e775acd176130a1ec6636c886437d
Tesco,Cerbona zabpehelyliszt,2026-05-07,2026-05-13,629,579,True,Sütési alapanyagok,2,5d67bb926ac045450f80cf374e56cbc69979dbb66eb108073ef4591e1d970946
Auchan,Nesquik NESQUIK EXTRACHOC INSTANT KAKAÓITALPOR,2026-05-07,2026-05-13,2799,2299,True,Sütési alapanyagok,2,43ac8d6b4b4197f484f637320d4ee009a8cc364c9223f3fc87325b16781794c9
Auchan,Auchan AUCHAN KEDVENC SZÍNES SZÓRÓCUKOR,2026-05-07,2026-05-13,749,629,True,Sütési alapanyagok,2,a0bc87301878927f32392b0af94ff51ee95c9a95b99995ea50c824bfb6228676
Auchan,Auchan AUCHAN KEDVENC TELJES KIŐRLÉSŰ BÚZALISZT,2026-05-07,2026-05-13,399,299,True,Sütési alapanyagok,2,daa9adbfb37d70ed17809b87ddab34ae7ce6680ed6a2bdef75f17adba56f25a6
Auchan,Auchan AUCHAN KEDVENC AGAR-AGAR,2026-05-07,2026-05-13,529,449,True,Sütési alapanyagok,2,4eb3d2907c7ef1119886a8b218be51da9077f9822ea7fb61f1deca0b86fc58a0
Auchan,Auchan AUCHAN KEDVENC ZSEMLEMORZSA,2026-05-07,2026-05-13,599,399,True,Sütési alapanyagok,2,a82d948653d393630e2893bb37944b2c7963969228703608c2a861a3310fa424
SPAR,Sugars of the World barna nád kristálycukor,2026-05-07,2026-05-13,859,639,True,Sütési alapanyagok,2,9dacd299c8b959080e2bb2d0603f098a21711608a8de323a7a94c3902772c432
Auchan,Szerencsi SZERENCSI TORTABEVONÓ,2026-05-07,2026-05-13,699,499,True,Sütési alapanyagok,2,d0daa42931259537f240c0009aa787ded9631934d2f3843fec0a60c4a6daa18c
Tesco,Nestlé Nesquik instant cukrozott kakaóitalpor,2026-05-07,2026-05-13,2439,2149,True,Sütési alapanyagok,2,8b2c18d6fb331fa25ec7dffd6a090a133419aed6acdb971c3cc9e60ad85686b3
Auchan,Auchan AUCHAN KEDVENC VANÍLIÁS CUKOR,2026-05-07,2026-05-13,599,449,False,Sütési alapanyagok,2,6d4a4e6e9449d74e317189a0a00873e2ef83e038e5279b7fa174559b0ca1fb87
Auchan,Auchan AUCHAN KEDVENC LAPZSELATIN,2026-05-07,2026-05-13,699,589,False,Sütési alapanyagok,2,417e916d3aec8137afacfd6a08e746e37241101ff531d64056af0ef30478d7c1
SPAR,Szívbarát korpás kenyér,2026-05-07,2026-05-13,449,349,True,Kenyér,2,3d264ff786ec061d8d48beecb741b40b23fccea414e4f5f599220b98eaccb793
Lidl,TASTINO Szeletelt fehér kenyér,2026-05-07,2026-05-10,569,399,True,Kenyér,2,afeeaab6cee8e0f73f816f7e9f76c8f633428b765c6b81355bb9f28814ac5384
Lidl,Kovászos búzakenyér,2026-05-07,2026-05-10,899,629,True,Kenyér,2,e00a83aa98a9d71376ccd16cb5b113372b58de98595323ab559c0354e085d580
Auchan,Jaus JAUS KENYÉR,2026-05-07,2026-05-13,1199,839,True,Kenyér,2,7b5abcfc093b6956bc6c01904a313b8db478f1242958bb0465815f35391955a7
SPAR,SPAR vidéki cipó,2026-05-07,2026-05-13,649,499,True,Kenyér,2,0d8ddb6b2bcb5bdc81814bd74321cc28bab4ef48d576994bf5db9c96224d064d
Tesco,Tesco Parasztkenyér,2026-05-07,2026-05-13,799,599,True,Kenyér,2,c876178f571fef24597184f1e29c6122f4e21e9783954ee2617561169f3b73e7
Auchan,LIPÓTI KOVÁSZOS VIDÉKI KENYÉR,2026-05-07,2026-05-13,499,419,True,Kenyér,2,8b3b377c38a37e5411327496f2a19cba685e1784054bcd45434208a22780b969
Auchan,Auchan AUCHAN KEDVENC VÁNDOR ROZSOS KENYÉR,2026-05-07,2026-05-13,289,259,False,Kenyér,2,fb696cd3ce78508288537ac69811d2df712eeb01094d2c969b547230ca000f3d
Auchan,"MINI PROTEINES, TÖKMAGVAS VEKNI",2026-05-07,2026-05-13,479,399,False,Kenyér,2,d3dcf994317497a31f762c0f6173559a1684f06b4ff27e8f4c715d15fee7ef0d
SPAR,Kovászos cipó,2026-05-07,2026-05-13,549,449,False,Kenyér,2,05c9aedce740c2d1c3043f64bccb6e89cf0c530fbd023a81c6577f3e8f67a3f7
Tesco,Ceres Szívbarát csökkentett sótartalmú kenyér,2026-05-07,2026-05-13,519,459,False,Kenyér,2,3bc3344507e31a113bd416e8f7f762cbd30afdc54d09098c3e113039c120745b
Auchan,Auchan AUCHAN KEDVENC CSAVART GYÖKÉR,2026-05-07,2026-05-13,699,499,False,Kenyér,2,ba19c13703e46f4b460d5c2b602d8f6fb2dad7808d22c1a50583adc834412401
Auchan,LIPÓTI PARASZTCIPÓ,2026-05-07,2026-05-13,699,599,False,Kenyér,2,ca9a52b9b47a1e9b5feafcf1dafeeb16f08c944248779b30872e44bb4322428b
Auchan,Schär Pan Blanco gluténmentes kenyér,2026-05-07,2026-05-13,999,699,False,Kenyér,2,ba848529bfc54feb6d67710c8f22d006cb16252edfa8026efb314f25546bac7b
Auchan,LIPÓTI KOVÁSZOS VIDÉKI KENYÉR,2026-05-07,2026-05-13,799,699,False,Kenyér,2,c6df14c9a8d02ee9f9c41b8433402cbb4ad001a55a13e1864dce6aab04ada75a
Auchan,LIPÓTI PROBODY KENYÉR,2026-05-07,2026-05-13,899,799,False,Kenyér,2,163e080af97145a96ac277c7397563bcc6be1e7f84f1c8f0d4183d903d100a86
Auchan,AMERIKAI SZENDVICSKENYÉR,2026-05-07,2026-05-13,1299,1099,False,Kenyér,2,a17fd01da8153aca1b64b7bb314c2b763d835e5cf79f68ad4f140760c23b27de
SPAR,Extra sajtos rúd,2026-05-07,2026-05-13,249,199,True,Friss pékárú,2,9a7f8778fd0dbfa75820949b4d024095818b3f5843e8244c9c5beb7cb5217f61
SPAR,Teljes kiőrlésű császárzsemle,2026-05-07,2026-05-13,79,69,True,Friss pékárú,2,faf0cf8d461b1afe5fa2e9fe1afaec0a3aab7ec7a72420cb5e37497ecbc32b05
Auchan,SCHULSTAD GOURMET BOSTON VAGY BISTRO HAMBURGERZSEMLE,2026-05-07,2026-05-13,999,899,True,Friss pékárú,2,201869df9c03719f88dfa933b00f4717ba96119b29d564652cdb4fc43a20d208
Auchan,Auchan AUCHAN KEDVENC ZSEMLE,2026-05-07,2026-05-13,65,39,False,Friss pékárú,2,c316011008d8e4f7e074b24d208db7aab51f2e8c1cfc8c561a8a4b841884ea17
ALDI,AZON MELEGÉBEN TÚRÓS TÁSKA,2026-05-07,2026-05-13,145,109,False,Friss pékárú,2,d92bdff30f1c8f54572bb1d268a35ee2250499eba76d14d46b797dbfaa004e7d
ALDI,AZON MELEGÉBEN TÚRÓS TÁSKA,2026-05-07,2026-05-10,145,109,False,Friss pékárú,2,f62e4d00a14023f24911919e18573c55a50e1a0d913fc69b9d1afae7ad10d324
Auchan,Auchan AUCHAN KEDVENC SAJTTAL SZÓRT STANGLI,2026-05-07,2026-05-13,219,139,False,Friss pékárú,2,b38f27efc35e1ed7c424267499f386fd0f083cbf8f87b0b8dbc6751d5fec4531
Auchan,TARTARUGA,2026-05-07,2026-05-13,169,139,False,Friss pékárú,2,1b835d92eb3f48748cea743b86d01e11dc0b79f77d700b78646c6c1e85d49db9
ALDI,AZON MELEGÉBEN SPENÓTOS - KRÉMFEHÉRSAJTOS TWISTER,2026-05-07,2026-05-10,259,149,False,Friss pékárú,2,e8716d54986c38944aa1e942cab1f089dd06cfc3703a0e64da735cd5251b7e56
SPAR,Mini hamburgerzsemle,2026-05-07,2026-05-13,199,169,False,Friss pékárú,2,9305c92cbb75f717e825c23d32ff726775d3b536a9f23c7c9ef4b5644490da40
Lidl,Jalapeñós-sajtkrémes csiga,2026-05-07,2026-05-10,299,199,False,Friss pékárú,2,31b701a3d1c618950bc235e2f01bfede4bacaac58461b89baa4a04aa76b0e2fc
Lidl,Mogyorós töltött fánk,2026-05-07,2026-05-10,349,229,False,Friss pékárú,2,aaa2a4aae13541df1ee721b27fdeeb11b2910c8f32c49795777e26d5ad62227f
SPAR,7DAYS croissant,2026-05-08,2026-05-10,349,239,False,Friss pékárú,2,b7f61b4013fc291d2d01a6b8a4ce9989aefa767422934daf8a0425d557c3ea41
SPAR,Málnás-krémes leveles,2026-05-07,2026-05-13,299,249,False,Friss pékárú,2,8c3a960f9fc9c820fb133d5f952b9087d75fcce6915e656083586544e4fabddb
Auchan,Auchan AUCHAN KEDVENC BOLOGNAI PAPUCS,2026-05-07,2026-05-13,329,249,False,Friss pékárú,2,dcfa52fb7d9fdb8092baac6a9318f27c857d8eb13d8b1cba172aeb3e54398922
Auchan,Auchan AUCHAN KEDVENC TÚRÓS-BARACKOS KOSÁR,2026-05-07,2026-05-13,349,249,False,Friss pékárú,2,da4f6947a08c294148a0ce0d19b13816d317d1448085feb9c3639cef7431de9e
Tesco,Virslis croissant,2026-05-07,2026-05-13,299,259,False,Friss pékárú,2,3b325a303b08ee63dd2fe08362396c993ae2f060b0c522e70d385815579495c3
Lidl,Lavina kakaós kalács,2026-05-07,2026-05-10,499,349,False,Friss pékárú,2,1e670257e5fd854fa43463ada389299951559d0b2958363e19621d96bdbb3ec4
Auchan,Auchan AUCHAN KEDVENC ECKLER FÁNK,2026-05-07,2026-05-13,499,429,False,Friss pékárú,2,8d1561419a9f34d05a5e569abae22e004029a7fcf654769f4b257e785694f57b
Auchan,BAGUETTE,2026-05-07,2026-05-13,589,499,False,Friss pékárú,2,acbfd74503ce0f59cf2e80e537664f30b6adabe684dd8e7d35872c175df96724
Auchan,Bakerville BAKERVILLE HOT DOG KIFLI,2026-05-07,2026-05-13,559,499,False,Friss pékárú,2,eda60478582aaacaa23aba2d1e761bb5867bf31a41dcc7a2f45c433c9931c4a6
Auchan,SCHULSTAD TELJES KIŐRLÉSŰ FRANCIA FÜRT HOT-DOG KIFLI,2026-05-07,2026-05-13,759,599,False,Friss pékárú,2,997d15de4b03df4f0fdb5548abb528768492def2e6dd14be1a1dc40e51f070b2
SPAR,Jaus hot-dog kifli,2026-05-07,2026-05-13,969,699,False,Friss pékárú,2,e80af0c7e679af3e16083db33f8a8864c960615eff336d5e745588f319891229
Auchan,Schulstad SCHULSTAD CLASSIC HAMBURGERZSEMLE,2026-05-07,2026-05-13,849,749,False,Friss pékárú,2,4f40aed32ed1986bc798cffb60e086589a9df2fb9af39b95cadfab18140040e5
Auchan,JAUS ELŐSÜTÖTT PANINI,2026-05-07,2026-05-13,899,799,False,Friss pékárú,2,d1eca5309eafe5455145aeca0796caf50b742f5aa939315c75dbfd07f6c44370
Auchan,"Balviten BALVITEN GLUTÉNMENTES, VEGÁN HOT DOG KIFLI",2026-05-07,2026-05-13,1399,1189,False,Friss pékárú,2,a897adad553790cf4d5a700c1afc61b94ee81072d9fb5209d7b64187db46afd9
Auchan,"Balviten BALVITEN GLUTÉNMENTES, VEGÁN HAMBURGERBUCI",2026-05-07,2026-05-13,1469,1239,False,Friss pékárú,2,db31ad6bcb27b275966b914f5e2a0f0e229c79ef9acd48bf86fc7e56aa2d1af4
Auchan,Lecker LECKER PITA,2026-05-07,2026-05-13,899,799,False,Egyéb pékárú,2,467bd5ca3967ffadd5ebeb72549bbe9aa6a6ffc176aeed806fbb083c4bf57aaf
SPAR,SPAR Vital High Protein tortilla,2026-05-07,2026-05-13,999,849,False,Egyéb pékárú,2,dc80259d09b55308cfb71d77448a2855ab2c29120149eb60b20dcc1711ce778f
Auchan,Abonett ABONETT EXTRUDÁLT KENYÉR,2026-05-07,2026-05-13,369,299,True,Speciális pékárú,2,c5725a240a06d1dbe28eeeefd402b2812da62bbce95e47a148ce2650d59fe0a7
Auchan,"Abonett ABONETT GLUTÉNMENTES, EXTRUDÁLT KENYÉR QUINOÁVAL",2026-05-07,2026-05-13,429,319,True,Speciális pékárú,2,3b46b85c58cabd35bd826fdc0c5d15d47e21ccb58d37dbd24022b4a1926a16c4
Auchan,Rice Up! RICE UP! GLUTÉNMENTES RIZSTALLÉR,2026-05-07,2026-05-13,445,375,False,Speciális pékárú,2,5f4f2de147f920d18b1accc636e578c76ed1a7e2cd07c7af29434e10ad202e5d
SPAR,WASA gluténmentes ropogós kenyér,2026-05-07,2026-05-13,2199,1899,False,Speciális pékárú,2,1c2e3f5186b4c2f8efc186768b5f4a01ff31115b9f828fbc8b0362497de52d56
Auchan,RIBELLA HUMMUS,2026-05-07,2026-05-13,969,675,True,Növényi kenhető krém,2,5f81770da5b1698c1c4391582dad3b8cecb73c85960bb2adef0e1f518277687e
SPAR,S-BUDGET szendvicskrém,2026-05-07,2026-05-13,415,299,False,Növényi kenhető krém,2,72b2ad022202217780216c5ea72bd1dc70e9cd0524f71a439bec5a312f4dd022
Auchan,Podravka Ajvár,2026-05-07,2026-05-13,1049,899,False,Növényi kenhető krém,2,d0c7f17b426e9f93c35292da3ceb4889cf3304e3eb246640e4353285dee62db7
SPAR,Ripp-Ropp rántott gouda sajt,2026-05-07,2026-05-13,1799,1399,True,Mirelit készétel,2,cfb5950a8b82da2ebb30a597482e7a3c1ed1a369447f72df3bcdf9f0d40c41fb
Auchan,Ripp-Ropp GOURMET HORTOBÁGYI PALACSINTA,2026-05-07,2026-05-13,2198,1099,True,Mirelit készétel,2,6640599d519ae7c70c85520fa964b916e9777b4db179a2c4e2cb42529e2098ea
Tesco,Dr. Oetker Guseppe pizza,2026-05-07,2026-05-13,1599,1099,True,Mirelit készétel,2,658674727603f9286393a804dfada7d930c59d305ceb7e730c9a1153eb1856f3
Auchan,Dr. Oetker DR. OETKER FELICIANA PIZZA,2026-05-07,2026-05-13,1599,1199,True,Mirelit készétel,2,1affbc590f045517ef055d56d21d482e9b093e3d4a0bc7b0f785809034f7ba15
Auchan,"Nádudvari NÁDUDVARI GYORSFAGYASZTOTT, RÁNTOTT EMENTÁLI, CAMEMBERT VAGY MOZZARELLA SAJT",2026-05-07,2026-05-13,1459,1199,False,Mirelit készétel,2,9ead1e9dbecfbb2bfb545350401fc7cb415f4ea86634b3d0450e1f77a68ae319
Lidl,HAZÁNK KINCSEI Téliszalámi,2026-05-07,2026-05-10,619,459,True,Felvágott/kolbász/szalámi,2,4cd163bec29ed37ae78d4c74e103974534575b3c745c8598a84e3f0d9fa84245
Auchan,Pick PICK TÉLISZALÁMI,2026-05-07,2026-05-13,899,699,True,Felvágott/kolbász/szalámi,2,4f8e31870225475fe0b8f8c059d55f22c70bf874f3a15e5f67c4bcdaa2f30afc
Auchan,"Öcsi ÖCSI SZATMÁRI, FOKHAGYMÁS BAROMFI LECSÓKOLBÁSZ",2026-05-07,2026-05-13,199,139,True,Felvágott/kolbász/szalámi,2,1a5631d940222a3f769871c0bf0b35fe5f50021fb255aadc8df95712fc9a0cd4
Tesco,"Kometa Kemencés sült csülök, tarja, sonka vagy karaj",2026-05-07,2026-05-13,799,479,True,Felvágott/kolbász/szalámi,2,424359b2b530d7fa42aa0915ab3b3625ebd114566937ba496d5e1e66c031db2f
Tesco,Kaiser szalámi,2026-05-07,2026-05-13,849,499,True,Felvágott/kolbász/szalámi,2,19555da7dfaea1295d47fb732e37a2b5e3b04c02cb0c6319a4c3e02ae0ba9e42
Tesco,Csabai mangalica kolbász,2026-05-07,2026-05-13,2499,2059,True,Felvágott/kolbász/szalámi,2,729b57f89a24c4e7a3f1541d0109ef297fa099f167ceac804b148a3173516440
Tesco,Wiesbauer Puszta debreceni*,2026-05-07,2026-05-13,1499,1199,True,Felvágott/kolbász/szalámi,2,43fe6297a2bf7ac6302c4c147f2520d271da0e249c24ef390eb1f41bbee19ac2
SPAR,Regnum extra sonka,2026-05-07,2026-05-13,599,449,True,Felvágott/kolbász/szalámi,2,08eee0d176d575d00d077fbfa5e7844c20b769b8db215fed45763c91410b955a
Tesco,"Kometa Kemencés sült csülök, tarja, sonka vagy karaj",2026-04-06,2026-05-24,799,549,True,Felvágott/kolbász/szalámi,2,8e3bea9b9eb84bf6ee0804447a0061ca55e4048ba00f77f616a0f4c83db20499
SPAR,"Regnum Turist, sajtos Turist",2026-05-07,2026-05-13,579,449,True,Felvágott/kolbász/szalámi,2,bf5f2cdbf5d97b3fa02f496294f42b31eb2be0b7dba23c6267051a62300494b3
SPAR,Pick Rákóczi szalámi,2026-05-07,2026-05-13,999,699,True,Felvágott/kolbász/szalámi,2,0b31a66b46fd67e7369fe30b53464f7e0e844eb8dd4557bc611bbbb56e50e50d
Tesco,Master Good füstli,2026-05-07,2026-05-13,1399,999,True,Felvágott/kolbász/szalámi,2,289e4e1cfefcc482b065e91048cacd3cf10c9ddd2aa3bfafa9b2550f7bde68b4
SPAR,Berger Wellness sonka,2026-05-07,2026-05-13,1199,899,True,Felvágott/kolbász/szalámi,2,94145dd6c72bdbf3ba14d2df2733216898b006d1b497966c13ceb87066dab5d1
SPAR,Falni jó! hot dog,2026-05-07,2026-05-13,419,319,True,Felvágott/kolbász/szalámi,2,eef1a0c7c96035e0d5012bf15f2abc8e299ddc0f2c942ba1d3e319c60507e131
SPAR,Pickstick snack,2026-05-07,2026-05-13,839,659,True,Felvágott/kolbász/szalámi,2,fa82b1df3ef30a6e80732e72f1cd7ca7e4c789fda08ef66296c4edc0bdfa6a6a
Tesco,Pick Szalametti szalámi,2026-05-07,2026-05-13,779,535,True,Felvágott/kolbász/szalámi,2,2206576c7b6eb31cc5d90e7f59140881a2f0d176ce81bbb5dca5e17e8aa5f168
Tesco,Pick Pickolino roppanós virsli*,2026-05-07,2026-05-13,1389,1119,True,Felvágott/kolbász/szalámi,2,82a22cde636ae1e0088712444e09d79e7f98fbcce02294dc52bd6690f5525275
Tesco,Pick Rákóczi szalámi,2026-05-07,2026-05-13,6390,4499,True,Felvágott/kolbász/szalámi,2,4bba64465220397e5f38900a1691eb3b9071c34b9326ec8c828e61b46e158e98
Auchan,Gierlinger GIERLINGER PRÉMIUM MINI BERNER VIRSLI,2026-05-07,2026-05-13,1499,1159,True,Felvágott/kolbász/szalámi,2,f59bde71ce805534406d6fa57a723ed1a9224a0f34325ffb5d3bafcb16327aba
Tesco,Hajnal Hús lecsókolbász,2026-05-07,2026-05-13,229,169,False,Felvágott/kolbász/szalámi,2,3df603a96bad5017c1c66b2df344264ae4d3a6fa22b1aeb317fbd2baa8af5e57
Tesco,Juhász pálcika,2026-05-07,2026-05-13,219,179,False,Felvágott/kolbász/szalámi,2,760876b601812e453246adad9fce87fcc3ef07ea9b6e76eca4d485fb0ad2b160
Lidl,PIKOK Camping szelet,2026-05-07,2026-05-10,375,289,False,Felvágott/kolbász/szalámi,2,4bd75da36901c27c254e7a432d051b47ab980feae1838b033c2784330fe92e52
Tesco,Zagyvaparti füstölt csemege,2026-05-07,2026-05-13,385,299,False,Felvágott/kolbász/szalámi,2,c742bcd88088e927365ee64f137342bf8c8acdb7c613b55a2c8c0f4f59b4b989
SPAR,Regnum frankfurti virsli,2026-05-07,2026-05-13,379,299,False,Felvágott/kolbász/szalámi,2,7142e51285a4066e8c29fa063d82d6868af64c94bfbf145049ad98c9c5d7e7cc
SPAR,Regnum debreceni,2026-05-07,2026-05-13,399,299,False,Felvágott/kolbász/szalámi,2,04bb9ee507795c43dee2efcef8aabb1173ea97462329225743c3395d60d69c37
SPAR,Regnum gombás szelet,2026-05-07,2026-05-13,399,319,False,Felvágott/kolbász/szalámi,2,b6206a5b6d3c18cbc1092648860812350d4a63146ac1513c789b78cbd5241800
SPAR,eFeF csirkemellsonka,2026-05-07,2026-05-13,469,349,False,Felvágott/kolbász/szalámi,2,a3110adac1f8e3474090b930e9be360790a177f56c6296c370bdd4f1eab38fce
Lidl,PIKOK Sertéscombsonka,2026-05-07,2026-05-10,569,379,False,Felvágott/kolbász/szalámi,2,9816f41ad9f80b15c22219b350993b624cef1b988d3ee5600e8fe604e31679d9
SPAR,S-BUDGET Prosciutto Cotto,2026-05-07,2026-05-13,499,399,False,Felvágott/kolbász/szalámi,2,04405619a92d371926ae0d2ef0ab2cccdcf540af204b49f478d0da8d6db9b592
Auchan,Tiszatavi TISZATAVI CSIKÓS KOLBÁSZ,2026-05-07,2026-05-13,649,399,False,Felvágott/kolbász/szalámi,2,2ebdc4c7b6894585c5469461752118b848be04ea5a4af892f00dbd6bc797e860
ALDI,CSIRKEMELLSONKA,2026-05-07,2026-05-10,619,439,False,Felvágott/kolbász/szalámi,2,7251c726a6ea2ff191f18e44f812e7ea15d8feb0665b0c455219632e77c01ca5
SPAR,Wiesbauer Túra felvágott,2026-05-07,2026-05-13,619,479,False,Felvágott/kolbász/szalámi,2,fcced61a971e1230861809f6901250db7c18af631298ce180b93dacafffdc3c6
SPAR,"Herz sonka, karaj",2026-05-07,2026-05-13,849,499,False,Felvágott/kolbász/szalámi,2,c4dc9c8232d223ec5e4e4f23d587060158345d378b95d09b749672ec02fc2b5f
SPAR,Gyulai kolbász,2026-05-08,2026-05-10,769,499,False,Felvágott/kolbász/szalámi,2,b425ccd845ead057038ec62291bfe6d31012217e94096ea75aa36d331136b755
Tesco,Metzger paprikás szalámi,2026-05-07,2026-05-13,699,499,False,Felvágott/kolbász/szalámi,2,c41530b90e1eea6bd1681ad4d73eb7e4613af0824fad4ce1d95bdf2afdc96e40
Auchan,GYULAI DIÁKCSEMEGE,2026-05-07,2026-05-13,599,499,False,Felvágott/kolbász/szalámi,2,1ecfc7193ab2e83677b5b43ea11c0e5bb7c49f45763a8cae5d60d099e208218d
Auchan,RÉGIMÓDI CSEMEGEKARAJ,2026-05-07,2026-05-13,599,499,False,Felvágott/kolbász/szalámi,2,99569f5378efc5aaebcbb6476a0cc02b8e704db1d14023b22ccb9aa2671376eb
Lidl,DULANO SELECTION Nemzetközi válogatás,2026-05-09,2026-05-10,779,539,False,Felvágott/kolbász/szalámi,2,85ad8774018e918009a14202053c3fd5589e3fc322a51cb96b3cee2ce781dee6
Lidl,PICK Téliszalámi,2026-05-07,2026-05-10,899,599,False,Felvágott/kolbász/szalámi,2,0129d7d2b7836fc28fce530ee30d936a4753e4ff4f85699e947efcbbd9c2d67f
SPAR,Spanyol szalámi,2026-05-07,2026-05-13,799,599,False,Felvágott/kolbász/szalámi,2,002b7edeb1e32eb8a74d1c7621c00c761475a5dc81cb127b700a3710474536ac
Auchan,SARUD HÚS KOLBÁSZ,2026-05-07,2026-05-13,849,699,False,Felvágott/kolbász/szalámi,2,4a05e4442769245c97eac2ee1ddcdb9ad68f2681742e5f9faf92628e8eb68177
Auchan,HÍZÓFÖLD CHORIZO SZALÁMI,2026-05-07,2026-05-13,799,699,False,Felvágott/kolbász/szalámi,2,f2a33faa8b3d985ab785c6f9db71b790d972482fba7d19bb02ffed486ff19045
ALDI,CUCINA OLASZ SZALÁMI,2026-05-07,2026-05-10,1399,699,False,Felvágott/kolbász/szalámi,2,fdc2951d906ead0a2854f16e0061316f6c2f504c8ddabc7a7de12c8794db920d
Auchan,GYULAI KÉZMŰVES VÉKONYKOLBÁSZ,2026-05-07,2026-05-13,899,749,False,Felvágott/kolbász/szalámi,2,4a165d023e7510cc56d0776b1ca9482b0261cd4623f06252fe82440f0aa042e0
Auchan,Master Good MASTER GOOD FALNI JÓ! HOT DOG,2026-05-07,2026-05-13,959,859,False,Felvágott/kolbász/szalámi,2,037a48e308153e1971642e3753c85b36d437d69b5f5a79ba817ac48fbf80e6c6
Lidl,HAZÁNK KINCSEI Páros szárazkolbász,2026-05-07,2026-05-10,1349,899,False,Felvágott/kolbász/szalámi,2,d42cd4ef29c738833f73125e484531862435f2b7918743b30c2b4d489614bc93
Auchan,Darnó DARNÓ SZAFALÁDÉ,2026-05-07,2026-05-13,1399,899,False,Felvágott/kolbász/szalámi,2,e579c1a1a38a8e70a9388ca9a55086ff2fe703f6cf6b6e3b1ad44b6523e8553c
Auchan,Darnó KRINOLIN,2026-05-07,2026-05-13,1399,899,False,Felvágott/kolbász/szalámi,2,98b66d7bb2dd40a8e011e78671e83e73511fcb76a3a860ec518ce57e3d3e65ee
Auchan,"WEIN BÜKKFÁN FÜSTÖLT, LIGHT SONKA",2026-05-07,2026-05-13,1029,899,False,Felvágott/kolbász/szalámi,2,bc1fe353e2c382c276f76654e2abf54866da30496e0bee1d90bd9ff7466db685
Auchan,Privát Hús PRIVÁT HÚS SERTÉS LECSÓKOLBÁSZ PÁRBAN,2026-05-07,2026-05-13,1499,999,False,Felvágott/kolbász/szalámi,2,e1d47ba78942e81dc7ff3687d1bf8574f310cf2cd817c15143efd8760adec8b1
SPAR,Wein Kockázott sonka,2026-05-07,2026-05-13,1299,999,False,Felvágott/kolbász/szalámi,2,69c54c8eb3d1e053dfeb4e2590a5bc514b06ad7d1bf54964194d71258e1333b3
Auchan,Pick PICK PICKOLINO ROPPANÓS FRANKFURTI VIRSLI,2026-05-07,2026-05-13,1449,1149,False,Felvágott/kolbász/szalámi,2,390e778840e885b24b44096c801dd5717a23fbe9704f10c1e0c6b55442dbf3ae
ALDI,PULYKA BÉCSI VIRSLI,2026-05-07,2026-05-13,1499,1149,False,Felvágott/kolbász/szalámi,2,ebc3a9c142480291ac8471b8954eac7658fc0e86c25f291ae81414b59c9f352d
Auchan,Hízóföld HÍZÓFÖLD NYÁRI TURISTA FELVÁGOTT,2026-05-07,2026-05-13,1499,1299,False,Felvágott/kolbász/szalámi,2,883e3c1fdea38f217bdbf9c373b678560bb136130990f4c53043f757732ce8de
Auchan,Gyulai GYULAI KOLBÁSZ,2026-05-07,2026-05-13,1999,1599,False,Felvágott/kolbász/szalámi,2,a6634b46cd13e887fe8f1f0c2d913e8a9f32f04678c4def60704621df8010535
Auchan,Kaiser KAISER SZENDVICS SONKA,2026-05-07,2026-05-13,2699,1599,False,Felvágott/kolbász/szalámi,2,73bbc559e487368fc1ae7e0cf882751c694f296aa286b4e51722331a61c4f3e2
Auchan,Auchan Collection AUCHAN COLLECTION PÁRMAI SONKA,2026-05-07,2026-05-13,1999,1599,False,Felvágott/kolbász/szalámi,2,c9963f2924dee0900c7848589ae395fc8cde601229016610e99bc1ce7c407061
Auchan,LORIENTE JAMÓN SERRANO RESERVA,2026-05-07,2026-05-13,1999,1699,False,Felvágott/kolbász/szalámi,2,56c6e477c65b0ed580c6db2512d31fe2229cc45def4036489bcd6fe401305ccc
SPAR,Pick téliszalámi,2026-05-07,2026-05-13,3989,2779,False,Felvágott/kolbász/szalámi,2,c9782ce6ad8fb2e9ea7a0b45ef21d2ca906ba442dec6d0aded6efaceebc4a30d
Auchan,Pick PICK RÁKÓCZI SZALÁMI,2026-05-07,2026-05-13,6549,4999,False,Felvágott/kolbász/szalámi,2,e55d39f468eb99e4dc8607aea843bf16b6ea69aabc50bf4b35ceecc51073c949
Tesco,SÜTÖTT SERTÉSZSÍR*,2026-05-07,2026-05-10,999,949,False,Zsír,2,8bdd9fe3d49d6741ea7a26439e98909e98c7da2502ce099d5822b758553748d5
Tesco,Kometa Kemencés sült császárszalonna,2026-04-06,2026-05-24,1689,1199,True,Szalonna,2,fb35be775641b4e9b325e848b90b3043a786bb7f7790c8a83f822b0eb386f79a
SPAR,Tulip bacon,2026-05-07,2026-05-13,1199,899,True,Szalonna,2,2fd48ae6df14563aacee7e90d9f587802a7a3d69ed3607a980b97b8bf1f95059
Auchan,"Hajnal Hús HAJNAL HÚS FŐTT, CSÉCSI SZALONNA",2026-05-07,2026-05-13,359,259,False,Szalonna,2,a289f9633c4e2ac66ee68ce410635fba7f6b673ecc60c37ae5f16b2956d09cbf
Tesco,Konkoly Hús füstölt tokaszalonna,2026-05-07,2026-05-13,359,289,False,Szalonna,2,d0c37a58e8f1d40abac83cf6e8d2f6d8a0b57b63e27e3a9475f153909508609d
Auchan,"Hajnal Hús HAJNAL HÚS FÜSTÖLT, KOLOZSVÁRI SZALONNA",2026-05-07,2026-05-13,459,349,False,Szalonna,2,f97e64f3e5dc24f4639adc6d99f3fa4d587690bdb5b7096c1b3aad09dc3631aa
SPAR,"Regnum füstölt, főtt, préselt császárszalonna",2026-05-07,2026-05-13,499,399,False,Szalonna,2,d0f3c4de9d524ed5b0ff63edd971f5eb3b1177f55aaa565c554c579fd68c3d5d
Auchan,Mangalica MANGALICA BACON,2026-05-07,2026-05-13,749,549,False,Szalonna,2,3206040bb7d737b5a1648ee834466dbd4549b14b42dd94255690eab88bf6b4f2
Auchan,Sarud Hús SARUD HÚS FÜSTÖLT-FŐTT CSÁSZÁRSZALONNA,2026-05-07,2026-05-13,1149,899,False,Szalonna,2,4a9a2ab6f26f723d9eccc91ac6abcbcf036135db818bbcbda217976460dec389
Auchan,"Öcsi füstölt, szeletelt bacon",2026-05-07,2026-05-13,2599,1499,False,Szalonna,2,4acaa53ac6098f154ea0f24ac9dd052140d47a2c7a73c484366bc2bee7fc14c7
Lidl,CHEF SELECT TO GO Sushi,2026-05-07,2026-05-10,1449,999,True,Hidegkonyha,2,c0719b15877c0396be02e1aa812ed691e19be8c917d689fc8b30633cbb36b092
Auchan,SUSHI 4YOU SUSHI SET,2026-05-07,2026-05-13,3049,2599,True,Hidegkonyha,2,1b88cd2a77a51968563815c499ec434d85cf2f2453926c210589dbf9aa4482ff
Auchan,SUSHI 4YOU SUSHI SET,2026-05-07,2026-05-13,2139,1899,True,Hidegkonyha,2,66f824225d7a2afc297352f521ad7df84f88ee11239661096fcef27bbd17dbea
Tesco,Tesco zöldséges tavaszi tekercs,2026-05-07,2026-05-13,1199,999,True,Hidegkonyha,2,2e3df89f59feeaa1ea3f8d3f5b2bad84c4d5dddc757add4cbf08fce4f3128a3b
SPAR,"SPAR to Go KUKORICAPELYHES, KENTUCKY CSIRKEMELLCSÍK",2026-05-07,2026-05-13,1895,1299,False,Hidegkonyha,2,df9c3eefcfcf853273357d1ae04c6f2f9659001f95844a56fd00073faca497e5
SPAR,SPAR enjoy. burgonyasaláta,2026-05-07,2026-05-13,999,699,True,Hidegkonyha,2,ef460551f15e81517d1212b4385b82d54077a9fed7da59432a1832d3c7a045e4
Lidl,NIXE Tonhalsaláta,2026-05-07,2026-05-13,999,666,True,Hidegkonyha,2,d7d5467d78ec32feaa081235cd6e91795837cfcd4bd6934a1d91a51ee49d8fa7
Auchan,VICTUS LAZACSALÁTA ZÖLDSÉGEKKEL,2026-05-07,2026-05-13,1179,899,False,Hidegkonyha,2,ab64bb97ea3b7bccafe764b9b02a73e9e032a1468c370f7c3be96d3b018ed97d
Auchan,Paltsidis PALTSIDIS TRADICIONÁLIS TZATZIKI,2026-05-07,2026-05-13,1389,899,False,Hidegkonyha,2,9bd616b140ea232d2f8385be687e6ac8b7fe1e30e327158644b58d3ae803e8e3
SPAR,Rio Mare Insalatissime tonhalsaláta,2026-05-08,2026-05-10,1999,999,False,Hidegkonyha,2,06827a6d356c56cced4c5472d934b23b08fbfedd0762c1fd05fd20adac8151da
SPAR,SPAR enjoy. rántott csirkemelles szendvics,2026-05-07,2026-05-13,899,539,False,Hidegkonyha,2,7e7fb4a613a19c5a80ef50fafe60def2934539c3806f28e1b5199a16c064c58f
SPAR,Tortellino tortellini,2026-05-07,2026-05-13,1349,899,True,Hidegkonyha,2,70672028b9cf030a2b014f088af48f26c25bbe872083a7d5472f408aeca695bd
SPAR,Dr. Oetker XXL leveles tészta,2026-05-07,2026-05-13,999,749,False,Hidegkonyha,2,ff199b2dfeb02db5cc99b19feedf994687256df5712837695a32c1dc0cdb8680
Tesco,Tortellino töltött tészta,2026-05-07,2026-05-13,1299,929,False,Hidegkonyha,2,2f42745f120b24a29013e1df4a88c85fe097e6274c4a853f7cca7c0d94839374
Auchan,PÖLÖSKEI GYÜMÖLCSSZÖRP,2026-05-07,2026-05-13,999,799,True,Szörp,2,75d20ac1a96b0e852abe5a0d20e79bb354d9f05f2556e9f2f0fdeb905856ed7f
Tesco,Piroska XXL gyümölcsszörp,2026-05-07,2026-05-13,1489,999,True,Szörp,2,f57f5368ef40d39a26c427a9a3665b8b4b3ea72b37acaa9c03e680303936a6ad
Auchan,Pölöskei PÖLÖSKEI DIAB SZÖRP,2026-05-07,2026-05-13,989,759,False,Szörp,2,1623c2bae047abf935dfaae7659b7c5d5cda58d176fdca6c7df899b660dd64f0
SPAR,Piroska szörp,2026-05-07,2026-05-13,1499,1099,False,Szörp,2,71b943b87843b9695cd5cf079574603ba3c04878485bb995a023ac1c71a2dfd7
Tesco,Topjoy szívószálas gyümölcsital,2026-05-07,2026-05-13,235,156,True,Gyümölcslé,2,2a1a31ad7164164cbb9fadb0c58e4bea2cf5c6d9c339ccf0491d92eea61c9bdf
SPAR,Sió gyümölcsital,2026-05-07,2026-05-13,695,549,True,Gyümölcslé,2,a0e3bfe05a90172232df379c7ccd170c41c24f39cb36d0382b41be77c0d228c3
Auchan,Capri-Sun CAPRI-SUN GYÜMÖLCSITAL,2026-05-07,2026-05-13,2569,1999,True,Gyümölcslé,2,0fed712a4fd93fd2762501adb08200ded969ba7e07a6cbaa9c46f2565a8e1f6c
Auchan,TOPJOY,2026-05-07,2026-05-13,379,279,True,Gyümölcslé,2,4d1c67e91e3de02e114ec9e662191577bc848c36baafeb93d93349eea7ff0bc3
Auchan,SIÓ CITRUS FRISS VAGY LIMONÁDÉ,2026-05-07,2026-05-13,749,549,True,Gyümölcslé,2,c94160e399d3031376a5ad5e4c6cdc9762b8fa10dc68cc95b1dc0fc6b8f30b8f
Tesco,Sió Zero gyümölcsital,2026-04-23,2026-05-20,719,549,True,Gyümölcslé,2,a8018fc50023fac924427f3697331c7328dde0fba551ee4cf60aab45dd2fc5c5
Auchan,OLYMPOS GYÜMÖLCSITAL,2026-05-07,2026-05-13,459,349,True,Gyümölcslé,2,a362df7074937e2255aede028e9f50a9f732a449e89050aca16353bb66c0c4ab
Tesco,Sió Zero gyümölcsital,2026-05-07,2026-05-13,719,549,True,Gyümölcslé,2,e8ea6dbc164ca99ab6e2b9998a18a13e938bf959284b87ed6560322f5cf28f0e
Tesco,RIO Cold Press 100%-os juice,2026-05-07,2026-05-13,1489,1189,True,Gyümölcslé,2,8fc4c6e7ac7e41f82b35067acdd7500ebb4ea69287a58394c74e88c909278e67
SPAR,Topjoy gyümölcsital,2026-05-07,2026-05-13,349,279,False,Gyümölcslé,2,f4dffcb7d0935b6295fb42ec5d59767bee169ad289db5e14d0794b1dc627a24f
ALDI,RIO D ORO ALMALÉ,2026-05-07,2026-05-10,399,309,False,Gyümölcslé,2,ca2f8765cde5c96bbf4e86eef2a8361b352a8b4e39114f78349127447ff1fd0c
ALDI,RIO D ORO ALMALÉ,2026-05-07,2026-05-13,399,309,False,Gyümölcslé,2,4f5361f73f5fc3134d206703ca5bd77565f0caa3a02ef142e7797ac6a3db3cba
Lidl,SOLEVITA Barack-narancs nektár,2026-05-07,2026-05-13,599,449,False,Gyümölcslé,2,727ab53b58c1d69fd6b65fea66db8f78b93c3668e1e10e5bc82e81395811c8a9
Auchan,Rauch RAUCH HAPPY DAY GYÜMÖLCSLÉ,2026-05-07,2026-05-13,999,649,False,Gyümölcslé,2,95639bd0a28127fab47b5e1f2025a9901f7e8dc7ff8476c7157f4ac03b14869e
Lidl,SOLEVITA Family smoothie,2026-05-07,2026-05-10,1149,799,True,Smoothie,2,c1b39484713f5362387baf30cd962dbce1a8264e9e151848e65350c4d8cd47b8
Tesco,Schweppes szénsavas üdítőital,2026-05-07,2026-05-13,729,599,True,Szénsavas,3,f038c27bf62d2c77360b717b5a62c80f8582e53451b1159321d3446bca8e53dd
Tesco,Cappy limonádé,2026-05-07,2026-05-13,779,619,True,Szénsavas,3,58594a342fd926af7b5e4cf251c96d50e42361773f7dd0d3413ea1339b2df3ca
SPAR,"Pepsi, Mirinda, 7UP szénsavas üdítőital",2026-05-07,2026-05-13,759,599,True,Szénsavas,3,d001b50b0915dfa927fa14f17366d6d9d903f3a0bb3de7ca696bb087219a0b59
Auchan,"Pepsi PEPSI, PEPSI TWIST, CHERRY ZERO, 7UP ZERO, MIRINDA VAGY NARANCS ZERO SZÉNSAVAS ÜDÍTŐITAL",2026-05-07,2026-05-13,429,359,True,Szénsavas,3,aed4dc70bcb5a48d1ea1290e48d4be00f9be1d64d17785edecc69ec2aa5c2d10
Auchan,Pepsi PEPSI SZÉNSAVAS ÜDÍTŐITAL,2026-05-07,2026-05-13,759,679,True,Szénsavas,3,cb8dbe683a5885de02a005d2e3286b4e933cb2dfcb54bde055b405b5600700e3
Auchan,QUEEN SZÉNSAVAS ÜDÍTŐITAL,2026-05-07,2026-05-13,699,489,True,Szénsavas,3,be10148ba2110d1076dbab9b35131eff18df293e478c8768332cdc1c798b442f
Tesco,"Apenta, Apenta light szénsavas üdítőital vagy Apenta Vitamixx ízesített ásványvíz",2026-05-07,2026-05-13,429,299,True,Szénsavas,3,744f2ea73072baa772dbc5a8bfae2ff7e1ee10940e8a7295be23bb815252c385
Tesco,"Coca-Cola, Fanta Coca-Cola vagy Fanta narancs szénsavas üdítőital duopack",2026-05-07,2026-05-13,1449,1249,True,Szénsavas,3,d8b58c24c4d7f3e25ef1b21e0156888a94a7d9d5c96da85d1a6dc85d2f6bac4d
SPAR,Pepsi szénsavas üdítőital,2026-05-07,2026-05-13,425,299,False,Szénsavas,3,ea1fd49e3b66f99a56bf20e666ea77508121785dc4df8fcae74e50b6b323d80a
SPAR,Apenta Light szénsavas üdítőital,2026-05-07,2026-05-13,509,329,False,Szénsavas,3,cac85aaf877dadc1473f82294378115f03a135798b18f3fe3e88b86a771b7a1f
SPAR,Traubisoda szénsavas üdítőital,2026-05-07,2026-05-13,599,499,False,Szénsavas,3,1f771214d83434343725f768e4a64f57c66315044100b914934f86180956feed
Tesco,Rauch MyTea ice tea,2026-05-07,2026-05-13,759,419,True,Szénsavmentes,3,812d66d621add818819de2baafdef36884c8265e795186044ea97e172b9fe82e
SPAR,Nestea,2026-05-07,2026-05-13,589,449,True,Szénsavmentes,3,74e8a7d519da47394e90e778b01cad1547a4e8e447fc9d0808a8ab5460e03569
Auchan,Apenta+ APENTA+ SZÉNSAVAS VAGY SZÉNSAVMENTES ÍZESÍTETT VÍZ VITAMINOKKAL,2026-05-07,2026-05-13,429,299,True,Szénsavmentes,3,d6bf58346b05864f3dda47b82dfcd4575cd31aeccd60d2bd7976ff419225ba8f
Auchan,FUZE TEA,2026-05-07,2026-05-13,599,419,True,Szénsavmentes,3,d7c2a37dfca89a8eb1c40022ce2fe0fdb9233d18d001e4f0021c5f83be35eda2
SPAR,SPAR Ice Tea,2026-05-07,2026-05-13,379,279,False,Szénsavmentes,3,2fc02db5929910564f2d34cd9826f12cb2940ec68a32cce604ba13a71e16fceb
ALDI,FUZETEA ICE TEA ÜDÍTŐITAL,2026-05-07,2026-05-10,599,419,False,Szénsavmentes,3,9678dab255973427b148f64c41a11f021945edc4c736b3fb60242672cdd83a8f
Auchan,Rauch RAUCH MY TEA,2026-05-07,2026-05-13,729,419,False,Szénsavmentes,3,c3b6190dbec05981ab867b3d54382099806a86f0fe231d2882d609e61905ab5c
Tesco,Monster energiaital,2026-05-07,2026-05-13,599,459,True,Energia- és vitaminital,3,393ef71d5220b546a5d7e83cc3bbdd09f398bf3061bab680061da9b19ade54f2
Auchan,Hell,2026-05-07,2026-05-13,319,229,False,Energia- és vitaminital,3,7e91b1255d6d6fb6d8241a116160840f768f1f625be926c5aa7d12556309f458
ALDI,RIO DORO VITAMINITAL,2026-03-19,2026-05-13,305,245,False,Energia- és vitaminital,3,27e943010d7670f717a6c88add61156e392a6cc2788ec8087a8857f86a7629c2
Lidl,Red Bull,2026-05-07,2026-05-13,549,399,False,Energia- és vitaminital,3,3b7992a0cc27a02608505810b4735f4fb7a1b36ab0d8fe350ddf66fdd2b62509
Tesco,Mokate 3in1 Classic azonnal oldódó kávéspecialitás,2026-05-07,2026-05-13,1729,1499,True,Kávé,2,a26fbed779311d52ee64a50bad2da7dac88d20ec25a4aa8082852a80d2e7cf66
Tesco,Starbucks Nespresso kompatibilis kávékapszula,2026-05-07,2026-05-13,2099,1649,True,Kávé,2,738db99da585de41c463ecd04a280f9a8e0ca61c0a8301fd9ee31dbb91622eaf
Auchan,NESCAFÉ INSTANT KÁVÉ,2026-05-07,2026-05-13,3499,2999,True,Kávé,2,20c387819d6e883fc1fa80754b783e0e23846ddf566150072de6bada74c2df2b
Auchan,EDUSCHO SZEMES KÁVÉ,2026-05-07,2026-05-13,6989,5999,True,Kávé,2,2dff755f5a5936725980f0b3d1b99783112dfe3f435530e391c418c01cdc1591
Auchan,CAFE FREI NESPRESSO KOMPATIBILIS KÁVÉKAPSZULA,2026-05-07,2026-05-13,2399,1999,True,Kávé,2,c5f4d305187f70bbb7c1b68dde34e6568133ed2f67efba84e277e024bf2aad85
Auchan,DOUWE EGBERTS OMNIA CLASSIC ŐRÖLT KÁVÉ,2026-05-07,2026-05-13,7799,6999,True,Kávé,2,f86418550aaf47b037025d67eea9b2d75a3a2763604fb1c15492a94ddf4cd623
Auchan,"DOUWE EGBERTS OMNIA CLASSIC, GOLD CREMA VAGY ESPRESSO SZEMES KÁVÉ",2026-05-07,2026-05-13,8499,6999,True,Kávé,2,13f0a8cbfade9b24b6eb3aed7302640e842a959a29a1d9996225a51d18057f44
SPAR,Lavazza Qualita Oro szemes kávé,2026-05-07,2026-05-13,16499,11549,True,Kávé,2,6269664c0335c9864ea2e09f37d1bd7856adb7c6c0d46082b0811f8695d6ab8c
SPAR,"Eduscho, Tchibo Eduscho Family, Tchibo Gold Selection instant kávé",2026-05-07,2026-05-13,4199,2999,True,Kávé,2,26e34877445fad3e02018adcbbf0ff9c076d91496a722cfcb3511cb1ed57abc8
Auchan,Nescafé NESCAFÉ 3IN1 VAGY 2IN1 INSTANT KÁVÉ,2026-05-07,2026-05-13,2199,1649,True,Kávé,2,f0026c1121aec2af3f8d088cb687150522573c205d88687d19f4c1d9f1d659dd
Tesco,"Eduscho Family őrölt, pörkölt kávé",2026-05-07,2026-05-13,6299,5099,True,Kávé,2,491e6028a964daa608d34f22e3af8b22d6702eb6ae07abdd6b3b380c3d73a371
Tesco,Starbucks Dolce Gusto kompatibilis kávékapszula,2026-05-07,2026-05-13,2199,1899,True,Kávé,2,ee34213dd819c7ad23abb18f2e3e8b6f6713d287c3bfad28249c5c902b6a0e97
Tesco,Douwe Egberts Omnia őrölt-pörkölt kávé,2026-05-07,2026-05-13,2699,1799,True,Kávé,2,410f5efd2d6b1558043fd876596b59fe83c332aef8057af1749d69062967ec46
Tesco,Nescafé Dolce Gusto kávékapszula,2026-05-07,2026-05-13,4499,3699,True,Kávé,2,d1e2dad8acce85965e4d7bb96e0bd54d3ce402d8f44f347b2ad49b83ba35328c
SPAR,Starbucks kávékapszula,2026-05-07,2026-05-13,1599,1399,False,Kávé,2,3007c671af94f36cac93fc2500d95ee1683088294c757b7b657740bdb9322919
ALDI,BARISSIMO KÁVÉ MOCCA,2026-05-07,2026-05-10,1949,1499,False,Kávé,2,ba2e0798a5651cc372a6db4548c6e4a7c55bd9d439749fee4698c47dea698920
SPAR,"Paloma, Karaván őrölt kávé",2026-05-08,2026-05-10,1799,1499,False,Kávé,2,a8cf77d780ba41c2e6310570243fc184002be9c068e5027eccf5848106c7611d
SPAR,Segafredo Intermezzo őrölt kávé,2026-05-07,2026-05-13,2099,1699,False,Kávé,2,bef44328ba5eb4b3543504ad38063391214d578fc1cbe8bf9a62c73c22e049b1
Auchan,NESCAFÉ DOLCE GUSTO ITALKAPSZULA,2026-05-07,2026-05-13,2399,1899,False,Kávé,2,f6a53a45c8df18e4257cb9199b606e700946228604735b311f20ccdc2f5b050e
SPAR,Starbucks szemes kávé,2026-05-07,2026-05-13,4299,3399,False,Kávé,2,abb3555bb111e8d1a21f67aa084bbb540f60eeceb2047a617e34d3eed09e862e
SPAR,Jacobs kávékapszula,2026-05-07,2026-05-13,4599,3999,False,Kávé,2,8ac07e50970b37514b0eba0713a57aad637708f367089fbf29d184c71467f76e
SPAR,Tchibo Cafissimo kávékapszula,2026-05-07,2026-05-13,5199,4399,False,Kávé,2,df28dd39d6f057c4d7cf4659797f7d65ab6c90019e3f68858b5ec2d0321842c7
SPAR,Alpro Barista és ízesített növényi ital,2026-05-07,2026-05-13,1299,999,False,Növényi ital,2,354c67255d50ee99f61656a090e9ac8503f309813e8d2d69de135b1d256f0de8
Tesco,Szentkirályi ásványvíz,2026-05-07,2026-05-13,239,199,True,Ásványvíz,2,cffd7ac67c5b83b834db57485eff0efc3b89fa9c584ce31e63bebb8b1b580535
Tesco,Szentkirályi Cseppség szénsavmentes ásványvíz,2026-05-07,2026-05-13,269,239,True,Ásványvíz,2,77b56a55cf7d714e925b71e818f1177fcfe6bbb0ce1d3b8b00c5df85624a26ef
Auchan,NATUR AQUA ÁSVÁNYVÍZ,2026-05-07,2026-05-13,159,139,False,Ásványvíz,2,7ece707cf20d2b098ae2e8213326f79eb60c82502932acf4156c4a1c7b769faa
SPAR,Szentkirályi ásványvíz,2026-05-07,2026-05-13,199,179,False,Ásványvíz,2,e71b1c1c64b98e74bffd41142876c9d474752638bd86076a7b0fa3c55a93d087
Tesco,Lafi Fruit vagy Hugo boralapú ital,2026-05-07,2026-05-13,1149,899,True,Bor,2,bee7f8d2134d6efe01d02292effd24947cb55a24bd9e2dc43f8888da6ad31a71
Tesco,Sauska Rosé,2026-05-07,2026-05-13,3199,2399,True,Bor,2,b8fed8a222c8c8949bc94e28597c2662e6ad5f132e9a2c1c5ffe3d886f0b99fa
Tesco,Bock Ermitage,2026-05-07,2026-05-13,3499,2999,True,Bor,2,8d2c52dca00fd44d7bed328159badc785b95967650233729dacc8459adeed0a1
Auchan,Teleki TELEKI VILLÁNYI CABERNET SAUVIGNON,2026-05-07,2026-05-13,1999,1499,True,Bor,2,2ac4909df8e84261561f1da2559fa298ade93db5ede3d81eaad5255ebe9f9f10
SPAR,Haraszthy Sauvignon Blanc,2026-05-07,2026-05-13,2499,1999,True,Bor,2,5e008121d9f5d690c626042502caf6186a5c5f1d50271a85eddb627e43f6f540
SPAR,"Bock Cabernet Sauvignon, Cabernet Franc",2026-05-07,2026-05-13,3999,2999,True,Bor,2,3c9424d04e807b5b8f444a7543bdbe09a3193ef6ad30e61233d5515be80b3905
Auchan,Mészáros Pál AUCHAN KEDVENC MÉSZÁROS PÁL SZEKSZÁRDI NAPOSHEGYI VÖRÖS CUVÉE,2026-05-07,2026-05-13,1799,1249,True,Bor,2,4e7f43716609ebe720326fedbec8b9ef6417a5ebc5f227b57140e1da9a3cc502
Auchan,BB BOR,2026-05-07,2026-05-13,1569,1099,True,Bor,2,c7fb2c214184216525cd9e8e719c603145f8705303ddd673dd40a08ad55ffca9
Auchan,Maul MAUL LATOR VILLÁNYI FRANC,2026-05-07,2026-05-13,8569,5999,True,Bor,2,8406d961c0edbbfe1d4c1352d5133bed9d07a1ed20f2cc4e5cbc734275aba446
Auchan,Paulus PAULUS MOLNÁR GOLD BOR,2026-05-07,2026-05-13,1599,1199,True,Bor,2,0f6291c57132435a75fe4de9cda37168894b280f656af427adcfef51ffe29f68
Auchan,"Frittmann FRITTMANN KUNSÁGI IRSAI OLIVÉR, CSERSZEGI FŰSZERES, EZERJÓ, GENEROSA, ROSÉ, IRSAI SECCO VAGY CABERNET FRANC OLÍVIA CUVÉE",2026-05-07,2026-05-13,1799,1349,True,Bor,2,f503d4c3d1d9450b2667820c2c0271ab697042da8b0c4e2ec7433d4cec127da2
Auchan,"Juhász JUHÁSZ IRSAI OLIVÉR, MUSCAT OTTONEL, OLASZRIZLING, CSILLAG, SAUVIGNON BLANC, ROSÉ CUVÉE VAGY VÖRÖS CUVÉE",2026-05-07,2026-05-13,1699,1199,True,Bor,2,5c841511ec2e1eda5b846c1b4638717c9e0684878f0723a7c35be616333a7a8f
Auchan,"Patricius PATRICIUS TOKAJ FURMINT, SÁRGAMUSKOTÁLY VAGY GIORGIO",2026-05-07,2026-05-13,2599,1799,True,Bor,2,712f141ebb030114fab14628673c75d12c0c13b8665b54e5cbf43e7168fac528
Tesco,Gere & Schubert bor,2026-05-07,2026-05-13,2359,1599,True,Bor,2,85469c57eeff74a40cb8553467feecccfe7ddf05d8cba56fcf633b7117ddccc0
Tesco,Ostorosbor Bag-In-Box Felső-magyarországi Irsai Olivér,2026-05-07,2026-05-13,4729,2699,True,Bor,2,4e27bf8a1232889a1b990dd86951dc67b3676d8a70096fdd5fe141e1043099b7
Lidl,JUHÁSZ Rosé,2026-05-07,2026-05-13,1699,1299,False,Bor,2,a0c4c47d7727cc21a695c2d1373599be967517f189c9a8161b37f7957229a817
Tesco,Arany Ászok dobozos világos sör,2026-05-07,2026-05-13,399,339,True,Sör,2,8b3fa2e5dc1c2d8900f7c4f6df9ec041f8575fb61ffe6a37271a1c5b6b641050
Tesco,Budweiser Budvar Original cseh prémium világos sör,2026-05-07,2026-05-13,409,279,True,Sör,2,3b588b3221c4783fc4f935363ea0f843373ea00f6e2f5854eb49cada07db9893
Tesco,Peroni Nastro Azzurro Limone di Sicilia alkoholmentes sör,2026-05-07,2026-05-13,485,399,True,Sör,2,1a00702ebdda400faecd68f546d88fbe184a9bacc921d6f03f13992d20c8794a
Tesco,Pilsner Urquell dobozos sör,2026-05-07,2026-05-13,529,469,True,Sör,2,ed8adf9b63e0f8f0d7f4449d5fd9623aded6b885b0763e827581cbaca75a29ce
Tesco,Heineken dobozos sör multipack,2026-05-07,2026-05-13,2649,2299,True,Sör,2,66a14df96f1a6d525aa00903abc7372086e242dcf3f3cf42e2f61f1c935f2529
Auchan,Dreher DREHER GOLD DOBOZOS SÖR MULTIPACK,2026-05-07,2026-05-13,2399,2099,True,Sör,2,1599857c3edccea400051d356f00fcc0f6a231b39ace0cff07a7f51a3219c44f
Tesco,Soproni Lager világos sör,2026-05-07,2026-05-13,399,329,True,Sör,2,a7dd82ba291ab093cb3f798299407c996aa21e42f81658ffc74524b82694b8a0
Tesco,Staropramen dobozos sör,2026-05-07,2026-05-13,439,419,True,Sör,2,09a7437142548a4a01ea7efa76033950a894c4d7076cf3e7e57d1104d2eb1711
Tesco,Borsodi dobozos világos sör multipack,2026-05-07,2026-05-13,2379,2059,True,Sör,2,ef5d5d103df2d23052e34d1f5e849b5cf4fcf688d6ab43ee7f3a72818e92ab91
Auchan,Staropramen STAROPRAMEN DOBOZOS SÖR,2026-05-07,2026-05-13,329,219,False,Sör,2,70af5b406544a3143c11f8c580bf63d5fc9fd982aaeae49ba292c367af69e266
ALDI,LÖWENBRÄU VILÁGOS SÖR,2026-05-07,2026-05-10,369,279,False,Sör,2,122c6b9adbd5020dec3d4edb16d715efd71f47d3f0bc66114c44de529f7ffa30
Lidl,TUBORG Világos sör,2026-05-07,2026-05-13,379,279,False,Sör,2,05f846b55848a2d163e3fc1fc0398e373c55e4debc941bc4108e75bf0a8de39d
Lidl,KŐBÁNYAI Világos sör,2026-05-07,2026-05-13,379,299,False,Sör,2,b97de6791456e0dec8afa419b4f3918b8f7de279a4472a4954b4dc4dacb0bce2
Lidl,DREHER 24 alkoholmentes sör,2026-05-07,2026-05-13,349,299,False,Sör,2,b06386626c741c57382ab124b20d35c8de1653f6e81a076e2ad5e6e5a0257dc5
SPAR,Kozel sör,2026-05-07,2026-05-13,439,339,False,Sör,2,70937d6b135c14766d370435349d052ea89420822d09a2361fa21e3df86cee60
Lidl,BECKS Világos sör,2026-05-07,2026-05-13,429,369,False,Sör,2,08188a2cb833543a36d2884a775e7e33ae51c2da5578ceb38aad80c80e8bee0e
Auchan,Carlsberg CARLSBERG DOBOZOS SÖR,2026-05-07,2026-05-13,469,379,False,Sör,2,f3f79a289298198055a7cca251590fbce745fcf6c83420a97d21c1c5a450a6ea
Auchan,Soproni SOPRONI DOBOZOS SÖRSPECIALITÁS,2026-05-07,2026-05-13,469,419,False,Sör,2,61ffdd81c7427bf7aa97c90f063dbe819fd6c2e2c5690825e7f11e8f92cc2602
SPAR,Mort Subite Kriek belga meggyes sör,2026-05-07,2026-05-13,709,649,False,Sör,2,2b2d7a9cf0f89479f73ac331f6d2e79a82c0148bfe2ee6f36116f7cdd2b550cd
SPAR,Löwenbräu sörpack,2026-05-08,2026-05-10,2199,1599,False,Sör,2,7024a2d63a67d09168e6e4da96e24a8873e56941e73abaa5be15bd401e143d43
Tesco,Smirnoff No. 21 vodka,2026-05-07,2026-05-13,6590,6299,True,Tömény,2,319912600a89b2a62642b83b6a7f2dc96e4a5d2a8d2443eecace5622e2ba6f80
Tesco,Baileys Original krémlikőr,2026-05-07,2026-05-13,8690,7399,True,Tömény,2,dd3fd620276464dcd3781c308967c41306bcdb58310982a1bd7b6c2e03add191
Tesco,Don Papa rum,2026-05-07,2026-05-13,20799,17990,True,Tömény,2,6a24dc820f984f32e5cedfd98d6340b015de4014375ae9095160297a638e6e4a
Tesco,Tanqueray London Dry gin,2026-05-07,2026-05-13,8490,8290,True,Tömény,2,0259983476ea9b3d3b4279625b04a9d462a87f241b912800ba4694325764e621
Tesco,Tanqueray Flor De Sevilla desztillált gin,2026-05-07,2026-05-13,9490,9290,True,Tömény,2,4c79689d3d6a22011886c97bbe47e1dee819358b5d32cbfc755e757862d503d7
Tesco,Kalinka vodka,2026-05-07,2026-05-13,7299,6299,True,Tömény,2,4c69ae9da5d66537652683daf8c66c7f23a11694982373590954162e5d91b09c
Tesco,St. Hubertus gyógynövénylikőr,2026-05-07,2026-05-13,6129,5199,True,Tömény,2,61659ba654152bfd7fb84908d6dd194859d820fa37a2847a951e75827f589b1a
Auchan,Bumbu BUMBU THE ORIGINAL RUM,2026-05-07,2026-05-13,14399,11499,True,Tömény,2,9f2606eeaf65c9e5a04d3e9bd457e1824b21671e2d0bc657f91a1ff61bf48b1d
SPAR,"Fütyülős barack-, görögdinnyelikőr",2026-05-07,2026-05-13,4649,3999,True,Tömény,2,1e1f68373a72de4cead49d05779ab010e43d55399d084fa1c31ce0666cf2d7eb
SPAR,"Jägermeister, Jägermeister Orange",2026-05-07,2026-05-13,6099,5299,True,Tömény,2,c20af312797b82cc970c818563c8f3ea88546c9dd868288ab062bdbd0480c3bb
Auchan,Royal ROYAL VODKA,2026-05-07,2026-05-13,3489,2789,True,Tömény,2,93b7babf10f31bc4e4e672b9ca7297b6f25fdf6597be62ed9b35688f8c11dd84
Auchan,Jack Daniels JACK DANIELS TENNESSEE WHISKEY,2026-05-07,2026-05-13,20499,14349,True,Tömény,2,96908337c0a1adfd0866bc25af2560f7db37ea4d130b300ff42c3b949666119c
Auchan,Zwack ZWACK UNICUM,2026-05-07,2026-05-13,10899,8399,True,Tömény,2,9163888dfc631293e0afded1f6ea6cf8f950611a13a107547221b8a4a93e1c85
Auchan,Metaxa METAXA 5*,2026-05-07,2026-05-13,10499,7879,True,Tömény,2,67bc65968a2e7d77c8170de20d62b24dcb736e9784927b7a9e1e21d004bce1eb
Tesco,Royal vodka,2026-05-07,2026-05-13,4889,3549,True,Tömény,2,15d129fb06d2c243426af49c9e9d761f3304e9fe60ff13094e2b1ccc85db62f4
Tesco,Johnnie Walker Red Label ajándékcsomag,2026-05-07,2026-05-13,9290,7990,True,Tömény,2,72606f294d10e4b9c05452b6ee836356c6a36775e290d1af398f177c3ab9d384
Tesco,Jägermeister gyógynövénylikőr,2026-05-07,2026-05-13,11990,10290,True,Tömény,2,d373c161e900d519319cce04123a2469cda884a8253161a07c3c3a94b030116b
Tesco,Kalumba Madagascar gin,2026-05-07,2026-05-13,7999,6599,True,Tömény,2,835e3abfb466aaae3e7dc51101d013dc5ff007a1dbf1da1cc301f7e846f50d09
Lidl,QUEEN MARGOT 3 éves skót whisky,2026-05-09,2026-05-10,4299,3199,False,Tömény,2,d53e723b0337411d80cac958add5acfc743765c243043e031bea5cfeeee2d565
Tesco,Somersby SOMERSBY CIDER,2026-05-07,2026-05-13,499,399,False,Cider,2,42014693e96a2aa1e30028b0c506ad883473a4b0a8b27eb7c84070adf92f48b0
Tesco,Hungária pezsgő,2026-05-07,2026-05-13,3839,2699,True,Egyéb alkoholos ital,2,7278fc7a038738798dc47c1b52e131633988948512c506ac338a82accfb3f25c
Auchan,Hungaria HUNGARIA PEZSGŐ,2026-05-07,2026-05-13,3799,2849,True,Egyéb alkoholos ital,2,e387b26ae400e5a1ead19e19c4c36e29d39d1723e45f95fa1e9c3d7be5bd924b
Tesco,Martini pezsgő,2026-05-07,2026-05-13,5299,3599,True,Egyéb alkoholos ital,2,ef5a56aef99ccd62453660bcccf4d9445566662b8c13e54f2551a14885e37cd5
