bolt_neve,termek_neve,akcio_idotartama,leiras,eredeti_ar,kedvezmenyes_ar,kartyas_e,kartya_tipus,kategoria,kategoria_kod,hierarchiaszint,egyedi_hash
Auchan,FODROSLEVELŰ SALÁTA,2026.04.16 - 04.22,"Ft/db, származási hely: Magyarország",699,499,False,,Salátafélék,4,3,a767c1963e14c09bb8dff356deca5d816c173bc7da5f999dc8a2bb23a6e4e743
ALDI,KOKTÉL-PARADICSOM,2026.04.20 - 04.22,250 g/csomag | 2396 Ft/kg | 852191,695,599,False,,Paradicsom,5,3,e0240db69cbe9fbfb74a74f1be64428583fd0b2f56a9f359133609c36982f348
Tesco,HEGYES ERŐS PAPRIKA,2026.04.20 - 04.22,I. osztály | db,119,99,False,,Paprika,6,3,b97e6a538c70e43fda804e3e993533b2bd92cddc176d40d329dfb3cba765334d
Auchan,PÓRÉHAGYMA,2026.04.16 - 04.22,Ft/db,599,349,False,,Hagyma,67,3,efc934ddd9f440e6d1a33aab9c6bf8166eada72ce0d44947bc524238c16ad928
Tesco,KELKÁPOSZTA,2026.04.16 - 04.22,"I. osztály lédig, kg",599,399,False,,Karfiol és káposzta,124,3,fe2a90c48513053c44b075503ab464e274ef03ab1056aefbcde1e3b4e5b27586
SPAR,Aviko Zig Zag hasábburgonya,2026.04.16 - 04.22,"gyorsfagyasztott 1,5 kg (1.799,33 Ft/1 kg)",2699,1499,True,Supershop kártyával,Mirelit zöldség,12,3,913f1f74ba19202112114464533801686849dcbf1b899842214a09ab8a2cd0b0
ALDI,ALL SEASONS BROKKOLI-MIX,2026.04.16 - 04.22,450 g/csomag | 900 Ft/kg,485,405,False,,Mirelit zöldség,12,3,0b6cf779d2bdf569c7d26042507cde69f0f93112052c575e7417f80753b35003
SPAR,S-BUDGET brokkolirózsa,2026.04.16 - 04.22,"gyorsfagyasztott 750 g (1.198,67 Ft/1 kg)",1099,899,False,,Mirelit zöldség,12,3,1696f7a0a3c726930c62de4b51e112cf3f8408fff28f8a158d27ffb5bba2c2df
Auchan,PETREZSELYEM,2026.04.16 - 04.22,"Ft/csomó, méret: XL",699,499,False,,Fűszernövények,177,3,f3ca290d5bfbcf3a116356b7ca14af2005e07bae633c81557de54eb6d3baa1c7
Auchan,GYÖMBÉR,2026.04.16 - 04.22,Ft/kg,2490,1699,False,,Egzotikus zöldség,247,3,b3891ebe1afc7ef6ab14e7ccefb5cf58f640a921da29e3871e53c4e9fd7183c5
SPAR,Petrezselyemgyökér,2026.04.16 - 04.22,1 kg,1299,599,True,Supershop kártyával,Gyökér- és leveleszöldség,271,3,870bee4822fc19457dfb71a64b11171e0d889176b033158eee5554e7fb064558
Lidl,Bio vákuumcsomagolt cékla,2026.04.16 - 04.22,500 g / csomag; 1 kg = 998 Ft,699,499,True,Lidl Plus alkalmazással,Gyökér- és leveleszöldség,271,3,ed1b6513a5e1f0d25c3b15a2b816a37e0a3865deba2ccb72d48bf9da5b9b93ff
Lidl,Zellerszár,2026.04.20 - 04.22,/db,599,449,True,Lidl Plus alkalmazással,Gyökér- és leveleszöldség,271,3,0efb8b58b037d6f983bffd57582fbe8ec3fddfae07f8b6a9e11f15de5c4d98a8
Auchan,CÉKLA,2026.04.16 - 04.22,Ft/kg,449,199,False,,Gyökér- és leveleszöldség,271,3,672c2452b74ab18e096dcc15ae8fd90a7e7f1e39de81a29c34a300b6670a0273
Tesco,Magyar csomós retek,2026.04.16 - 04.22,,249,219,False,,Gyökér- és leveleszöldség,271,3,fab68879bd2ccaebb05becfd40bc206d8c5ba41fcea96c3a3e3a8f6b135af24d
Auchan,VEGYESZÖLDSÉG,2026.04.16 - 04.22,"csomagolt, 1 kg",799,499,False,,Gyökér- és leveleszöldség,271,3,4f492918ad2d353e602c1d6615ad38fbea0cc4d4c5558d574b14c7b989e0abf0
Auchan,SPÁRGA,2026.04.16 - 04.22,"400 g, 7498 Ft/kg, 3748 Ft/kg",2999,1499,False,,Gyökér- és leveleszöldség,271,3,0e758c364f51394e55639526b972f64353057ec4e17a91428c0cc0bbf925aa7c
SPAR,S-BUDGET fehér csiperkegomba,2026.04.16 - 04.22,csomagolt 500 g (1.798 Ft/1 kg),899,699,True,Supershop kártyával,Gomba,273,3,c5d020153fcf4b63c1c350c07b3a1df52c377c3d495016a8297a2afaa5007158
Auchan,Rozmár ROZMÁR SZEGFŰ- VAGY RÓKAGOMBA,2026.04.16 - 04.22,"300 g, 9097 Ft/kg | GOMBAKEVERÉK | 500 g, 5458 Ft/kg | Bizalomkártyával: 6330 Ft/kg, 3798 Ft/kg",2729,1899,True,Bizalomkártyával,Gomba,273,3,d6499c5b5a35b48fc526399a78fcd19e793aca651ac5401b289ab0660d607c50
ALDI,BIO NATURA BIO GOMBA,2026.04.20 - 04.22,250 g/csomag | 1996 Ft/kg | 705862,699,499,False,,Gomba,273,3,2d090e8af4d6338771dbba04da42a2c27ab3a4e3825bb4772992ca48e27ea82f
Tesco,Tesco magyar fehér csiperkegomba,2026.04.16 - 04.22,"500 g, 1798 Ft/1 kg, 1198 Ft/1 kg",899,599,False,,Gomba,273,3,54fa8bcd7581ff9ebaecb31757e28675b399bb209cc49f9fdae999e6ee550d8b
Auchan,CUKKINI,2026.04.16 - 04.22,Ft/kg,1199,699,False,,Tökfélék,274,3,066dffc0495e31a14a908055705b5cd27f6fe6c6e1d9997529ad2515f045bae0
ALDI,"ALL SEASONS VÁGOTT, SÁRGA HÜVELYŰ ZÖLDBAB",2026.04.20 - 04.22,2-3 percig forralni szükséges! 1 kg/csomag 499 Ft/kg,799,499,False,,Egyéb zöldség,275,3,c56992ecff85d2fa96f405f3ad65eb2c96f74f2db42661af3419479374e99b38
Auchan,Eisberg EISBERG RANCH VAGY FARMER MIX,2026.04.16 - 04.22,"110 g, 3355 Ft/kg, 2718 Ft/kg",369,299,False,,Egyéb zöldség,277,3,56897a0c4a3a9b87a52c7e6ead51f37031b6219ad111fb7104ff674cb27bea1b
Auchan,Eisberg EISBERG PÁNTLIKA VAGY PUSZTA MIX,2026.04.16 - 04.22,"190 g, 2889 Ft/kg, 2311 Ft/kg",549,439,False,,Egyéb zöldség,277,3,cb9bb7ff77a4d957055c5d185bdff98497fd8c1dd8e63047e32a6a94110dc5e6
ALDI,KLASSZIKUS SALÁTAMIX,2026.04.16 - 04.22,• Crotone vagy • Firenze 200 g/csomag 2 395 Ft/kg,699,479,False,,Egyéb zöldség,277,3,f07673ed64482ab675fe59a6e0d16f17f4f1a0fcdc4e31b85c2da2d6e0c6fdee
ALDI,GOLDEN ALMA,2026.04.20 - 04.22,/kg | 399 Ft/kg | 729512,459,399,False,,Almafélék,64,3,555b75b160b6d8225095959421dece4fc2339f0b6e5dba5a542f4ed9622ff49a
ALDI,CONFERENCE KÖRTE,2026.04.20 - 04.22,/kg | 599 Ft/kg | 734727,769,599,False,,Almafélék,64,3,bc789787aa00ab73508ebd0feb8d9bf1fc60567dd2d99ca43e4c83edf1b71315
Tesco,Áfonya,2026.04.16 - 04.22,"125 g, 7192 Ft/1 kg, 5192 Ft/1 kg",899,649,False,,Bogyós gyümölcsök,65,3,47ef2bb8425b2b3ccc042968d7f9b114dc474dfb5938baf17a400f30b31a8f54
ALDI,EPER,2026.04.20 - 04.22,500 g/csomag | 1798 Ft/kg,1499,899,False,,Bogyós gyümölcsök,65,3,ba22aac3de17078e0c5d2f3b7bcbfed9d5ab1b9221f279bcef06b62c40a27738
SPAR,Avokádó,2026.04.16 - 04.22,1 db,599,399,True,Supershop kártyával,Egzotikus gyümölcs,186,3,2e4d575d0ec1a13b96d5e927eea73b1edbddeee4e760b964aa61708f93490133
Lidl,Avokádó,2026.04.20 - 04.22,"1 db vásárlása esetén: 599 Ft/db Legalább 2 db vásárlása esetén, minden második termék ára: 199 Ft/db /db",599,199,False,,Egzotikus gyümölcs,186,3,29f03a6dc9716388c038e7c7a1f723fee68804c8680d88b8447dce999d77e27b
Auchan,ANANÁSZ,2026.04.16 - 04.22,Ft/kg,1099,799,False,,Egzotikus gyümölcs,186,3,4841972093b11c627678de98c61a5c461bc1f6f3755f286574e141e336af266e
Auchan,AVOKÁDÓ,2026.04.16 - 04.22,"700 g, 2427 Ft/kg, 1427 Ft/kg",1699,999,False,,Egzotikus gyümölcs,186,3,afeececd78f05507e7e5a318ecf7c56b75b5f1ef6fd89ccf4f2481aaa402da2d
Lidl,GELATELLI Pálcikás jégkrém csoki-darabokkal,2026.04.16 - 04.22,120 ml; 1 l = 2492 Ft,449,299,True,Lidl Plus alkalmazással,Mirelit gyümölcs,11,3,20d8e444d7eb21a2802878509a514330770084aa0d2960d3084ff1e2f6b547d4
Auchan,Aviko AVIKO GYORSFAGYASZTOTT BURGONYAKÖRET,2026.04.16 - 04.22,"többféle, 600 g, 2215 Ft/kg | Bizalomkártyával: 1665 Ft/kg",1329,999,True,Bizalomkártyával,Mirelit gyümölcs,11,3,56846703b7a74d60d21ff514687faf107b5aca34e62519580052cdea6c42c365
SPAR,Nutella poharas jégkrém,2026.04.16 - 04.22,"470 ml (6.380,85 Ft/1 l)",2999,2499,True,Supershop kártyával,Mirelit gyümölcs,11,3,e4f17ba4c57decc6a7d9aa9e4ed13ed4636b6ede5c91ae71ad23c8d7f4c1f8c8
Lidl,CULINEA Mogyorókrémes nudli,2026.04.16 - 04.22,500 g; 1 kg = 1598 Ft,1149,799,True,Lidl Plus alkalmazással,Mirelit gyümölcs,11,3,dbf76d6450228ba85ad6e915c6307151f64be7535a33e257277faa79d36280fa
Lidl,CULINEA Tavaszi tekercs,2026.04.16 - 04.22,Zöldségekkel / csirkével | 400 g; 1 kg = 1948 Ft,1199,779,True,Lidl Plus alkalmazással,Mirelit gyümölcs,11,3,b464b4f52a1ca8d44617bd4aeb90452c4727ce25d41051f6812851a86d76de84
SPAR,SPAR dubai csokis jégkrém,2026.04.16 - 04.22,500 ml (5.998 Ft/1 l),2999,2199,True,Supershop kártyával,Mirelit gyümölcs,11,3,cfab9d8e0f9fbed8450695d2f7074d4f8d364293c41058684163d4e9f9154c57
SPAR,Aviko Zig Zag hasábburgonya,2026.04.16 - 04.22,"gyorsfagyasztott 1,5 kg (1.799,33 Ft/1 kg)",2699,1499,True,Supershop kártyával,Mirelit gyümölcs,11,3,c232900f8fc84e947f874fad7adb94fc21bcdebd83b5dc49dccc01d8851b4f07
Tesco,Dr. Oetker Ristorante pizza,2026.04.02 - 04.22,"többféle, 320/355 g",1599,1099,True,Clubcarddal,Mirelit gyümölcs,11,3,ba22e493cc82f6b73b7a0e0f445299611923be48a97563d609b1b72e86d14696
Tesco,Manhattan jégkrém,2026.04.02 - 04.22,"1,4 l",2399,2059,True,Clubcarddal,Mirelit gyümölcs,11,3,c913532a0b9ec59801388cf379aea7c48a7ad8c44b31c6bcee33af94f86b34ae
Tesco,Magnum jégkrém multipack,2026.04.02 - 04.22,"többféle, 6x100 ml/cs",4229,3399,True,Clubcarddal,Mirelit gyümölcs,11,3,8e0a392ad2d6b7ae57cce72c836df5de14978d9953c51c5b8c8b7ecb3b8f1b50
Auchan,Vici VICI CLASSIC SURIMI HALRÚD,2026.04.16 - 04.22,"250 g, 3196 Ft/kg, Bizalomkártyával: 2396 Ft/kg",799,599,True,Bizalomkártyával,Mirelit gyümölcs,11,3,fc63e33496919daa4c356ea7ba5511d974f29c7da1eaee98322b85a2bf03bc41
Tesco,Master Good Fini Dino gyorsfagyasztott Dinoszaurusz Nuggets,2026.04.16 - 04.22,"800 g, 3499 Ft/1 kg, Clubcarddal: 2836 Ft/1 kg",2799,2269,True,Clubcarddal,Mirelit gyümölcs,11,3,7d1721ef86b56e23ea11072b488cbad7e55b31e9a3f6d29a7636b33ec20b8120
Tesco,Oreo jégkrém,2026.04.16 - 04.22,"110 ml, 7991 Ft/1 l, Clubcarddal: 6536 Ft/1 l",879,719,True,Clubcarddal,Mirelit gyümölcs,11,3,9b406a5f6ffff83356bf81eb3f323e4ba48cc2870e3a4d33901ac819e9686550
Tesco,Milka Mini jégkrém multipack,2026.04.16 - 04.22,"6x50 ml/cs, 11097 Ft/1 l, Clubcarddal: 9617 Ft/1 l",3329,2885,True,Clubcarddal,Mirelit gyümölcs,11,3,06b9b2ecb65d80e44ec251266dae2eba52adeb0985a8a815f4ed01df8f4403b4
Tesco,"Frigotti előkelesztett, gyorsfagyasztott mini kakaós csiga",2026.04.16 - 04.22,1 kg,2729,1899,True,Clubcarddal,Mirelit gyümölcs,11,3,4df1896af432861fbfb12cde09e51e69c26613d91c856e466039d89b06f9fce6
Tesco,Carte dOr vegán jégkrém,2026.04.16 - 04.22,"többféle, 825 ml, 3332 Ft/1 l, Clubcarddal: 2423 Ft/1 l",2749,1999,True,Clubcarddal,Mirelit gyümölcs,11,3,a5e319e5d3e5baeba411bcfa9c3a845134794b0232be238835d4f555c4911a14
Tesco,Vici Surimi Kama halrúd,2026.04.16 - 04.22,"180 g 5494 Ft/1 kg Clubcarddal: 4161 Ft/1 kg A termék a következő áruházainkban nem kapható: Cegléd, Kecskemét-Izsáki út.",989,749,True,Clubcarddal,Mirelit gyümölcs,11,3,468ad52688e484db47b6238be5e769f5b3f60ac2590e0e5d527a90a1760ac9c0
ALDI,ALL SEASONS BROKKOLI-MIX,2026.04.16 - 04.22,450 g/csomag | 900 Ft/kg,485,405,False,,Mirelit gyümölcs,11,3,ba37270295156fe52423d58eea4acbd63df3d97ee1b8366ff5064029b67855f5
SPAR,Doro pizza,2026.04.16 - 04.22,gyorsfagyasztott 300 g (1.530 Ft/1 kg),549,459,False,,Mirelit gyümölcs,11,3,cc35036c635d1a82f031b12ca1deaf962027768c73c8ac23d61b785e6e4a8449
SPAR,Carte dOr jégkrém,2026.04.16 - 04.22,200 ml (3.245 Ft/1 l),849,649,False,,Mirelit gyümölcs,11,3,0f7668b2f6516a5a53dc1b241e1eb9318f4a48eaeae87f3ad85a805ad6a1ecb9
Auchan,CARTE DOR MINI JÉGKRÉM,2026.04.16 - 04.22,"többféle, 200 ml, 4245 Ft/l, 3495 Ft/l",849,699,False,,Mirelit gyümölcs,11,3,43294eafb927c2f5f2e1ef3265bde93851fa402fb47bb9720b8c53e25949e227
Lidl,BIOMAR FISH Panírozott tintahalkarikák,2026.04.20 - 04.22,220 g; 1 kg = 3405 Ft | 6414059,999,749,False,,Mirelit gyümölcs,11,3,e9d021473955e8af057076bdb64c0325ad4bdcea12a7ced12e386be9086a6025
SPAR,Sprint fekete szeder,2026.04.16 - 04.22,"gyorsfagyasztott 300 g (2.663,33 Ft/1 kg)",999,799,False,,Mirelit gyümölcs,11,3,1e500e60d4188667b89dc0d507d5177e998b4d59b5dc1136d67cc874264b4495
SPAR,S-BUDGET brokkolirózsa,2026.04.16 - 04.22,"gyorsfagyasztott 750 g (1.198,67 Ft/1 kg)",1099,899,False,,Mirelit gyümölcs,11,3,fd338442d04b4348aa05b84e185f0ec9cbfe30683a50086003ef025239d3d65e
SPAR,SPAR Exotic Duo pálcikás jégkrém válogatás,2026.04.16 - 04.22,"8×70 ml (1.783,93 Ft/1 l)",1599,999,False,,Mirelit gyümölcs,11,3,52da7c63cc6d23891d9c6efe4c1f05c2c9613b6127813af89032b19e44b5d106
SPAR,Come a Casa lasagne,2026.04.16 - 04.22,"Bolognese, spenótos-ricottás; csomagolt 400 g (2.747,50 Ft/1 kg)",1299,1099,False,,Mirelit gyümölcs,11,3,c2876a5b3b11f296d5701b1ac52de0737732148aaec8fd946bb4a07b6c1da2bb
SPAR,SPAR veggie jégkrémválogatás,2026.04.16 - 04.22,"3×90 ml (4.440,74 Ft/1 l)",1399,1199,False,,Mirelit gyümölcs,11,3,cbd736b4ac8fe5157e3f2586e9ab6ecd980f755544c3d21e7a659140c2703fe8
SPAR,S-BUDGET Conte jégkrémválogatás,2026.04.16 - 04.22,"6×120 ml (1.665,28 Ft/1 l)",1399,1199,False,,Mirelit gyümölcs,11,3,4c913d49d42056830d85d8e8d20f7138be72645c804b4f23474c344af28968d1
Auchan,"Auchan AUCHAN KEDVENC GYORSFAGYASZTOTT, CSÍPŐS CSIRKESZÁRNYAK",2026.04.16 - 04.22,"750 g, 2292 Ft/kg, 1932 Ft/kg",1719,1449,False,,Mirelit gyümölcs,11,3,a47f7b84bba5670b4eaadaf40c181620936595d105e402cef6a95727fc8774a3
SPAR,Algida Smile jégkrém,2026.04.16 - 04.22,900 ml (1.610 Ft/1 l),1699,1449,False,,Mirelit gyümölcs,11,3,0b0dcca36bbd747f06025343121dca160762c6db303364882360f87f791d0fbf
Auchan,Classic CLASSIC GYORSFAGYASZTOTT HEKKFILÉ,2026.04.16 - 04.22,"540 g, 4369 Ft/kg, 2961 Ft/kg",2359,1599,False,,Mirelit gyümölcs,11,3,18028f7570700a1e53389fe669bf501d64bded1834374aa6aef285cee99f10cc
Tesco,"Valdor Zizu gyorsfagyasztott, panírozott csirkemellfilé",2026.04.02 - 04.22,500 g,3099,1699,False,,Mirelit gyümölcs,11,3,4863c318d836fba65d1f0de49f1d24d79135390dc83b77dc502aef367c185958
Auchan,COME A CASA LASAGNE BOLOGNESE,2026.04.16 - 04.22,"900 g, 2443 Ft/kg, 1999 Ft/kg",2199,1799,False,,Mirelit gyümölcs,11,3,d4c1c3e7ee98c900259d16afae3edf56e351ebba8f0e1ea574400bd23fc93d07
Auchan,CARTE DOR SOFT & CRUNCHY CSALÁDI JÉGKRÉM,2026.04.16 - 04.22,"kakaó vagy eper, 750 ml, 3465 Ft/l, 2399 Ft/l",2599,1799,False,,Mirelit gyümölcs,11,3,4d8d3c4d1db01b1e783b2062b9548fcb85cea4d1f97a1c49b9b2600e105a52e3
Auchan,Carte DOr CARTE DOR CSALÁDI JÉGKRÉM,2026.04.16 - 04.22,"többféle, 825 ml, 3150 Ft/l, 2181 Ft/l",2599,1799,False,,Mirelit gyümölcs,11,3,e70905fdaf05eae41121ef0d28ab7f0efe2db0733b7bb802a6a8559f2cbbd931
Auchan,Steak House STEAK HOUSE GYORSFAGYASZTOTT HAMBURGER HÚSPOGÁCSA,2026.04.16 - 04.22,1000 g,2499,1999,False,,Mirelit gyümölcs,11,3,56934d96c53089a81c50d536dd0f01d80d0e13fd048bd84fdce3a28dcf88d4b4
Auchan,CORNETTO MAX PISZTÁCIA TÖLCSÉRES JÉGKRÉM MULTIPACK,2026.04.16 - 04.22,"4x90 ml, 6942 Ft/l, 5553 Ft/l | CLASSIC VAGY EPER TÖLCSÉRES JÉGKRÉM MULTIPACK | 6x90 ml, 4628 Ft/l, 3702 Ft/l | VEGAN TÖLCSÉRES JÉGKRÉM MULTIPACK | 4x90 ml, 6942 Ft/l, 5553 Ft/l | SOFT MANGÓ TÖLCSÉRES JÉGKRÉM MULTIPACK | 4x140 ml, 4463 Ft/l, 3570 Ft/l",2499,1999,False,,Mirelit gyümölcs,11,3,f4da285ed03d48122d0d5aa0bd12be4fac3bb613e2c64bef5a1407f6c06bf910
Auchan,MAGNUM PÁLCIKÁS JÉGKRÉM MULTIPACK,2026.04.16 - 04.22,"Ft/doboz, többféle, 3x85/3x90/3x100 ml, 9408/8885/7997 Ft/l, 7839/7404/6663 Ft/l",2399,1999,False,,Mirelit gyümölcs,11,3,4c514dd7e09f9da914fe628301d266b07645123646e07b8b64c40f5c289e2033
SPAR,Fine Ice jégkrém,2026.04.16 - 04.22,500 ml (4.398 Ft/1 l),2499,2199,False,,Mirelit gyümölcs,11,3,0150793829156a99414f124884d28304a3bad5ca5de2cba05db51ffb8fde9f24
Auchan,Valdor VALDOR ZIZU GYORSFAGYASZTOTT CSIRKEMELLFILÉ,2026.04.16 - 04.22,"500 g, 6198 Ft/kg, 4398 Ft/kg",3099,2199,False,,Mirelit gyümölcs,11,3,c2bb720bb6d3d306ea146c9f14b05d3a49efdb94621af2ef83552fada2c136d1
SPAR,Kinder Bueno multipack jégkrém,2026.04.16 - 04.22,"4×90 ml (6.941,67 Ft/1 l)",2999,2499,False,,Mirelit gyümölcs,11,3,cdf50b6e5730c9c65dc67c5402dd5a218e11038d54f4885dc063daf7bbda6a59
Auchan,MAGNUM BON BON POHARAS JÉGKRÉM,2026.04.16 - 04.22,"többféle, 204 ml, 14701 Ft/l, 12250 Ft/l",2999,2499,False,,Mirelit gyümölcs,11,3,71cc9efd0a0fb14b122f007cb3f8e6171e4f1a6827491eea23a65f522a4332cd
SPAR,Valdor cheddar sajttal töltött csirkemell,2026.04.16 - 04.22,"elősütött; panírozott; gyorsfagyasztott 640 g (4.139,06 Ft/1 kg)",3499,2649,False,,Mirelit gyümölcs,11,3,462d48b389e1d34e882b19ad7ada61dabe6835d716e12ba9c63de2443ae0d7bb
Auchan,BEN&JERRYS POHARAS JÉGKRÉM,2026.04.16 - 04.22,"többféle, 465 ml, 8600 Ft/l, 7095 Ft/l",3999,3299,False,,Mirelit gyümölcs,11,3,a2b8cc014144e4014ec9a65039492fae5e0a4cec62f9e8276e9c734bc9596538
Auchan,Székely EREDETI SZÉKELY MICCS,2026.04.16 - 04.22,"16 db/csomag, 950 g, 5 788 Ft/kg, 4631 Ft/kg",5499,4399,False,,Mirelit gyümölcs,11,3,39382dd3b21ad088a8187e41e09f3061c8bfd33e1b849ca604d4e20816b08678
Auchan,Royal ROYAL FEKETE TIGRISRÁK,2026.04.16 - 04.22,"400 g, 16248 Ft/kg, 11248 Ft/kg",6499,4499,False,,Mirelit gyümölcs,11,3,2fdfe9ec20460675bdf93c0c0fb92d5c75c9e96e5ce4f7871990ff56b1f518ac
Auchan,ANGUS MARHA HAMBURGER HÚSPOGÁCSA,2026.04.16 - 04.22,"csomagolt, 250 g, 7596 Ft/kg, 5996 Ft/kg, származási hely: Magyarország",1999,1499,False,,Marhahús,16,2,c3b817a8b14195f3b0503503e6f0cfd135de8c7d6648793daba6cd29fa897773
SPAR,SPAR toGo GRILLCSIRKE EGÉSZCOMB + KÖRET serpenyős zöldségkeverék,2026.04.16 - 04.22,1 darab grillcsirke egészcomb + 1 adag köret (serpenyős zöldségkeverék). Menüben csak.,1728,1199,False,,Csirkehús,17,2,e0fde2ee9f50e290f20538c0a693ac50229624057d0846617156591dd57e216c
Tesco,Friss magyar csirkemellfilé,2026.04.16 - 04.22,"húspultban kapható A termék a következő áruházainkban nem kapható: Budapest: Soroksári út, vidék: Gyula.",1919,1775,False,,Csirkehús,17,2,8f9148eb414ab0dea3ae7ab5cf3af0220fdd2fdbc015c05303bcf86047997ee9
Auchan,CSIRKEMELLFILÉ,2026.04.16 - 04.22,"édes-csípős ízesítésű, csomagolt, 500 g, 4798 Ft/kg, 3798 Ft/kg",2399,1899,False,,Csirkehús,17,2,c6de0fe2eb7d17a8b82b20b6bef5ceffa1a425cb9171333006285837b22550b1
Lidl,PIKOK PURE Pulykamájas,2026.04.20 - 04.22,100 g; 1 kg = 1990 Ft,269,199,False,,Pulykahús,18,2,61f168d4f9b47dbd6435b29e9db4af9b2f92b992d21fe8e7ae33db45169ef5a1
SPAR,Kockázott pulyka felsőcombfilé,2026.04.16 - 04.22,csomagolt 500 g (2.798 Ft/1 kg),1399,1199,False,,Pulykahús,18,2,dfe0d16b9e36ebf6818e78940e39d10940e9bea1e9aa58063ed541104a5a0b6a
SPAR,"Regnum füstölt, főtt tarja",2026.04.16 - 04.22,a kiszolgálópultban (4.190 Ft/1 kg),529,419,False,,Sertéshús,30,2,7e414beed60466e45659307996fedcb91ece6107a470fd6c9f3072e119e2aeaf
Auchan,Auchan AUCHAN KEDVENC SERTÉSLÁB,2026.04.16 - 04.22,"Ft/kg, darabolt, körömpörkölt alap, védőgázas csomagolás, származási hely: Magyarország",989,799,False,,Sertéshús,30,2,44bc66ee6bb04676ef27c2a5fe71b463b043750fd9465310fa0479ee7483fac7
Auchan,SERTÉSLAPOCKA,2026.04.16 - 04.22,"Ft/kg, csont nélkül, vákuumcsomagolt, származási hely: Magyarország",1729,1249,False,,Sertéshús,30,2,af3f1187cde8e2d75325cd505aa7174b9b544dc18f22781fadf7393d5fcb95e4
Tesco,Tesco friss sertés-marha darálthús,2026.04.16 - 04.22,"zsírtartalom < 20%, 500 g, 3198 Ft/1 kg, 2598 Ft/1 kg",1599,1299,False,,Sertéshús,30,2,3531014bdd15da9f1253ceabbee37c61857044ab0b4c8fe5a85178c33af8a0ac
Tesco,Friss sertés bőrös császár,2026.04.16 - 04.22,"húspultban kapható. A termék a következő áruházainkban nem kapható: Budapest: Soroksári út, vidék: Gyula.",1999,1549,False,,Sertéshús,30,2,a6339c667fa5158369407c2ad4eec45ed12b9b92e5077da08b996b43b136e89f
Auchan,HAJNAL HÚS FRÉDI GRILL SERTÉSTARJA-SZELET BARNA SÖRÖS PÁCBAN,2026.04.16 - 04.22,"csomagolt, 600 g, 4165 Ft/kg, 3698 Ft/kg, származási hely: Magyarország",2499,2219,False,,Sertéshús,30,2,4df8c88b6194b143882e304fb8cad6638708281a9211bcb0284cb12cf5c3abc3
Auchan,VADDISZNÓ GULYÁSHÚS,2026.04.16 - 04.22,"Ft/kg, csont nélkül, kockázott, csomagolt, származási hely: Magyarország",5299,4759,False,,Sertéshús,30,2,54651c67ddc5c304c6a3bc7290e71349b1453ba8e91913855c6508d0064d1d67
SPAR,Busaszelet,2026.04.16 - 04.22,csomagolt (2.490 Ft/1 kg),279,249,False,,Halak és tenger gyümölcsei,60,2,091d208bd5c36c0a7532787ff6135098da9853084e11b1bb147658150e93fab4
SPAR,Vici Snow Crab surimi,2026.04.16 - 04.22,"150 g (5.326,67 Ft/1 kg)",999,799,False,,Halak és tenger gyümölcsei,60,2,9c10883bd65844e7d8413ecb40faebbbad23337f6a44e090fa84bf6d4fbfc59d
SPAR,Classic hekkfilé,2026.04.16 - 04.22,"gyorsfagyasztott 540 g (3.701,85 Ft/1 kg)",2899,1999,False,,Halak és tenger gyümölcsei,60,2,3032510cfbd37ad2848c1c2f6cc0ece5e3db0d06443da7e8a393a0e222041165
Auchan,FRISS LAZACFILÉ,2026.04.16 - 04.22,"Ft/kg, halpultban vagy csomagoltan kapható, Salmo Salar, származási hely: Norvégia",8249,6199,False,,Halak és tenger gyümölcsei,60,2,3607953f3f543eef191aa0c283a78b9691181b10246ddd3d0726f5878f464842
Auchan,Vici VICI CLASSIC SURIMI HALRÚD,2026.04.16 - 04.22,"250 g, 3196 Ft/kg, Bizalomkártyával: 2396 Ft/kg",799,599,True,Bizalomkártyával,Halak és tenger gyümölcsei,168,2,a1a0971df89efb505b840a7bd1b37d67b13f1183c678ddf33bc63b1654e52117
Tesco,Vici Surimi Kama halrúd,2026.04.16 - 04.22,"180 g 5494 Ft/1 kg Clubcarddal: 4161 Ft/1 kg A termék a következő áruházainkban nem kapható: Cegléd, Kecskemét-Izsáki út.",989,749,True,Clubcarddal,Halak és tenger gyümölcsei,168,2,ec2c8ec5d4e5046d5e8dec115494d2a4d52741d9e1915e8ac48449d422a3e2b8
Lidl,BIOMAR FISH Panírozott tintahalkarikák,2026.04.20 - 04.22,220 g; 1 kg = 3405 Ft | 6414059,999,749,False,,Halak és tenger gyümölcsei,168,2,df31fabe68be09f205e4d45ec0a8fd1d79b6cea9552475785f1afbafc232b0a7
Auchan,Classic CLASSIC GYORSFAGYASZTOTT HEKKFILÉ,2026.04.16 - 04.22,"540 g, 4369 Ft/kg, 2961 Ft/kg",2359,1599,False,,Halak és tenger gyümölcsei,168,2,05030e60b4b2c911e76fa18c36a04a685925d56adc59bb636f700ccb5b05e4c2
Auchan,Royal ROYAL FEKETE TIGRISRÁK,2026.04.16 - 04.22,"400 g, 16248 Ft/kg, 11248 Ft/kg",6499,4499,False,,Halak és tenger gyümölcsei,168,2,db87af6f1b9e6b672c961df5f46d52c4b92b42e06c614a238962e1a947fa9501
Tesco,Master Good Fini Dino gyorsfagyasztott Dinoszaurusz Nuggets,2026.04.16 - 04.22,"800 g, 3499 Ft/1 kg, Clubcarddal: 2836 Ft/1 kg",2799,2269,True,Clubcarddal,Egyéb hús,13,2,3a7149f75d44fb0e8b80c0b7b37937e00d338e755e3f333becd4c9e521933c8b
Auchan,"Auchan AUCHAN KEDVENC GYORSFAGYASZTOTT, CSÍPŐS CSIRKESZÁRNYAK",2026.04.16 - 04.22,"750 g, 2292 Ft/kg, 1932 Ft/kg",1719,1449,False,,Egyéb hús,13,2,42c6ef4a8bc29f98df5f80fb3fe13bd4867a669e239fe5ef818303cb5f5b76ac
Tesco,"Valdor Zizu gyorsfagyasztott, panírozott csirkemellfilé",2026.04.02 - 04.22,500 g,3099,1699,False,,Egyéb hús,13,2,ab6765727866ecb9cf78319444b491dd8adab85b743c84f5da8fdbea40e70bdc
Auchan,Steak House STEAK HOUSE GYORSFAGYASZTOTT HAMBURGER HÚSPOGÁCSA,2026.04.16 - 04.22,1000 g,2499,1999,False,,Egyéb hús,13,2,1d08f00efaecd5f0cb58e4efa7906248be7828ef90db65d6a167d815ba232e5f
Auchan,Valdor VALDOR ZIZU GYORSFAGYASZTOTT CSIRKEMELLFILÉ,2026.04.16 - 04.22,"500 g, 6198 Ft/kg, 4398 Ft/kg",3099,2199,False,,Egyéb hús,13,2,8199ba75545a888771bc4274f7ec256ba4b5e8a793e8e1cbd632c1399f49fd7a
SPAR,Valdor cheddar sajttal töltött csirkemell,2026.04.16 - 04.22,"elősütött; panírozott; gyorsfagyasztott 640 g (4.139,06 Ft/1 kg)",3499,2649,False,,Egyéb hús,13,2,e4a035e4d6b42f50fab9bf53c449a45ee5568e735be1ed3adc7cd53c8b1978aa
Auchan,Székely EREDETI SZÉKELY MICCS,2026.04.16 - 04.22,"16 db/csomag, 950 g, 5 788 Ft/kg, 4631 Ft/kg",5499,4399,False,,Egyéb hús,13,2,b80411eedee61f4f9dcdbdc4932b76a0d9440e47caaaff5aa3db94ca28ec080b
Auchan,Kaiser KAISER GRILLKOLBÁSZ,2026.04.16 - 04.22,"Ft/csomag, többféle, 210 g, 4757 Ft/kg Bizalomkártyával: 4281 Ft/kg",999,899,True,Bizalomkártyával,Egyéb hús,145,2,529f7b0e74a4363d67d20cc0613476c139f4fa7cdce454406f504bd09bf9cb7c
Auchan,Wiesbauer WIESBAUER GRILLER,2026.04.16 - 04.22,"többféle, 200 g, 6395 Ft/kg Bizalomkártyával: 4995 Ft/kg",1279,999,True,Bizalomkártyával,Egyéb hús,145,2,6a758aee6c1080d23034d2078bdd33ab03a9ac3cf5f6fccddc52f957feac6ad9
SPAR,Regnum BBQ grillkolbász,2026.04.16 - 04.22,"csomagolt 400 g (4.247,50 Ft/1 kg)",1699,1399,True,Supershop kártyával,Egyéb hús,145,2,3919f0f52d4193195ec25a539cc94c0ff7ffb9145605ed8e9a5cb2154a0f9378
Auchan,THYMOS FOLYÉKONY FŰSZERPÁC,2026.04.16 - 04.22,"többféle, 90 g, 7989 Ft/kg, 6100 Ft/kg",719,549,False,,Egyéb hús,145,2,cba68defea3b035553f5d81115a0e3ad7518f465a6307d4ce49efc56136ca0bf
Lidl,PIKOK PURE Bajor grillkolbász,2026.04.16 - 04.22,200 g; 1 kg = 4245 Ft,999,849,False,,Egyéb hús,145,2,87f78f48f13f45bb68e5af8111b450c50943fce1694ddb1b582e38e7cc64b669
Auchan,Régimódi RÉGIMÓDI SAJTOS GRILLKOLBÁSZ,2026.04.16 - 04.22,"250 g, 4396 Ft/kg, 3956 Ft/kg",1099,989,False,,Egyéb hús,145,2,10380aff3639eee0da2adf60cbe9851eab2624a019b67abbbefa1399e1ed9358
Auchan,Régimódi RÉGIMÓDI PIKÁNS SÜTŐKOLBÁSZ,2026.04.16 - 04.22,"340 g, 4115 Ft/kg, 2938 Ft/kg",1399,999,False,,Egyéb hús,145,2,0082dfdd892b4c3cd89c4329730b1794237ccaf51d876a6aef88915b00694243
Auchan,NÁDUDVARI CHEF EXCLUSIVE GRILLKOLBÁSZ,2026.04.16 - 04.22,"többféle, 300 g, 4663 Ft/kg, 3997 Ft/kg",1399,1199,False,,Egyéb hús,145,2,b8e3a86baf6571d84e4b040299898d12b0d973131a9e2c5a25926d2d9f44d882
Auchan,WIESBAUER GRILLKOLBÁSZ MIX,2026.04.16 - 04.22,"360 g, 4719 Ft/kg, 4164 Ft/kg",1699,1499,False,,Egyéb hús,145,2,9382c70902c3579f2a3427630621ab68382c1061778baa1d10fcaf240a96d333
Tesco,Goldenfood bőrös kacsamellfilé vagy pecsenye kacsacomb,2026.04.16 - 04.22,"csomagolt, különböző kiszerelésben kapható, 3999 Ft/1 kg, 3199 Ft/1 kg",400,320,False,,Egyéb hús,243,2,486e36c957954500fbbef6c942c31e0b16cbbfff1989af050d215c7f7f4b77f3
Auchan,Valdor VALDOR PECSENYEKACSA CSOMAG,2026.04.16 - 04.22,"comb és mell, csomagolt, 450 g, 5553 Ft/kg, 3553 Ft/kg, származási hely: Magyarország",2499,1599,False,,Egyéb hús,243,2,7c505548b0017e0af2d9cb538cc8d4478b7993209b3fd07ee0227a6309d53c30
Auchan,PECSENYENYÚLMÁJ,2026.04.16 - 04.22,"védőgázas csomagolás, 500 g, 4598 Ft/kg, 3998 Ft/kg, származási hely: Magyarország",2299,1999,False,,Egyéb hús,270,2,0ce68db90b232d83fc02cc00389db88cd42e1fd9a7c458b36b819b48772899dd
Auchan,GÍMSZARVAS PÖRKÖLTHÚS,2026.04.16 - 04.22,"Ft/kg, csont nélkül, kockázott, csomagolt, származási hely: Magyarország",6199,4999,False,,Egyéb hús,270,2,8b6b2630e9aa8385b9da59b64079f8f89d20c557e7d517999331593afc9dac31
SPAR,Zott Jogobella joghurtos ital,2026.04.16 - 04.22,250 g (1.396 Ft/1 kg),349,215,True,Supershop kártyával,Joghurt és kefír,38,2,c9d815c4ce739b3047a3b98dece4224c354e4fad302bf2ded8be3228335aa9ba
Tesco,Nádudvari kefir,2026.04.16 - 04.22,330 g | 1664 Ft/1 kg | Clubcarddal: | 906 Ft/1 kg,549,299,True,Clubcarddal,Joghurt és kefír,38,2,e2d1d6ebd6d7b84d7c07d1a4395770ac8f37c6b60dfa508fd5290f4842cb501e
Tesco,Danone Actimel joghurtital multipack,2026.04.16 - 04.22,"többféle, 4x100 g/cs 2123 Ft/1 kg Clubcarddal: 1498 Ft/1 kg",849,599,True,Clubcarddal,Joghurt és kefír,38,2,838c2b5a2d8a63434ca8dc21ed445ab3de6de51a97f934ba1f185686f06cbc92
Tesco,Zott Jogobella joghurt,2026.04.16 - 04.22,"többféle, 150 g, | 1053 Ft/1 kg | 927 Ft/1 kg",158,139,False,,Joghurt és kefír,38,2,3ad4fe06bca86064af062cc9e5018ef507176e7554e2eb0233986cab64ed1327
SPAR,SPAR skyr,2026.04.16 - 04.22,500 g (1.758 Ft/1 kg),879,599,False,,Joghurt és kefír,38,2,b7b61c7e79fb4eb8c02ca4a739435b265eb1c093836a9346d5589ce2ce361253
SPAR,Zott Jogobella gyümölcsjoghurt,2026.04.16 - 04.22,"900 g (767,78 Ft/1 kg)",740,691,False,,Joghurt és kefír,38,2,ce308151111f296d894234c85e43ddc660628ef2515aa483a2dfe6fe82e449a2
Auchan,Danone DANONE OIKOS KRÉMJOGHURT,2026.04.16 - 04.22,"többféle, 4x125 g, 1698 Ft/kg, 1398 Ft/kg",849,699,False,,Joghurt és kefír,38,2,b9fac0b0b99c1451cbd25a206f4cb7cc0b551112167c9de105ee624bb3bfc4b9
Auchan,Therezia THEREZIA TELEMEA JUHSAJT,2026.04.16 - 04.22,"180 g, 9717 Ft/kg | Bizalomkártyával: 6661 Ft/kg",1749,1199,True,Bizalomkártyával,Sajt,39,2,a5b42a0f21b1e2927d8f2f8aa836dbaf06615bdc3e8ce1755e735840fad1e08f
Auchan,"Tebike TEBIKE FRISS, NATÚR KECSKESAJT",2026.04.16 - 04.22,"150 g, 12660 Ft/kg | Bizalomkártyával: 9660 Ft/kg",1899,1449,True,Bizalomkártyával,Sajt,39,2,749aeb2340c54e554df74773ad9f41c52f92329ac7d192605428b1c356d049ec
Tesco,"Leerdammer Original félkemény, zsíros szeletelt sajt",2026.04.16 - 04.22,100 g | 8990 Ft/1 kg | Clubcarddal: 5790 Ft/1 kg,899,579,True,Clubcarddal,Sajt,39,2,891626d8a9a4f3fa80354ddf03daa4e203f4d00c4fc9e57f1d9a08a4061df9c0
Tesco,Hajdú Grillsajt,2026.04.16 - 04.22,"többféle, 240 g | 4996 Ft/1 kg | Clubcarddal: | 3746 Ft/1 kg",1199,899,True,Clubcarddal,Sajt,39,2,024b1de0bcd180323baa68a008b09dac92b6dfbe14eb17ff299418524d719105
Tesco,Président Salakis Feta sajt,2026.04.16 - 04.22,150 g | 9327 Ft/1 kg | Clubcarddal: 7327 Ft/1 kg,1399,1099,True,Clubcarddal,Sajt,39,2,cdbf9c3af50f701401f67659215f030cabf9f88841d3fa17d3e2cc861c6ef4cd
Tesco,Hajdú Körös sajtkorong,2026.04.16 - 04.22,1 kg,2990,1799,True,Clubcarddal,Sajt,39,2,28efaa851208103171f5c06d1c8ece90da94ffef2b7cddfdbc4f805675287891
Tesco,Magyar Gouda vagy Edami sajt,2026.04.16 - 04.22,"sajtpultban, változó kiszerelésben kapható 3690 Ft/1 kg Clubcarddal: 3390 Ft/1 kg",369,339,True,Clubcarddal,Sajt,39,2,3b98252d7f8cd3fa624c32df7d2050bd79cdcd3f3fa53d69e8af9086efce4983
Tesco,Leerdammer Protein szeletelt sajt,2026.04.16 - 04.22,"80 g, 11238 Ft/1 kg, Clubcarddal: 7238 Ft/1 kg, magas fehérjetartalmú. A termék a következő áruházainkban nem kapható: Gyula, Hajdúszoboszló, Ózd, Szentes.",899,579,True,Clubcarddal,Sajt,39,2,2edf6db95b11a4c3eddb00de17b95044c1cf61a790db4913e8ca8a371b5ad230
SPAR,S-BUDGET trappista sajt korong,2026.04.16 - 04.22,az önkiszolgálópultban (1.890 Ft/1 kg),239,189,False,,Sajt,39,2,aacdddd32ecb5a78d373741c78bd27f5763e43848d8d9413cec352d581713ca9
SPAR,Viaszos holland gouda sajt,2026.04.16 - 04.22,6 hónapig érlelt; az önkiszolgálópultban (4.990 Ft/1 kg),729,499,False,,Sajt,39,2,cdc90a844344dde0ed9b9a5c3a42dfcb588b2807551fbd469eb362abe9eab2f3
Auchan,Auchan AUCHAN KEDVENC GRILLSAJT,2026.04.16 - 04.22,"natúr vagy füstölt, 2x75 g, 6327 Ft/kg, 3993 Ft/kg",949,599,False,,Sajt,39,2,0e4bf0f0b4c19fb453b25898e4e181680c814079b9b4c24de55152fbcbd6d271
Auchan,My! Cheese MY! CHEESE GRILLSAJT,2026.04.16 - 04.22,"fokhagymás vagy füstölt, 2x100 g, 4745 Ft/kg, 3495 Ft/kg",949,699,False,,Sajt,39,2,4aa1813bf48cb7d90cfbb74b1a9d63619a775d37faa442547892cc6c3defe2a1
SPAR,SPAR free from gouda sajt,2026.04.16 - 04.22,"szeletelt, csomagolt 200 g (3.745 Ft/1 kg)",999,749,False,,Sajt,39,2,7c943fc387bd6e6890308aedada3f9f17eeeb1a8020e57635201fcfc87733295
Auchan,Szarvasi SZARVASI GRILL MOZZARELLA SAJT,2026.04.16 - 04.22,"füstölt vagy natúr, 2x75 g, 7727 Ft/kg, 5327 Ft/kg",1159,799,False,,Sajt,39,2,677f1802d1d5f42c760f0e83de9b2b13d6eb21742bdef3a6215236030dd22faa
SPAR,SPAR BBQ grillsajt,2026.04.16 - 04.22,"natúr 240 g (3.329,17 Ft/1 kg)",1029,799,False,,Sajt,39,2,dd8d4a89c746a31396a249712797caaaea1b02267cadba6bd4e1574e55266eac
Lidl,PILOS Gouda sajt,2026.04.20 - 04.22,Zsírtartalom: 45% | 400 g; 1 kg = 2123 Ft,1225,849,False,,Sajt,39,2,23084994b38269cea187081aa0a1efb03ca0cb5628360ad26cfa45507c4059ab
Auchan,Hajdú HAJDÚ GRILLSAJT,2026.04.16 - 04.22,"többféle, 200/240 g, 5995/4996 Ft/kg, 4495/3746 Ft/kg",1199,899,False,,Sajt,39,2,4f4df685654bb663436caf7245008512dcc935fb31065c968c3204acd0e71b6d
Auchan,Alföldi Garabonciás ALFÖLDI GARABONCIÁS GRILL GOMOLYASAJT,2026.04.16 - 04.22,"füstölt, csilis vagy natúr, 170 g, 6171 Ft/kg, 5288 Ft/kg",1049,899,False,,Sajt,39,2,23f3c998cd4ab4e50aabe98f25a0186b1ff87572c335a16545d50522286955c8
Lidl,MILBONA Szeletelt cheddar sajt,2026.04.20 - 04.22,Zsírtartalom: 48% | 250 g; 1 kg = 3996 Ft,1349,999,False,,Sajt,39,2,f108a8306d1f11f5ad7337c902b1b9190c2b2223b2751eed646323a5833d3f03
Auchan,Hotos HOTOS FETASAJT,2026.04.16 - 04.22,"600 g, 5832 Ft/kg, 4665 Ft/kg",3499,2799,False,,Sajt,39,2,65238d8894a93beae7994cb37cd0ece609167ba11f864070d75b2cc732b4f532
Auchan,Karaván KARAVÁN SAJT,2026.04.16 - 04.22,"Ft/kg, többféle, önkiszolgáló részlegen kapható",5279,3649,False,,Sajt,39,2,77339f9ac172083652e4d06dae51ebf1ea4147fa9c829a2c7c0d77eeef8e8856
Tesco,Vénusz+ Valódi Vajas 60% zsírtartalmú margarin,2026.04.16 - 04.22,"450 g, 1273 Ft/1 kg | 1207 Ft/1 kg",573,543,False,,Vaj/vajkrém/margarin,40,2,70475cc42fe034ea0f8be05942d9399dee8897ea7aec0da922ca59602400978e
SPAR,Bords Eve margarin,2026.04.16 - 04.22,500 g (1.178 Ft/1 kg),656,589,False,,Vaj/vajkrém/margarin,40,2,165afa9cbbe546a8282020b606f8f83cb126349c617d4323538ac7b7f87b14bc
Tesco,Eleplant 75% zsírtartalmú margarin,2026.04.16 - 04.22,"200 g, 3495 Ft/1 kg, 2995 Ft/1 kg, vegán",699,599,False,,Vaj/vajkrém/margarin,40,2,3d3163f4e841be4435418a1f19251daf32b7e79dbbfea4fe5c2597737e4b8ab5
Tesco,"Mizo ESL tej 3,5%",2026.04.16 - 04.22,1 l,749,599,True,Clubcarddal,Tej és tejalapú ital,62,2,0e89b373b69d6f0b833fa6992c45dad20d18436c4b659c079398bca22c72f73f
Tesco,Milka UHT tejital Milka csokoládéval és zsírszegény kakaóporral,2026.04.16 - 04.22,250 ml 2796 Ft/1 l Clubcarddal: 2476 Ft/1 l,699,619,True,Clubcarddal,Tej és tejalapú ital,62,2,e6de4c2727af9c461b7dcf49b0c7c19c90682f632e9459d91c35701effa4df8e
SPAR,Riska UHT tej,2026.04.16 - 04.22,"1,5%-os zsírtartalom 1 l",318,175,False,,Tej és tejalapú ital,62,2,5b12c66a532c6fba5df5ed7f0c68ee6823f0935d71adfd85c6cb89994d100983
ALDI,KOKÁRDÁS UHT TEJ,2026.04.20 - 04.22,"1 l/doboz 179 Ft/l 1,5%",279,179,False,,Tej és tejalapú ital,62,2,485401bdd90436090ca39e1c7bb9a1c4cd9e10e424127038ee19148465e37b0b
SPAR,Mizo tejital,2026.04.16 - 04.22,"450 ml (886,67 Ft/1 l)",489,399,False,,Tej és tejalapú ital,62,2,1d4a05e62a421470432346e82b343162df0a30826a0ebd75101c734d729f2d2b
Tesco,Danette puding multipack,2026.04.16 - 04.22,"többféle, 4x125 g/cs, 1838 Ft/1 kg Clubcarddal: 1538 Ft/1 kg",919,769,True,Clubcarddal,Tejdesszert,131,2,e805d65dde1e7a9214bf30dbf3043a49ab1e8042836c630d7da52e9fca7275d7
Tesco,Pöttyös Protein Túró Rudi multipack,2026.04.16 - 04.22,"többféle, 5x51 g/cs, 7251 Ft/1 kg, Clubcarddal: 6271 Ft/1 kg, magas fehérjetartalmú, hozzáadott cukrot nem tartalmaz",1849,1599,True,Clubcarddal,Tejdesszert,131,2,ed17b37165146b0844d9647b08fa79ec7545559d5d602dfd690cc50f2b5254c0
ALDI,CRANE HIGH PROTEIN PUDING,2026.04.20 - 04.22,fehérjében gazdag • csokoládés vagy • vaníliás vagy • karamellás 200 g/tégely 1 395 Ft/kg,439,279,False,,Tejdesszert,131,2,7a89359ee97349affd697e32029b3282db35c62c3f62cb3e903dda51d867abf7
ALDI,PÖTTYÖS TÚRÓ RUDI,2026.04.20 - 04.22,"többféle 6 x 51 g vagy 6 x 35 g/csomag 4 571,90 / 6 661,90 Ft/kg",1699,1399,False,,Tejdesszert,131,2,c4ed1e32a909dc7235c4ec076b45af4d1b4615beba142f54998da957bd47c312
Auchan,Mazsi MAZSI FEKETEERDŐ DESSZERT,2026.04.16 - 04.22,"820 g, 2427 Ft/kg, 1950 Ft/kg",1990,1599,False,,Tejdesszert,131,2,229c7959ad289b950c4ec27fc5eecb5586aca596a637756e65b3e446d3501c84
Auchan,Pöttyös PÖTTYÖS PROTEIN RUDI,2026.04.16 - 04.22,"többféle, 5x51 g, 7761 Ft/kg, 6271 Ft/kg",1979,1599,False,,Tejdesszert,131,2,ddd80a35b88af0cf2c8f8f18c57f7a43504fd0e35414c9d0a7d654ae6b30c08d
Tesco,Rama Professional Cremefine spray,2026.04.16 - 04.22,250 ml | 5196 Ft/1 l | Clubcarddal: | 3996 Ft/1 l,1299,999,True,Clubcarddal,Tejszín/tejhab/tejföl,167,2,1f929abf3f624396c6df2e144a78c31e544677a1447a183e8c2ab0041b1d8547
Auchan,Rama RAMA HABSPRAY,2026.04.16 - 04.22,"250 ml, 5196 Ft/l, Bizalomkártyával: 3996 Ft/l",1299,999,True,Bizalomkártyával,Tejszín/tejhab/tejföl,167,2,dbd613e0d3951f1ff375bb29dcdb6148d9d71a138eeb7209f69975bbe41447ca
Tesco,Milli Perfecto főzőtejszín multipack,2026.04.16 - 04.22,"20%, 2x200 ml/cs 2873 Ft/1 l Clubcarddal: 2498 Ft/1 l",1149,999,True,Clubcarddal,Tejszín/tejhab/tejföl,167,2,d22bd43eed94405b4280d579206e3bb3f75063cb3b8052fdbfae7ecf999d3178
SPAR,Meggle UHT főzőtejszín,2026.04.16 - 04.22,20%-os zsírtartalom 200 ml (2.245 Ft/1 l),599,449,False,,Tejszín/tejhab/tejföl,167,2,e1907f506842b8c859e2bb4dcb355fc75fce5543d2070db2d57f7376b9c533ed
Auchan,"Meggle MEGGLE LAKTÓZMENTES, HOZZÁADOTT CUKOR NÉLKÜLI TEJSZÍNHABSPRAY",2026.04.16 - 04.22,"250 g, 4356 Ft/kg, 3036 Ft/kg",1089,759,False,,Tejszín/tejhab/tejföl,167,2,9429b32f2a98c779de8f1d0052774ed73b34be35de893edf80a4f73c2dca4e6b
Tesco,Kunsági tejföl,2026.04.16 - 04.22,"20%, 800 g, 1561 Ft/1 kg 961 Ft/1 kg",1249,769,False,,Tejszín/tejhab/tejföl,167,2,7feb708461e0554d0201d877f6700a2257ed27c2b0e197a070e303b513e9e3a6
SPAR,Magyar tejföl,2026.04.16 - 04.22,"20%-os zsírtartalom 800 g (1.123,75 Ft/1 kg)",1069,899,False,,Tejszín/tejhab/tejföl,167,2,ea1bb696cc9639af82e1e91cc4738d57f330a465759205c83bf70fe70a9aaafa
SPAR,Mizo rögös túró,2026.04.16 - 04.22,"félzsíros 450 g (1.664,44 Ft/1 kg)",799,749,False,,Túró,315,2,82388d563abb143d0c621cdf8cce958807c9de31de2cc080fd8970042a2db7ed
Lidl,MILBONA Laktózmentes habtejszín,2026.04.20 - 04.22,Zsírtartalom: 30% | 200 ml; 1 l = 1695 Ft | 52366,409,339,True,Lidl Plus alkalmazással,Mentes,317,2,f67ff808575231e05f8bfc78209a784e2648f0730fca59df786fcc2f2b855674
SPAR,Sprint fekete szeder,2026.04.16 - 04.22,"gyorsfagyasztott 300 g (2.663,33 Ft/1 kg)",999,799,False,,Desszert,281,2,c6ca8ece0b491240f2bf00757c67e9acdb028d44694b90fbdf82738c2038c578
Auchan,AUCHAN KEDVENC ERDEI GYÜMÖLCSTORTA,2026.04.16 - 04.22,"7790 Ft/kg, 5990 Ft/kg",779,599,False,,Desszert,436,2,619c702b312ef7582a98131119941056f5713873649544f163475b55edac7f15
Tesco,"Twix, Snickers vagy Mars szeletes csokoládé multipack",2026.04.16 - 04.22,"többféle, 3x45/50 g/cs | 7919/7127 Ft/1 kg | Clubcarddal: | 6881/6193 Ft/1 kg",1069,929,True,Clubcarddal,Csokoládé,44,2,70eba68886d24373af84bc2977a1d7800695d11688042d2a25204bac076b4fcb
Tesco,Milka kistáblás csokoládé,2026.04.16 - 04.22,"többféle, 97 g | 7206 Ft/1 kg | Clubcarddal: 5660 Ft/1 kg",699,549,True,Clubcarddal,Csokoládé,44,2,7e8a2166d92491e2c84800d71b4d29e8f58674f8f280d3b3ea8b10cd2dde0493
Tesco,Sport XXL tejcsokoládéval mártott rumos ízű kakaós szelet,2026.04.16 - 04.22,51 g | 7235 Ft/1 kg | Clubcarddal: 6059 Ft/1 kg,369,309,True,Clubcarddal,Csokoládé,44,2,d394be11c39c8df40ed727ed44f3a8ed132cf98fcc64a89af700bb54e59ddb42
Tesco,KitKat F1 csokoládé,2026.03.26 - 04.26,66 g | 16652 Ft/1 kg | Clubcarddal: 13621 Ft/1 kg,1099,899,True,Clubcarddal,Csokoládé,44,2,57dbee1b7efe1c0f6ebf0ae96d1d1445289333f3ba5eda2cac9dd3b2ce333587
Tesco,KitKat Ball,2026.03.26 - 04.26,140 g | 10707 Ft/1 kg | Clubcarddal: 9636 Ft/1 kg,1499,1349,True,Clubcarddal,Csokoládé,44,2,7f8b034c851e01ac05b8127d086db8c15bcfc4822694b5509353b1a030701782
Tesco,KitKat Double Chocolate táblás csokoládé,2026.03.26 - 04.26,99 g | 10798 Ft/1 kg | Clubcarddal: 9081 Ft/1 kg,1069,899,True,Clubcarddal,Csokoládé,44,2,983c9a1a7aacf2fe4e59e909df44b25e88ea94542aa48c6ba64f62d727239e86
Tesco,Balaton Plusz szeletes csokoládé,2026.04.16 - 04.22,"többféle, 45 g",249,219,True,Clubcarddal,Csokoládé,44,2,206158c4e8c9e463f60678b3073e8a3006452f216b51e7a8d5ac77d12426f0c7
Tesco,Kinder Bueno vagy Bueno White multipack,2026.04.16 - 04.22,3x39/43 g/cs | 8111/7357 Ft/1 kg | Clubcarddal: | 6829/6194 Ft/1 kg,949,799,True,Clubcarddal,Csokoládé,44,2,6831f96a6a1a10650512cff4e26aac944b9c00c774b700a22a5c92837fe75a9f
Tesco,M&Ms drazsé,2026.04.16 - 04.22,"többféle, 125 g | 8712 Ft/1 kg | Clubcarddal: 6392 Ft/1 kg",1089,799,True,Clubcarddal,Csokoládé,44,2,15ea1101df055388b6234dcb359b027b524b8c3ae6cc23d86d8c1aef41cfe0c2
Tesco,Kinder csokoládé,2026.04.16 - 04.22,300 g | 6630 Ft/1 kg | Clubcarddal: | 4997 Ft/1 kg,1989,1499,True,Clubcarddal,Csokoládé,44,2,1fc511a6a8f3cf7b77cdab564b251559115a6bdd9fe1c2c337b65bd095b1e535
Auchan,BALATON SZELET,2026.04.16 - 04.22,"Ft/db, többféle, 27 g",199,139,True,Bizalomkártyával,Csokoládé,44,2,467cc34e7cfd31eac8905d21ff2deaafa9f5bb342066814e0c08185a96485de6
Auchan,"BOUNTY, SNICKERS, TWIX, MARS BOUNTY, SNICKERS, TWIX VAGY MARS SZELET",2026.04.16 - 04.22,"többféle, 36,5/46/50/51/57 g, 11753/9326/8580/8412/7526 Ft/kg Bizalomkártyával: 9014/7152/6580/6451/5772 Ft/kg",429,329,True,Bizalomkártyával,Csokoládé,44,2,b096e9d11241a9cc2bc6d8c8645153bbade3c94faff1a2b24866900a33e127e1
Auchan,Cornexi CORNEXI HOZZÁADOTT CUKOR NÉLKÜLI ZABRUDI,2026.04.16 - 04.22,"többféle, 30 g",159,129,False,,Csokoládé,44,2,b1cccc2194af90a4e09c13bc73edfed28b1b8ac69bcf072d466bec14a6ef922e
Lidl,Balaton BALATON XXL,2026.04.20 - 04.22,Tejcsokis / étcsokis / citromos | 45 g; 1 kg = 3978 Ft,279,179,False,,Csokoládé,44,2,cf7326f2df0eae2741fb918be4dca34a5117fa64b4bcfb00b3d490d457f448e6
ALDI,RIQUET TÁBLÁS ÉTCSOKOLÁDÉ,2026.04.20 - 04.22,100 g/darab | 3 290 Ft/kg | 817649,479,329,False,,Csokoládé,44,2,d9bd246591b646fa02acabd6bae7898d5a31f35c4e4a8f43a8e9c676f540be0c
SPAR,Kinder Joy,2026.04.16 - 04.22,20 g,499,349,False,,Csokoládé,44,2,6b9bc269a6efc09ca90e1d69cd0ecf1b8e3e1f0ee9b5545c6465baac131ab0b0
Auchan,Szerencsi SZERENCSI ZERO% TÖLTÖTT TEJCSOKOLÁDÉ ÉDESÍTŐSZERREL,2026.04.16 - 04.22,"Ft/db, többféle, 21 g",535,419,False,,Csokoládé,44,2,b2e1fc89c083ffc9b07daeb3fc9b039ceee7eac729fd7638cb8f427ce898598e
ALDI,MOSER ROTH PRÉMIUM CSOKOLÁDÉ,2026.04.16 - 04.22,többféle | 5 x 25 g/darab | 7 992 Ft/kg,1429,999,False,,Csokoládé,44,2,a07a5abd6a9d3d707fec3e5f408693dbc35e2e2539e204229b841e9fbfc2c0dc
Tesco,Dörmi piskóta,2026.04.16 - 04.22,"többféle, 30 g",159,139,True,Clubcarddal,Kekszes édesség,46,2,eac83f53944bf36a14941ae04adc98d665fb178634400e961df2e4bf529c3adb
Tesco,Oreo keksz,2026.04.16 - 04.22,"többféle, 154 g | 4539 Ft/1 kg | Clubcarddal: 3695 Ft/1 kg",699,569,True,Clubcarddal,Kekszes édesség,46,2,addb2e7bb1859690140e3919f5037881e57ff2ac7cd85de437f012fd15707b49
Tesco,Győri Édes omlós keksz,2026.04.16 - 04.22,"többféle, 150 g | 2993 Ft/1 kg | Clubcarddal: 2660 Ft/1 kg",449,399,True,Clubcarddal,Kekszes édesség,46,2,b0dc1d59a008d20e700c6861c3cacb5ada6c4c3bd8a40f9d02c2da94cb4097db
Tesco,Detki Mini Perec étbevonóval,2026.04.16 - 04.22,"többféle, 160 g | 4119 Ft/1 kg | Clubcarddal: | 2619 Ft/1 kg",659,419,True,Clubcarddal,Kekszes édesség,46,2,4c967448813ab5a370d7b0ecb89710b9a32752b2c258d5cdd122ad64f806a9c5
Tesco,Győri Pilóta piskótatallér,2026.04.16 - 04.22,"többféle, 147 g | 4551 Ft/1 kg | Clubcarddal: 3939 Ft/1 kg",669,579,True,Clubcarddal,Kekszes édesség,46,2,203d0348e3bf746227566c45898f9c770f93da6c785f7622685d55dab3858273
Tesco,Győri Pilóta vaníliás ízű karika,2026.04.16 - 04.22,"többféle, 150 g | 5927 Ft/1 kg | Clubcarddal: 4660 Ft/1 kg",889,699,True,Clubcarddal,Kekszes édesség,46,2,a9a83156a8f5a04790e75de4361ffa666477712b1b4943e53d066647f1a16afb
Tesco,belVita Soft Bakes gabonakeksz multipack,2026.04.16 - 04.22,"többféle, 250 g | 4796 Ft/1 kg | Clubcarddal: | 3396 Ft/1 kg",1199,849,True,Clubcarddal,Kekszes édesség,46,2,25215fe7ff72fbc8f890a79b1e7e94eacd7bc5ebcd9ea2a04c11714a60597f4a
Auchan,Lisse LISSE HOZZÁADOTT CUKOR NÉLKÜLI TÖLTÖTT OSTYA,2026.04.16 - 04.22,"Ft/db, többféle, 180 g, 3328 Ft/kg, 2772 Ft/kg",599,499,False,,Kekszes édesség,46,2,62d861a88010a32d35118a82741f4e50940b5c8a78a016644fc6850853f870c6
Auchan,Detki DETKI HOZZÁADOTT CUKOR NÉLKÜLI VANÍLIÁS KARIKA,2026.04.16 - 04.22,"150 g, 5127 Ft/kg, 4100 Ft/kg",769,615,False,,Kekszes édesség,46,2,2efab11c03d2624b59ef74873bfc16551ce59ad3073da9f272ea6244367e415c
Auchan,Urban URBAN LOVE FREE HOZZÁADOTT CUKOR NÉLKÜLI PARÁNY,2026.04.16 - 04.22,"kakaós krémmel, étbevonóval, 180 g, 5272 Ft/kg, 4439 Ft/kg",949,799,False,,Kekszes édesség,46,2,688ea0058b0751282a3d3eb444ec7869d3402d0ce248931264b5c66c6bf9c36c
Auchan,BELVITA JÓ REGGELT! KEKSZ,2026.04.16 - 04.22,"Ft/doboz, többféle, 300 g, 3997 Ft/kg, 2997 Ft/kg",1199,899,False,,Kekszes édesség,46,2,00b83cf7f010b752287123236b45209c098f62dc7d029ca5439dc97f6b3b22b5
Lidl,TASTINO Háztartási keksz,2026.04.16 - 04.22,1 kg,1199,999,False,,Kekszes édesség,46,2,d136022c4dab75531e6c795c776b6551cae256b38b3043e6d2edab402d40717e
SPAR,Belgian Truffles desszert,2026.04.16 - 04.22,többféle 200 g (9.995 Ft/1 kg),1999,1599,True,Supershop kártyával,Egyéb édesség,140,2,b96dd8580d1d7ee5de624026994cf3ea11d561a4f344c1cba69c12c4d4b59254
Tesco,Merci Petits csokoládékülönlegesség,2026.04.16 - 04.22,125 g | 14072 Ft/1 kg | Clubcarddal: 9592 Ft/1 kg,1759,1199,True,Clubcarddal,Egyéb édesség,140,2,7101f421641cea27b3ff8326ed34980a152ea51681778dbab75d37220eabbe91
Tesco,Toffifee mogyorós desszert,2026.04.16 - 04.22,250 g | 8596 Ft/1 kg | Clubcarddal: 6796 Ft/1 kg,2149,1699,True,Clubcarddal,Egyéb édesség,140,2,0055e32f454c75c1353f83dbd83c060617c7cd17422c4ca8cd2c5a7865c3a37c
ALDI,MOSER ROTH PRALINÉ,2026.04.16 - 04.22,többféle | 200 g/doboz | 9 295 Ft/kg,2299,1859,False,,Egyéb édesség,140,2,a5a48318437053c13b30a8fb1c02ccc936b857685b7c35f7305b770dcba5fd18
SPAR,Mérői Pékség mézes krémes,2026.04.16 - 04.22,"3 db/csomag 1 csomag (366,33 Ft/1 db)",1099,899,True,Supershop kártyával,Sütemény,172,2,ffcd43e6332a676f1f1ca2b7e462099cab4924971d1a777d726b8c1786e8d94e
SPAR,Tornyos puncsszelet,2026.04.16 - 04.22,"csomagolt 270 g (6.259,26 Ft/1 kg)",1690,1290,True,Supershop kártyával,Sütemény,172,2,192def64c432655097d56ed4ee431fc04d77a77e626764fe525fc8e7b4066d18
Auchan,FAMILY HEART GLUTÉN- ÉS LAKTÓZMENTES BROWNIE SZELET,2026.04.16 - 04.22,"Ft/db, többféle, 30 g",299,229,False,,Sütemény,172,2,3301d267f8b3522deff76f3721e01781e0c7366192975974728bfdf8e5ba054a
Auchan,Auchan AUCHAN KEDVENC SOMLÓI GALUSKA,2026.04.16 - 04.22,"3730 Ft/kg, 2490 Ft/kg",373,249,False,,Sütemény,172,2,7f901893428df12855c12a751cd9f37a33d2358d9ac751e1a3bdebcea7c28d19
Tesco,Trolli 3D gumicukor,2026.04.16 - 04.22,"többféle, 75 g | 18120 Ft/1 kg | Clubcarddal: | 15987 Ft/1 kg",1359,1199,True,Clubcarddal,Cukorka/gumicukor/rágógumi,318,2,a1311e1aa2d1da97088555ce0c36d41940ff65c665e175f7277c5c0c266c5bb5
Lidl,SWEET CORNER Gyümölcsízű rágócukorka,2026.04.16 - 04.22,400 g; 1 kg = 1873 Ft,1199,749,True,Lidl Plus alkalmazással,Cukorka/gumicukor/rágógumi,318,2,ab753031eee2492cca6f065f3804e8ae2a2dd7c2015f3b4e19a6229f676e605d
Lidl,GOLDEN SUN Bulgur,2026.04.16 - 04.22,500 g; 1 kg = 538 Ft,329,269,True,Lidl Plus alkalmazással,Rizs/tészta/hüvelyes,47,2,9cf0d690465d24ca45c566dc1ce1ddeb386573716fcce0e0d4de7077a5dc4215
Tesco,Durillo durum száraztészta,2026.04.16 - 04.22,"többféle, 500 g | 1498 Ft/1 kg | Clubcarddal: 1198 Ft/1 kg",749,599,True,Clubcarddal,Rizs/tészta/hüvelyes,47,2,8b496dc03d03671feb083ce21d1ae982ac5b95e4f93432bdf07b9e6210d83491
Tesco,Crivellin Gnocchi burgonyás gombóc,2026.04.16 - 04.22,500 g | 2098 Ft/1 kg | Clubcarddal: 1598 Ft/1 kg,1049,799,True,Clubcarddal,Rizs/tészta/hüvelyes,47,2,1a500410e31a1121d3c580e9e6d282070bf4bf00082d8b8aae40ca6ebb0d8901
ALDI,BON-RI SÁRGABORSÓ,2026.04.16 - 04.22,500 g/csomag 438 Ft/kg,269,219,False,,Rizs/tészta/hüvelyes,47,2,fa049e3c438845a26abb3317895ced9eaa46962f9b3adb6ca8721bc2dd7d4509
ALDI,CSÁSZÁR TARHONYA,2026.04.20 - 04.22,4 tojásos 500 g/csomag 698 Ft/kg,435,349,False,,Rizs/tészta/hüvelyes,47,2,1b06c8afa66d74de4b8937ca2ef73263941cd46753f33a97446c545b2c2801ef
SPAR,Gyermelyi 8 tojásos száraztészta,2026.04.16 - 04.22,"csiga, csipet, cérnácska, eperlevél, szélesmetélt, gyufametélt 250 g (1.780 Ft/1 kg)",689,445,False,,Rizs/tészta/hüvelyes,47,2,6a6acca6a010ef62cbaf33efef1e86226ee702335f2ce7cb7350a925e3757478
SPAR,Nagykun „A” minőségű rizs,2026.04.16 - 04.22,1 kg,899,619,False,,Rizs/tészta/hüvelyes,47,2,d6388ee2c3c47bda80b01710f92c24cab681a9e90b70876e22d751dcdc7c37ad
SPAR,SPAR ASIA jázmin rizs,2026.04.16 - 04.22,„A” minőségű 1 kg,999,749,False,,Rizs/tészta/hüvelyes,47,2,87b9d1c6c0adbe7fec61a7ac44f8d7b41d9286a4b2709a61ceb3272dfedf41db
Auchan,"TELLÉR ÉTKEZÉSI, SZÁRAZ TARKABAB",2026.04.16 - 04.22,"nagyszemű, 500 g, 2298 Ft/kg, 1598 Ft/kg",1149,799,False,,Rizs/tészta/hüvelyes,47,2,214144c40c1dc9abacd90b4638d54f2f0c9a2fa75fe3d3d43901633b45eb31c4
Auchan,BARBARA GLUTÉNMENTES CSIGATÉSZTA,2026.04.16 - 04.22,"200 g, 5195 Ft/kg, 4145 Ft/kg",1039,829,False,,Rizs/tészta/hüvelyes,47,2,b5a6f7c1790fc3105a215620e37c380f399f00d263319be3678f314f2524b781
Auchan,AUCHAN KEDVENC DURUM KÖRETTÉSZTA,2026.04.16 - 04.22,"többféle, 1 kg",1099,899,False,,Rizs/tészta/hüvelyes,47,2,7fb2de927f58acc784ed7f9c663bf5e2b24137f6fb0cfb7d3e613575e675f791
Auchan,LE VENEZIANE GLUTÉNMENTES LASAGNE,2026.04.16 - 04.22,"250 g, 9196 Ft/kg, 7356 Ft/kg",2299,1839,False,,Rizs/tészta/hüvelyes,47,2,e13efbddc80eb95908c796acfec8bf78ad49b96d0914b166c95e949885981bec
Tesco,Nestlé gabonapehely-szelet vagy Nestlé Fitness gabonapehely-szelet,2026.04.16 - 04.22,"többféle, 25 g | 245 Ft/1 db | Clubcarddal: 316 Ft/2 db",245,158,True,Clubcarddal,Müzli és gabonapehely,50,2,66895b65600cd7b9cc7cd445bdf409273c61812ac6b7a20b4f449e843d5a7356
Tesco,Tesco gabonapehely,2026.04.16 - 04.22,"többféle, 450 g | 2198 Ft/1 kg | Clubcarddal: | 1833 Ft/1 kg",989,825,True,Clubcarddal,Müzli és gabonapehely,50,2,dc12a29f0ea9a06d45150965a38cc348ccef85d582d79c292c8e7e567b2f2f28
Auchan,RICE UP! GLUTÉNMENTES RIZSSZELET,2026.04.16 - 04.22,"Ft/db, többféle, 18 g",249,199,False,,Müzli és gabonapehely,50,2,073e8df9b23bbcf45f0d645a1474344a3e59f0cb6695512a5b8497e8bddafe7c
Auchan,Rice Up! RICE UP! HOZZÁADOTT CUKOR NÉLKÜLI RIZSSZELET,2026.04.16 - 04.22,"Ft/db, többféle, 18 g",299,239,False,,Müzli és gabonapehely,50,2,eb7a37a3839a5eb11005ed415ac27e2f4a0d43858bbdc92fea3b8729dfa6c792
SPAR,"Cerbona zabpehely, zabpehelyliszt",2026.04.16 - 04.22,"többféle 450 g (1.286,67 Ft/1 kg) 500 g (1.158 Ft/1 kg)",699,579,False,,Müzli és gabonapehely,50,2,f60098f934b33ed1c110a4216413fb5d1a422169f5eea1e7a250fd50236c2186
ALDI,GOLDEN BRIDGE PROTEIN-MÜZLISZELET,2026.04.16 - 04.22,"többféle | 3 x 35 g/doboz | 9 514,29 Ft/kg",1299,999,False,,Müzli és gabonapehely,50,2,e5cdca45faa62381349039383fee1b0821bca07bddc26332abd3c7382d4d2d1a
SPAR,Nestlé gabonapehely,2026.04.16 - 04.22,"300 g (5.996,67 Ft/1 kg) 325 g (5.535,38 Ft/1 kg) 330 g (5.451,52 Ft/1 kg) 375 g (4.797,33 Ft/1 kg) 400 g (4.497,50 Ft/1 kg) 2 db-tól: (4.663,33/ 4.304,62/4.239,39/ 3.730,67/ 3.497,50 Ft/1 kg)",1799,1399,False,,Müzli és gabonapehely,50,2,2d670235dc7a4a797df2cb6a24f1e29c254aed9f08c8b56bad4e37be8623b0cc
Tesco,Maggi pörköltszaft-ízesítő kocka vagy leveskocka,2026.04.16 - 04.22,"többféle, 60 g | 7483 Ft/1 kg | Clubcarddal: 6650 Ft/1 kg",449,399,True,Clubcarddal,Fűszerek,128,2,385c46de1e089f61661c9b91b977c9db29fd4085b6087f7178d188bbec11b9c4
ALDI,LE GUSTO FŰSZER,2026.04.16 - 04.22,"paprika, 30 g vagy chili, 25 g vagy kurkuma, 20 g vagy jalapeno, 8 g | 30 g vagy 25 g vagy 20 g vagy 8 g/csomag | 5 166,67 / 6 200 / 7 750 / 19 375 Ft/kg",215,155,False,,Fűszerek,128,2,8577aaa14a9359a24361f6e17bd759695e9c0b0ead29ee72b15330ed83cce499
Tesco,"Helcom/Fruppy felezett, hámozott őszibarackbefőtt",2026.04.16 - 04.22,470 g | 1998 Ft/1 kg | Clubcarddal: 1755 Ft/1 kg,939,825,True,Clubcarddal,Befőtt,123,3,59b3f9f071bdac56cbfa870122b0d84bd0b321bce85f5615da5695e3e4679376
SPAR,Helcom ananász,2026.04.16 - 04.22,"enyhén cukrozott lében; darabolt, szeletelt töltőtömeg: 340 g (2.938,24 Ft/1 kg)",999,799,False,,Befőtt,123,3,918e42b5e9a65a61d860e4bc117139522d134d8e074ec84ec347f1d70a974723
Auchan,KOFA JALAPENO PAPRIKA,2026.04.16 - 04.22,"csípős, szeletelt, 350/175 g, 2369/4737 Ft/kg, 1997/3994 Ft/kg",829,699,False,,Savanyúság,329,3,5801eff1176b1d94d677b09d8f072292eeca2d98b3bda465ea6a67134791a13d
Auchan,"AUCHAN KEDVENC VÁGOTT, SAVANYÍTOTT ZÖLDSÉGEK",2026.04.16 - 04.22,"kisvödrös, csípős vagy édes, 800/500 g, 1124/1798 Ft/kg, 874/1398 Ft/kg | KÁPOSZTASALÁTA | 500 g, 1798 Ft/kg, 1398 Ft/kg",899,699,False,,Savanyúság,329,3,3c8ef76c04271667b19c0b66155aeb5163bd5f849d041363d8c3e53570a35ffd
SPAR,SPAR kovászos uborka,2026.04.16 - 04.22,"6-9 cm-es töltőtömeg: 350 g (2.568,57 Ft/1 kg)",899,799,False,,Savanyúság,329,3,a4591433eb27a5da9427263d1f487d9119712d81a47e839ad5095a992eea9018
Tesco,Globus melegszendvicskrém,2026.04.16 - 04.22,"többféle, 290 g | 2721 Ft/1 kg | Clubcarddal: 2410 Ft/1 kg",789,699,True,Clubcarddal,Kenhető krém,330,3,82d210efc9676a1145009389f3db92c17181e5b3b1e03bb9b454b2c008923b1c
Auchan,Madeco MADECO MÁJPÁSTÉTOM,2026.04.16 - 04.22,"Ft/db, többféle, 170 g, 6759 Ft/kg | Bizalomkártyával: 4700 Ft/kg",1149,799,True,Bizalomkártyával,Kenhető krém,330,3,cfb15dc30e5976064ef4d352c4df7a442e86b5a93cf1830dcfde645f80d24101
Auchan,HAMÉ NATURA VEGETÁRIÁNUS PÁSTÉTOM,2026.04.16 - 04.22,"többféle, 105 g, | 5324 Ft/kg, | 3514 Ft/kg",559,369,False,,Kenhető krém,330,3,2d48a79d78801d203a662d8a9b686570801782798b15ad8f5b5cc987c296c0b0
ALDI,LYTTOS GÖRÖG OLÍVABOGYÓ,2026.04.16 - 04.22,• zöld vagy • kalamata 350 g (200 g)/üveg 2 745 Ft/kg (töltőtömeg),699,549,False,,Zöldségkonzerv,333,3,4caabc1460925023b202c270518e0e1cd940f9138bc0cbea5f24c0ab1c89a90f
Auchan,OLYMP OLAJBOGYÓ,2026.04.16 - 04.22,"többféle, 100 g, 11990 Ft/kg, 9990 Ft/kg",1199,999,False,,Zöldségkonzerv,333,3,119b645a2fdc7e80b7af0836ab9c9997b5c3b1bbd2e7df024a2ea1f3c8d18a66
Tesco,Bonduelle zöldborsókonzerv,2026.04.16 - 04.22,265 g | 2864 Ft/1 kg | Clubcarddal: 2638 Ft/1 kg,759,699,True,Clubcarddal,Zöldségkonzerv,334,3,78c45e4a8d51360f1ad29a3ca1063d519520dd1f59826555fb7b7d09bb72c298
ALDI,PRIMANA BAKED BEANS,2026.04.20 - 04.22,"fehérbab paradicsomos szószban 420 g/doboz 473,81 Ft/kg",279,199,False,,Zöldségkonzerv,334,3,a67a00bec451491e88e3fc6f1a07575c1f53afda9cd2935be23c0ed53e3dd287
Lidl,FRESHONA Sült fehérbab,2026.04.16 - 04.22,Paradicsomos szószban | 425 ml; 1 l = 563 Ft,279,239,False,,Zöldségkonzerv,334,3,b7661a9ce6bb469bddf46840dc602d17bd4d23758cf2a43dd5c03c262246dae0
ALDI,KINGS CROWN LENCSE,2026.04.16 - 04.22,"sós lében 400 g (240 g)/doboz 1 037,50 Ft/kg (töltőtömeg)",319,249,False,,Zöldségkonzerv,334,3,73ec66347460464699ba03f13f49eb0c408c2cebf185671727285b49415fcba7
Auchan,KERTIKE BABKONZERV,2026.04.16 - 04.22,"többféle, 400/410 g, 1313/1280 Ft/kg, 998/973 Ft/kg",525,399,False,,Zöldségkonzerv,334,3,b4d1d7cc731350826457ab5662494f00bdfcf08a66fde3eea851d019f784c7ae
SPAR,Daráltlöncs,2026.04.16 - 04.22,"400 g (1.497,50 Ft/1 kg)",799,599,False,,Egyéb konzerv,335,3,dddff79988b20bd20511ba558387b32eb171c5c3f127d4ddb461173a46164464
SPAR,Házias Ízek húsos készétel,2026.04.16 - 04.22,"sólet csípős házikolbásszal, bográcsgulyás 500 g (1.798 Ft/1 kg)",1249,899,False,,Egyéb konzerv,335,3,37c08c74c89d75caba4efa6fbb68f6caa9dc0ba841bccca74527d75b24b3de8b
Auchan,MAUTNER MARKHOF ÍZESÍTETT ECET,2026.04.16 - 04.22,"többféle, 500 ml, 2878 Ft/l | Bizalomkártyával: 1998 Ft/l",1439,999,True,Bizalomkártyával,Olaj és eset,138,2,bd4b81945c8be38fc4c97808b22d756374a71ec8a7cd7ab4c4929d7bc884d976
Tesco,Stockwell & Co. finomított olívapogácsa-olaj,2026.04.16 - 04.22,1 l,2799,2399,True,Clubcarddal,Olaj és eset,138,2,e794e3ec5dbc58e56844394d8d42dfa5f409846f8d0286d384361aaccdbb6fdf
Auchan,BERTOLLI EXTRA SZŰZ OLÍVAOLAJ SPRAY,2026.04.16 - 04.22,"200 ml, 15795 Ft/l, 12495 Ft/l",3159,2499,False,,Olaj és eset,138,2,ac360fc0ca65998c5549f97a82ffcd1e47d05fc2db138880cba465e11778e1c5
Auchan,COCO24 KÓKUSZOLAJ,2026.04.16 - 04.22,1 l,2999,2499,False,,Olaj és eset,138,2,29d607a63f0ab1d6b3905365e919b2abe4d86f92b1b3e16bd8b070a269513aee
Auchan,MONINI CLASSICO EXTRA SZŰZ OLÍVAOLAJ,2026.04.16 - 04.22,"500 ml, 10698 Ft/l, 7998 Ft/l",5349,3999,False,,Olaj és eset,138,2,7e2b7ea604e710b6e63c8851a3a3fea714ba9ef5ee5bb486a5c26a14aa73760d
Tesco,Tuc kréker,2026.04.16 - 04.22,"többféle, 100 g | 4790 Ft/1 kg | Clubcarddal: 4190 Ft/1 kg",479,419,True,Clubcarddal,Snack,139,2,82ec2af6bef1d93d93718c839a0dc2e4eaaa79221c4f28d77de454602239d72e
Tesco,Spuds chips,2026.04.16 - 04.22,"többféle, 105 g | 7610 Ft/1 kg | Clubcarddal: 5705 Ft/1 kg",799,599,True,Clubcarddal,Snack,139,2,030fcf6e0834b39a6fa7c2012ceebeab99e2c0c638918ddd872883ee22fea7dd
Tesco,Pringles chips,2026.04.16 - 04.22,"többféle, 165 g | 10297 Ft/1 kg | Clubcarddal: 7206 Ft/1 kg",1699,1189,True,Clubcarddal,Snack,139,2,168145c0e76d7a7fb4020b9974da214e5165f28c45ffa056ba3a1351462d0c30
SPAR,Lays chips,2026.04.16 - 04.22,"többféle 55 g (10.527,27 Ft/1 kg) 60 g (9.650 Ft/1 kg)",579,469,True,Supershop kártyával,Snack,139,2,ddff1076ad724991451b9e581bafb0e7c854241cbb2bc90e6633802c2b515929
Tesco,Cheetos snack,2026.04.16 - 04.22,"többféle, 43 g",425,279,True,Clubcarddal,Snack,139,2,e97851274ac3b8109166c1d87a4f0858dc5ed74bd82aa98239bfb2a1b7c8ca66
Tesco,Chio snack,2026.04.16 - 04.22,"többféle, 65 g | 9215 Ft/1 kg | Clubcarddal: 6138 Ft/1 kg",599,399,True,Clubcarddal,Snack,139,2,b3d9bace4f2f37b8ba4757e89ebdbfd677064ab6a8abcd03677818c1ee69fe7b
Tesco,Tesco kukoricasnack,2026.04.16 - 04.22,125 g | 3912 Ft/1 kg | Clubcarddal: 3352 Ft/1 kg,489,419,True,Clubcarddal,Snack,139,2,4b6d62b7356cc2bf869c9c3e1d1a413b2b4fa7e6fe8ba74cf5e37cae206eba4a
Tesco,El Sabor Nacho chips,2026.04.16 - 04.22,"többféle, 100 g | 7390 Ft/1 kg | Clubcarddal: 5190 Ft/1 kg | gluténmentes",739,519,True,Clubcarddal,Snack,139,2,5ea4dbc961aaba7975c194e84e0dce965d29ebe0f064c6c00d57bb175dad384c
Tesco,Chio sajtos burgonyachips,2026.04.16 - 04.22,130 g | 6915 Ft/1 kg | Clubcarddal: 5377 Ft/1 kg,899,699,True,Clubcarddal,Snack,139,2,911668f25b0bfc278b5bcb7bb1c83100befc0c0061a59f4f6cca1b1878f08484
Auchan,Pringles PRINGLES SNACK,2026.04.16 - 04.22,"többféle, 165 g, 10297 Ft/kg, Bizalomkártyával: 7206 Ft/kg",1699,1189,True,Bizalomkártyával,Snack,139,2,18f79214742e47db4cd1025b85eae66ef355cff1e7e415ed04387fc25b419910
Auchan,MOGYI MICRO POPCORN,2026.04.16 - 04.22,"Ft/db, többféle, 80/100 g, 3738/2990 Ft/kg, 2488/1990 Ft/kg",299,199,False,,Snack,139,2,f03ac5b3175b4e9a38bdf68fdbcefe105f023ac6b2e6f4d18d1b71772ed21247
Lidl,SNACK DAY Chips,2026.04.16 - 04.22,Sós / tejfölös-hagymás / paprikás | 150 g; 1 kg = 2660 Ft,579,399,False,,Snack,139,2,9201d6b197447150557f5414575748c87b7b3437a57f69bd42d9b668e62d1faa
ALDI,SNACK FUN KRÉKERMIX,2026.04.16 - 04.22,pálmaolajmentes | 300 g/csomag | 2 050 Ft/kg,749,615,False,,Snack,139,2,c9beecbc0566db6164ffff81e136ec873d9c3dbf95551cec564f8d429b612b81
ALDI,PRINGLES BURGONYASNACK,2026.04.20 - 04.22,"többféle 165 g/doboz 7 206,06 Ft/kg",1699,1189,False,,Snack,139,2,4ca21dd00d095a5fa00d09d61de90441a112f3eb10d548863ab47ef4e777534f
Tesco,"Mogyi pörkölt, sózott kesudió, pisztácia vagy mandula",2026.04.16 - 04.22,60/70 g | 13150/11271 Ft/1 kg | Clubcarddal: 8317/7129 Ft/1 kg,789,499,True,Clubcarddal,Magvak és aszalvány,142,2,bab2f0a2217c414a873e568a370f59be252dbf6f436493b8bc37c6edb556c72c
Tesco,"Tesco sótlan, pörkölt földimogyoró",2026.04.16 - 04.22,"500 g, 1299 Ft, 2598 Ft/1 kg, Clubcarddal: 999 Ft, 1998 Ft/1 kg. Ajánlatunk a készlet erejéig érvényes. A választék áruházanként eltérő lehet.",1299,999,True,Clubcarddal,Magvak és aszalvány,142,2,7aaa9a89ec4dd8d9914e7ae7271f79ff92e63d5cd9adf55c2965934121b9778d
Lidl,ALESTO SELECTION Kaliforniai pisztácia,2026.04.20 - 04.22,"Pörkölt, sós | 500 g; 1 kg = 4798 Ft",2849,2399,False,,Magvak és aszalvány,142,2,14050fbe4aa2b45fd55a11c3ba82a32b4823a1837fa0b4ea1b9d16813fcb3b96
Tesco,Maggi Gyorsan Finomat instant leves,2026.04.16 - 04.22,"többféle, 40/48 g",369,299,True,Clubcarddal,Instant étel,165,2,9dc904d6ecbf2efb546d9ef017592d6f28d464508aaa6d596d1f43d12a89844e
Auchan,HMMMASTER BURGONYAKRÉMLEVES,2026.04.16 - 04.22,"320 g, 3028 Ft/kg | Bizalomkártyával: 2422 Ft/kg",969,775,True,Bizalomkártyával,Instant étel,165,2,2ef146ff8e91c3eb88fd76a73ddc2d1df78739506dd3614cfc19dd841f54310e
Auchan,HMMMASTER MÁLNAKRÉMLEVES,2026.04.16 - 04.22,"320 g, 3434 Ft/kg | Bizalomkártyával: 2747 Ft/kg",1099,879,True,Bizalomkártyával,Instant étel,165,2,5db7d7e33514b5b87db4c17bc07079e56b0fefe984024388481c4cfc3f2dd522
Tesco,Maggi Magic Asia fokhagymás-szójás pirított tészta,2026.04.16 - 04.22,185 g | 3346 Ft/1 kg | Clubcarddal: 2968 Ft/1 kg,619,549,True,Clubcarddal,Instant étel,165,2,32c787ddd0ce86ea6364726ee0d9426b7e51c0865817dcb3d2e8bc19861415f2
Auchan,KNORR XXL ALAP,2026.04.16 - 04.22,"60/75/89 g | 1 db: 729 Ft, | 12150/9720/8191 Ft/kg | 2 db: 1098 Ft, | 9150/7320/6169 Ft/kg",729,549,False,,Instant étel,165,2,d74c626f3ed6394d31c5e3f0fa3f6002b8646691aca2da0c1a446e1fb9465a13
Auchan,MAGGI MAGIC ASIA PIRÍTOTT TÉSZTA,2026.04.16 - 04.22,"többféle, 185 g, | 4211 Ft/kg, 3238 Ft/kg",779,599,False,,Instant étel,165,2,6d177fab4888d0daa1d7a5875cbf69c90e228b144fda3056125b0d3a9051c5fe
Auchan,HEINZ BARBECUE SZÓSZ,2026.04.16 - 04.22,"többféle, 480/500 g, 4165/3998 Ft/kg | Bizalomkártyával: 2915/2798 Ft/kg",1999,1399,True,Bizalomkártyával,Szósz,174,2,46ce6c0afe743aad11da01521834b2401027a654312993111af4e6d37617c109
Auchan,REMIA SALÁTAÖNTET,2026.04.16 - 04.22,"250 ml, 5156 Ft/l | Bizalomkártyával: 3596 Ft/l",1289,899,True,Bizalomkártyával,Szósz,174,2,81f81a2fc5671cefbb28cf81585cf73e53f4ab4e85335e504350f5f8704d7cc4
Tesco,Cirio Passata passzírozott paradicsom,2026.04.16 - 04.22,500 g | 1158 Ft/1 kg | Clubcarddal: 1070 Ft/1 kg,579,535,True,Clubcarddal,Szósz,174,2,e6cc7bed5b10844a47374fa80bea4fabb4af579a03845bae5c2c2da2a5828d60
Tesco,Univer pizzakrém,2026.04.16 - 04.22,160 g | 4556 Ft/1 kg | Clubcarddal: 3869 Ft/1 kg,729,619,True,Clubcarddal,Szósz,174,2,8411fc4ece7d412712170fa69f7e1afd0746db15e95f7c3e0a39e566c0bb3f43
Tesco,Univer majonéz,2026.04.16 - 04.22,405 g | 3331 Ft/1 kg | Clubcarddal: 2121 Ft/1 kg,1349,859,True,Clubcarddal,Szósz,174,2,5c005a76668568d3656eff9aabd987f46a9002f6f44582e1c4b49192a2e3f3f2
Tesco,Globus ketchup,2026.04.16 - 04.22,840 g | 2082 Ft/1 kg | Clubcarddal: 1546 Ft/1 kg,1749,1299,True,Clubcarddal,Szósz,174,2,387fc7dde65af21e874cbe6621d095ef2e4a59510f2e51ad637fad417c27c4ca
Tesco,Hellmanns Tasty majonéz,2026.04.16 - 04.22,411 g | 3526 Ft/1 kg | Clubcarddal: 3161 Ft/1 kg,1449,1299,True,Clubcarddal,Szósz,174,2,b1b0ef567c1a0c54af02e0561c2b4d040e2e5de350fbbe377a1b390f2224b221
ALDI,WONNEMEYER SALÁTAÖNTET,2026.04.16 - 04.22,többféle 250 ml/flakon 2 396 Ft/l,855,599,False,,Szósz,174,2,8c4f48b88f251e31c471e54d36cc960cce9b8bbf59e3b481cc45149d63564520
SPAR,Haas Spicy mustár,2026.04.16 - 04.22,"angol, bajor 200 g (2.995 Ft/1 kg)",839,599,False,,Szósz,174,2,34aa01265fe272d42e574e65f41d69967368e4f589b1b463b1ab8a05b061aad5
Auchan,DEVELEY GRILLSZÓSZ,2026.04.16 - 04.22,"többféle, 250 ml, 4396 Ft/l, 2796 Ft/l",1099,699,False,,Szósz,174,2,1943dc25d3f7b8e86400a607d2a13250a29d6e769a1e5ac34c1f60aec93e20d2
SPAR,Univer salátaöntet,2026.04.16 - 04.22,"többféle 230 g (3.213,04 Ft/1 kg)",929,739,False,,Szósz,174,2,4047795eef5e4ca8ec7db3f61113b1bc044b8b5793dcb503dcc5990e4391d838
Auchan,UNIVER SALÁTAÖNTET,2026.04.16 - 04.22,"többféle, 230/235 g, 4213/4123 Ft/kg, 3300/3230 Ft/kg",969,759,False,,Szósz,174,2,2d217f8d7d7a6f6cc04c87913634d61f647befbc97ecbe4061022ca0c2060052
SPAR,"Univer XL Gulyáskrém, Piros Arany",2026.04.16 - 04.22,"240 g (3.329,17 Ft/1 kg)",1099,799,False,,Szósz,174,2,18e29f7698cee6df69dfe7a937aca76303945ba1a7151b9e3a8317a15e90c182
Auchan,MAGGI ÁZSIAI ÜVEGES SZÓSZ,2026.04.16 - 04.22,"többféle, 340/355 g, | 5732/5490 Ft/kg, | 2938/2814 Ft/kg",1949,999,False,,Szósz,174,2,c7413b054a09a26e6ce7fa1ad8bc8640dac0ed91657357847112eb17a5516347
Auchan,UNIVER CHEDDAR SZÓSZ,2026.04.16 - 04.22,"410 g, 3290 Ft/kg, 2900 Ft/kg",1349,1189,False,,Szósz,174,2,0c9935415bc72fdc60379b77c634f65e739110325976cced858bb6160c69e23b
Auchan,UNIVER MAJONÉZ,2026.04.16 - 04.22,"510 g, | 3057 Ft/kg, | 2351 Ft/kg",1559,1199,False,,Szósz,174,2,00672bcf2cf8cc5be1131adfa0ae47aff64060b234e82f108acff2142a54e262
Auchan,MISSISSIPPI BARBECUE SZÓSZ,2026.04.16 - 04.22,"510 g, 4704 Ft/kg, 3724 Ft/kg",2399,1899,False,,Szósz,174,2,bbafcb88faee990c2c9c8fcc1332711b6a3c182bf597614ff52f181dbf11baba
SPAR,Kikkoman szójaszósz,2026.04.16 - 04.22,"150 ml (16.326,67 Ft/1 l) 250 ml (10.796 Ft/1 l)",2449,1899,False,,Szósz,174,2,2983c2387b4dea01af5b1c27fc9c147f86e6890ad481591ebf4a4f4865a02933
Tesco,Lino Lada mogyorókrém,2026.04.16 - 04.22,"többféle, 350 g | 3940 Ft/1 kg | Clubcarddal: 3529 Ft/1 kg",1379,1235,True,Clubcarddal,Lekvár és méz,319,2,04a23334c293cb140e3e154aa309634c07068b4cb762b2cd711062a822518dfc
Tesco,Tesco finest extradzsem,2026.04.16 - 04.22,"többféle, 320 g | 4528 Ft/1 kg | Clubcarddal: 4059 Ft/1 kg",1449,1299,True,Clubcarddal,Lekvár és méz,319,2,2b3ddcbdd61dfb040ff2956b3d33cbab831475d8c562f60230deda57cb293b03
Tesco,Nesquik kakaós szirup,2026.04.16 - 04.22,300 ml | 8430 Ft/1 l | Clubcarddal: 6663 Ft/1 l,2529,1999,True,Clubcarddal,Lekvár és méz,319,2,e367f888c6f8335e2d1a2656c48d461d1d0994e475d272b1e2de598217511a9a
SPAR,Hamé extradzsem,2026.04.16 - 04.22,"eper, sárgabarack, vörös-fekete ribizli 300 g (2.796,67 Ft/1 kg)",1299,839,False,,Lekvár és méz,319,2,4a5031a19036506ea12e3b0e9e95d76262df75d62373d468304e76f8d3fec461
ALDI,FERRERO NUTELLA MOGYORÓKRÉM,2026.04.20 - 04.22,"400 g/üveg | 3 497,50 Ft/kg | 22075",1899,1399,False,,Lekvár és méz,319,2,6efe9e7fbeeefe22476eeb11cc18b4ea77bd7fddba04891d36393085e2fb5d92
Auchan,Maple Joe KANADAI JUHARSZIRUP,2026.04.16 - 04.22,"250 g, 14556 Ft/kg, 11996 Ft/kg",3639,2999,False,,Lekvár és méz,319,2,ded80c713d7741e39499b98399781d9d764260ee9f66156a9619252d014d507e
Auchan,The New Diet KÓKUSZVIRÁG-CUKOR,2026.04.16 - 04.22,"300 g, 5330 Ft/kg",1599,1279,True,Bizalomkártyával,Sütési alapanyagok,324,2,87a614bccdc09b9708bcf27fba1ba04b2cd524313fb3c48d362c8f41906150e6
Tesco,Nestlé Nesquik instant cukrozott kakaóitalpor,2026.04.16 - 04.22,600 g | 4065 Ft/1 kg | Clubcarddal: | 3582 Ft/1 kg,2439,2149,True,Clubcarddal,Sütési alapanyagok,324,2,48370558216fa9f74fc21e7dbe401accf1df491331bae2c4a93f3dc9a93e74e9
Tesco,Its Us Miklos univerzális lisztkeverék,2026.04.16 - 04.22,"1 kg, gluténmentes",1699,1499,True,Clubcarddal,Sütési alapanyagok,324,2,8cce6b86696bc8224330047703f06d397f02868aff9cb60302a96a463098b5bb
Tesco,Dr. Oetker Eredeti pudingpor,2026.04.16 - 04.22,"többféle, 40/44 g",229,205,True,Clubcarddal,Sütési alapanyagok,324,2,d42b286c9fb01fa789980e4cbe8dbdd01e356db5708f01ef3947888457ba1c39
SPAR,Gyermelyi búzakenyérliszt,2026.04.16 - 04.22,1 kg,399,299,False,,Sütési alapanyagok,324,2,c47f918807bb10d6b75de772f6bdb06697c7e47551cc2631b52a54f96f0b3b69
Auchan,Auchan AUCHAN KEDVENC ÉDESÍTŐ FOLYADÉK,2026.04.16 - 04.22,"300 ml, 1830 Ft/l, 1530 Ft/l",549,459,False,,Sütési alapanyagok,324,2,d0c084d215bafab51efc6dd38d885db71a22209aa663900f738a37b5246f7e1d
Auchan,NAGYKUN RIZSLISZT,2026.04.16 - 04.22,1 kg,1039,799,False,,Sütési alapanyagok,324,2,4dc176069a4d2b8e72aedde38fcf69df1d733067a51e412d71a3957d195b0652
Auchan,Süssina SÜSSINA ÉDESÍTŐSZER,2026.04.16 - 04.22,"1200 db/doboz, 0,92 Ft/db, 0,73 Ft/db",1099,879,False,,Sütési alapanyagok,324,2,4b3ce1fd2ef3c5a1f0e11670d290815ff10fc11c5b960c295447887a766360b7
SPAR,Gold Pack Demerara nádcukor,2026.04.16 - 04.22,1 kg,1399,999,False,,Sütési alapanyagok,324,2,3ffc0d9d0824e33eb46521d5835392c6617c570fe8a033ddccb3c5404c71c56e
Auchan,Oligo Life OLIGO LIFE ERITRIT,2026.04.16 - 04.22,"275 g, 5778 Ft/kg, 4069 Ft/kg",1589,1119,False,,Sütési alapanyagok,324,2,bdc90988d51a16e6d91ada1ed4c0508550f8043a8f48d606fbf2fe89f795cde1
Auchan,Glicin GLICIN,2026.04.16 - 04.22,"300 g, 8130 Ft/kg, 6097 Ft/kg",2439,1829,False,,Sütési alapanyagok,324,2,6e018b6ad1981b1cddc1f6f71aa603edbaf11ae6819739b2f944dc8d177cc5f7
Auchan,Naturmind NATURMIND GYÜMÖLCS-CUKOR,2026.04.16 - 04.22,1000 g,2399,1999,False,,Sütési alapanyagok,324,2,058fa69054ae66f90d32de28cab3e0dedfff3fc538c9140d0da0693ff3575785
Auchan,Canderel CANDEREL ÉDESÍTŐSZER UTÁNTÖLTŐ,2026.04.16 - 04.22,"6x100 db/doboz, 5,33 Ft/db, 4,53 Ft/db",3199,2719,False,,Sütési alapanyagok,324,2,f41647c0e77c92d283bee893e09456c47e7b3107ccb6f0e499481958dd673347
Lidl,Nosztalgia vekni,2026.04.20 - 04.22,Kovásszal | 330 g; 1 kg = 846 Ft,399,279,True,Lidl Plus alkalmazással,Kenyér,57,2,a6d1bc896fed1954d0d0ab9fc75ce7398e62cf3daa4c54d1eeaf0b0b3fa7ce75
Auchan,AMERIKAI SZENDVICSKENYÉR,2026.04.16 - 04.22,"szeletelt, csomagolt, 750 g, 1665 Ft/kg Bizalomkártyával: 1199 Ft/kg",1249,899,True,Bizalomkártyával,Kenyér,57,2,6b9a5ea6f3fb37a4dc3ebbd0796a18caa76b36331a509d043a2fe94fcd3edeb9
Tesco,Tesco szeletelt szendvics vekni,2026.04.16 - 04.22,"360 g, 1831 Ft/1 kg, Clubcarddal: 1386 Ft/1 kg",659,499,True,Clubcarddal,Kenyér,57,2,41dd94225c50c8a84b45a99ecb313c5a482614c18d4e5397dd0a7eb2ad7dc4dc
Auchan,Auchan Kedvenc AUCHAN KEDVENC TIGRIS CIPÓ,2026.04.16 - 04.22,"400 g, 1623 Ft/kg, 1123 Ft/kg",649,449,False,,Kenyér,57,2,a60a4affc2b569e381b65b71ed3a8c64fbd4c6e23de42734157fc0d8e2b3ce52
SPAR,Kovászos burgonyás vekni,2026.04.16 - 04.22,frissen sütve,535,449,False,,Kenyér,57,2,5bdd5ec4935489ceba0aea860a14bebb1b2b2beb6145f5ab749a0d75fc826582
Auchan,Auchan AUCHAN KEDVENC CSAVART GYÖKÉR,2026.04.16 - 04.22,"natúr, 500 g, 1298 Ft/kg, 898 Ft/kg",649,449,False,,Kenyér,57,2,74f3b6303362a0b8cd8de2ee36f5113cf80be35131b8c4d952348cefffed8de7
SPAR,S-BUDGET toast kenyér,2026.04.16 - 04.22,"fehér, teljes kiőrlésű; szeletelt, csomagolt 400 g (1.247,50 Ft/1 kg)",599,499,False,,Kenyér,57,2,8b996677ef99c60b635fa6f5ef56a78573d332b57e9f366e477890b078e87017
Auchan,BALVITEN GLUTÉNMENTES FEHÉR KENYÉR,2026.04.16 - 04.22,"szeletelt, csomagolt, 190 g, 3153 Ft/kg, 2837 Ft/kg",599,539,False,,Kenyér,57,2,b76dd147cbc4b0707fdbdf7caae9d2f0bedcb8c05481f53ab88b9af734a17a00
Auchan,"KOVÁSZOS, MAGVAS VEKNI",2026.04.16 - 04.22,"420 g, 1664 Ft/kg, 1331 Ft/kg",699,559,False,,Kenyér,57,2,045b1bd58b4ce86af3ae330010377d701e8f7ab81c1939aac85e922c04793431
SPAR,Schär kenyér,2026.04.16 - 04.22,"többmagvas, fehér; szeletelt, csomagolt 300 g (5.330 Ft/1 kg)",1899,1599,False,,Kenyér,57,2,15802e51b323b109f904b265e5d2164d1789b597604c2f4bceeccb696f0cff08
Auchan,JAUS SZEZÁMMAGOS HAMBURGERZSEMLE,2026.04.16 - 04.22,"6 db/csomag, 300 g, 3330 Ft/kg | Bizalomkártyával: 2663 Ft/kg",999,799,True,Bizalomkártyával,Friss pékárú,58,2,6a4538625adb8250699ff88db8baafbc7c50f9107b2c0a5c802765a712081baa
SPAR,SPAR sajttal szórt pogácsa,2026.04.16 - 04.22,frissen sütve,165,109,True,Supershop kártyával,Friss pékárú,58,2,617fcf9b97526bc560227fb168af04a10ab44dbf0dbcd14720cfec884f16f330
SPAR,7DAYS croissant,2026.04.16 - 04.22,"többféle; csomagolt 60 g (4.983,33 Ft/1 kg)",299,229,True,Supershop kártyával,Friss pékárú,58,2,1873b9897ffff0bd80353776ad956634a492f564639c8cea33adc1578076fc5d
SPAR,SPAR császárzsemle,2026.04.16 - 04.22,frissen sütve,69,59,True,Supershop kártyával,Friss pékárú,58,2,7972c84faad19dd1a43562efb784a3605520f9a239bbe2fce100c934769e10d3
Tesco,7days croissant családi csomag,2026.04.16 - 04.22,"5x37 g/cs, 5400 Ft/1 kg, Clubcarddal: 3886 Ft/1 kg",999,719,True,Clubcarddal,Friss pékárú,58,2,e5a890046cde7e84b2895f1683ea51be6f4a0d93e17a69e57189c7d63888afd3
ALDI,AZON MELEGÉBEN BURGONYÁS POGÁCSA,2026.04.20 - 04.22,"frissen sütött pékáru | 77 g/darab | 1285,71 Ft/kg | 753019",169,99,False,,Friss pékárú,58,2,671e58b9190d6fdf82ac208a543ee2b4744d9b830d16cdb448cf738e8f280262
ALDI,AZON MELEGÉBEN VAJAS CROISSANT,2026.04.20 - 04.22,"frissen sütött pékáru | 70 g/darab | 1842,86 Ft/kg | 847544",219,129,False,,Friss pékárú,58,2,836327e1129c85f35a027d47fdf4dbda3d917b49c9cb03b2a6f26d7e4920aa31
Lidl,Eperízű fánk,2026.04.20 - 04.22,Cukorszórással | 53 g; 1 kg = 2434 Ft,199,129,False,,Friss pékárú,58,2,2695a3036db9c80f546359dfe3fdc49439fb96d552bd486503b14c929b91e3e4
Auchan,GYŰRŰS FÁNK SZÍNES CUKORRAL,2026.04.16 - 04.22,"Ft/db, 57 g, 3842 Ft/kg, 2614 Ft/kg",219,149,False,,Friss pékárú,58,2,1f991e89626674fe613d857991584e29955ba33bb0cf713f6566e0c6abff51e7
ALDI,AZON MELEGÉBEN BARACKOS-VANÍLIA-PUDINGOS PÁRNA,2026.04.16 - 04.22,frissen sütött pékáru | 100 g/darab | 1 690 Ft/kg,215,169,False,,Friss pékárú,58,2,c098ceb009749859a77a1050ebf4749b1a6929afe7d1b1297879429dd7db76c9
Auchan,WELLNESS CROISSANT,2026.04.16 - 04.22,"Ft/db, 68 g, 4103 Ft/kg, 2926 Ft/kg",279,199,False,,Friss pékárú,58,2,de4a20627eaf8bae619ad4a0d8f7e308ac7011fde2066cfcb6b87a1c0d2bdd4d
ALDI,FÁNK SÁRGABARACKOS TÖLTELÉKKEL,2026.04.16 - 04.22,"90 g/darab | 2 277,78 Ft/kg",249,205,False,,Friss pékárú,58,2,9f91c193f4db02b8ebba8da7ee798d448e3f8b6a984210c72c04b4054af9b76a
SPAR,S-BUDGET croissant,2026.04.16 - 04.22,frissen sütve,299,249,False,,Friss pékárú,58,2,bc096e52487462a87a4f82dd6e16506d42ca4951de4bbbe09f3e0cff5be5d014
SPAR,SPAR sonkás-sajtos buci,2026.04.16 - 04.22,frissen sütve 1 db,299,249,False,,Friss pékárú,58,2,b7feecb601b8c6b0b963c64f7a0bd64cebe2742ddbebbe6f7d7d9c2bef90ed09
Lidl,Baconös kenyérlángos,2026.04.20 - 04.22,150 g; 1 kg = 1727 Ft,389,259,False,,Friss pékárú,58,2,8f5107eee04f1d13d864e0106414d0621bb0fe08d6312261b1229382770d291b
Tesco,Kolbászos háromszög,2026.04.16 - 04.22,"85 g, 3047 Ft/1 kg",299,259,False,,Friss pékárú,58,2,23d9e16688030105bc31419dc890fb5876fcb8f43179d7287422b2348ffd3a44
Auchan,PIZZASZELET,2026.04.16 - 04.22,"Ft/db, többféle, 100 g, 3590 Ft/kg, 2790 Ft/kg",359,279,False,,Friss pékárú,58,2,8ba6606b7433bc77a10fa9f40d45b6c2501d7c0e7688b32735c43755feef410f
SPAR,Hamburgerzsemle,2026.04.16 - 04.22,fekete 1 db,399,299,False,,Friss pékárú,58,2,061c4db5ef2f40dd952ceb81c330520414d338f87223e5437d3a5cc349765381
Auchan,TÚRÓS-BARACKOS KOSÁR,2026.04.16 - 04.22,"Ft/db, 100 g, 3490 Ft/kg, 2990 Ft/kg",349,299,False,,Friss pékárú,58,2,0a5e86b15cc8f4d971fb4f9017b22c6273cec54f20bad1470d7f3e777b8b1d46
ALDI,AZON MELEGÉBEN PIZZA,2026.04.16 - 04.22,"frissen sütött pékáru | • sonkás-kukoricás vagy | • pepperónis | 140 g/darab | 2 635,71 Ft/kg",449,369,False,,Friss pékárú,58,2,10295ba720a6ceb871e60f8f551baeef811b8b8921bfe6c6e2e9076a0a475c41
Auchan,PANTASTICO! HOT DOG KIFLI,2026.04.16 - 04.22,"classic, 4 db/csomag, 250 g, 2316 Ft/kg, 1836 Ft/kg",579,459,False,,Friss pékárú,58,2,ee97b8f6322272e26b9e8dd8d0bb2cb4fa9edaf33dafc0f724cfc487061e4b2b
SPAR,S-BUDGET elősütött buci,2026.04.16 - 04.22,"lenmaggal csomagolt 360 g (1.608,33 Ft/1 kg)",699,579,False,,Friss pékárú,58,2,7e18952ef39418fa959271e62b0da3f3bfcec37a854941e53c820042710f2e3a
Auchan,Roberto ROBERTO GRANPIADA LEPÉNYKENYÉR,2026.04.16 - 04.22,"extra szűz olívaolajjal, 3 db/csomag, 330 g, 2724 Ft/kg, 2118 Ft/kg",899,699,False,,Friss pékárú,58,2,78336641e2109f92db676f801d299214f3a8f2b77e8e38774e6d0b7a97d7844b
Auchan,Schulstad SCHULSTAD GOURMET BOSTON HAMBURGERZSEMLE,2026.04.16 - 04.22,"324 g, 3083 Ft/kg, 2219 Ft/kg",999,719,False,,Friss pékárú,58,2,69bd6b06c59f20a61ac5cfa2301a4168d0d95c510e172815b6114b4361a73616
Lidl,SNACK DAY Tortilla wraps,2026.04.16 - 04.22,"Natúr / teljes kiőrlésű | 1 csomag vásárlása esetén: 649 Ft/csomag, 1 kg = 1755 Ft; | Legalább 2 csomag vásárlása esetén, minden második termék ára: 199 Ft/csomag, 1 kg = 538 Ft | 370 g",649,199,True,Lidl Plus alkalmazással,Egyéb pékárú,336,2,ec3699e106ddfdc6f1d2426cb35f533932c0c2397565296b94f942adb81fc28c
Auchan,OLD EL PASO GLUTÉNMENTES TORTILLA,2026.04.16 - 04.22,"6 db/csomag, 216 g, 8792 Ft/kg Bizalomkártyával: 6153 Ft/kg",1899,1329,True,Bizalomkártyával,Egyéb pékárú,336,2,06a9e1de28df442c863b482ff4ede662adbc5ac9103061478846964fb693539a
Auchan,KOLIOS K3 ZSEBES PITA,2026.04.16 - 04.22,"420 g, 3093 Ft/kg, 2021 Ft/kg",1299,849,False,,Egyéb pékárú,336,2,e672b4f0c5be76123f8944e6820fe62a065230e3b1f895c38f4848d96154bf3a
Auchan,TORTILLA MEXICANA TORTILLA,2026.04.16 - 04.22,"chia magos, 6 db/csomag, 390 g, 3203 Ft/kg, 2305 Ft/kg",1249,899,False,,Egyéb pékárú,336,2,ef867961b1db3be45dd3ca18e3602f82c03d70fd231fc8e72f8441e5d2aead18
Auchan,INCOLA GLUTÉN- ÉS LAKTÓZMENTES PITA,2026.04.16 - 04.22,"190 g, 6837 Ft/kg, 5468 Ft/kg",1299,1039,False,,Egyéb pékárú,336,2,89559ba33790e35ce778c32600a923d718704b16569656d3b5c2dc77c1f6dfdd
SPAR,Poco Loco lágy tortilla,2026.04.16 - 04.22,"csomagolt 320 g (3.746,88 Ft/1 kg)",1499,1199,False,,Egyéb pékárú,336,2,73533a349b5c7b57b8c1e7fe6a17a05b66754f264678d84f5af43b472c1da6dc
Lidl,TASTINO Bio ropogós kenyér,2026.04.16 - 04.22,Quinoával és magvakkal / goudával és tökmaggal / zabpehellyel és chia maggal 200 g; 1 kg = 3 745 Ft,999,749,True,Lidl Plus alkalmazással,Speciális pékárú,337,2,c0c73279d1834bb3884443cc80c8e591c9d01413ab6acd990a90d9bba98fac1e
Tesco,TUC Bake Rolls kétszersült,2026.04.16 - 04.22,"többféle, 80 g | 6738 Ft/1 kg | Clubcarddal: 5238 Ft/1 kg",539,419,True,Clubcarddal,Speciális pékárú,337,2,c7d9ca1a093e261709d4bcfb038d2cf2d3fa87281cc7b758919ce568b8f16a96
Auchan,CORNITO GLUTÉNMENTES TALLÉR,2026.04.16 - 04.22,"többféle, 100 g, 5790 Ft/kg, 4890 Ft/kg",579,489,False,,Speciális pékárú,337,2,f70efce9de8246b7c63884c0846ec96e08836b5b1fa0c38d8765372b7080afd0
Auchan,AUCHAN KEDVENC PISKÓTAROLÁD,2026.04.16 - 04.22,"6490 Ft/kg, 4990 Ft/kg",649,499,False,,Egyéb pékárú,338,2,8a937554bd1fdba3f6ebead420124eef32a4543fd9046a4cea512ae65dc6842f
Lidl,CHEF SELECT Hummusz,2026.04.20 - 04.22,Falafel & mangó / avokádókrémmel / piros pesto / szezámpasztával és paradicsomos készítménnyel | 220 g; 1 kg = 2041 Ft | 164805,749,449,True,Lidl Plus alkalmazással,Növényi kenhető krém,429,2,14b8af62bcc23cb8545231839711ea47d1b99b92ebb17bdfe84c8195e251cb95
Tesco,Paltsidis friss kenhető krém,2026.04.16 - 04.22,"többféle, 200 g 6495 Ft/1 kg Clubcarddal: 4995 Ft/1 kg",1299,999,True,Clubcarddal,Növényi kenhető krém,429,2,674ccd6ef34829489767d41dde0015e5b198ebc3d25792ae9c25a52c686cf8d4
ALDI,WONNEMEYER HUMMUSZ CSICSERIBORSÓ-PÜRÉ,2026.04.20 - 04.22,natúr vagy pikáns 200 g/tégely 1 595 Ft/kg,505,319,False,,Növényi kenhető krém,429,2,c96426b842ba15c9e765fcf4ccc2fed216507d7c3755d4a9547cac13d1c12f8b
Auchan,Ribella RIBELLA HUMMUS,2026.04.16 - 04.22,"natúr, 200 g, 4845 Ft/kg, 3390 Ft/kg",969,678,False,,Növényi kenhető krém,429,2,dfd8bb21205dcef5865e485c70cc14273d7a307305ea0b7de0990e4fa32c6a07
Auchan,Paltsidis PALTSIDIS PADLIZSÁNKRÉM,2026.04.16 - 04.22,"többféle, 200 g, 6995 Ft/kg, 4995 Ft/kg",1399,999,False,,Növényi kenhető krém,429,2,fce37ed880f8dda2cd501d684976afc09c4229d9f1fb5ad9b88117f74310f058
Auchan,CAULA TAPASNACK,2026.04.16 - 04.22,"120 g, 16658 Ft/kg, 13325 Ft/kg",1999,1599,False,,Növényi kenhető krém,429,2,9765567e03b42b9fa36b4561a3360268b1eb3f7ca32e1d1d6b8483a21fda38f0
Auchan,Aviko AVIKO GYORSFAGYASZTOTT BURGONYAKÖRET,2026.04.16 - 04.22,"többféle, 600 g, 2215 Ft/kg | Bizalomkártyával: 1665 Ft/kg",1329,999,True,Bizalomkártyával,Mirelit készétel,14,2,3a2ec69d73e853d705cc409561f9be4817d438ea14cefd964be1598cf4c7e43a
Lidl,CULINEA Mogyorókrémes nudli,2026.04.16 - 04.22,500 g; 1 kg = 1598 Ft,1149,799,True,Lidl Plus alkalmazással,Mirelit készétel,14,2,c5c20c352f43e75c246411af937948e0dff587230d45f7f45bec3ce2085344fb
Lidl,CULINEA Tavaszi tekercs,2026.04.16 - 04.22,Zöldségekkel / csirkével | 400 g; 1 kg = 1948 Ft,1199,779,True,Lidl Plus alkalmazással,Mirelit készétel,14,2,1653be5bbe7df638448176147026b0de6cd1ff7ca467e0435d7cc0d6b80c92a6
Tesco,Dr. Oetker Ristorante pizza,2026.04.02 - 04.22,"többféle, 320/355 g",1599,1099,True,Clubcarddal,Mirelit készétel,14,2,b66cd31d1f3ae3a2a1893815007ac6a73240558a474807a0daa07a3705b5dcbd
SPAR,Doro pizza,2026.04.16 - 04.22,gyorsfagyasztott 300 g (1.530 Ft/1 kg),549,459,False,,Mirelit készétel,14,2,a7870e264aa834d1bd384c099a4a580372c90e8c4221684e2d58dd0060f2e605
SPAR,Come a Casa lasagne,2026.04.16 - 04.22,"Bolognese, spenótos-ricottás; csomagolt 400 g (2.747,50 Ft/1 kg)",1299,1099,False,,Mirelit készétel,14,2,6a22efc83f075c8d3edd866eb894756a9ac2183d517c0d9a20768ca1a7d2a93e
Auchan,COME A CASA LASAGNE BOLOGNESE,2026.04.16 - 04.22,"900 g, 2443 Ft/kg, 1999 Ft/kg",2199,1799,False,,Mirelit készétel,14,2,81d491cb8369e610543e17d7e5fbbf7e5023a6ee57d0f58d65ad2db397985a54
Tesco,Herz karaj vagy sonka,2026.04.02 - 04.22,"többféle, 90 g",849,499,True,Clubcarddal,Felvágott/kolbász/szalámi,33,2,ea0eeac2f8ef18747757006b8fa2f23c86427118fe71b9edbda98dc709c6ddcb
Tesco,Wein fekete-erdei sonka,2026.04.02 - 04.22,100 g,899,659,True,Clubcarddal,Felvágott/kolbász/szalámi,33,2,6fc02b0a908eeca0c5cf87cd983bba77bfabef77ed731994c6e47f4fd0f6db36
Tesco,Pick Rákóczi szalámi,2026.04.02 - 04.22,400 g,3435,2189,True,Clubcarddal,Felvágott/kolbász/szalámi,33,2,7ffc844ab1289465db86007067c82ebf692ced6a71d29fd086b581a06e409994
Auchan,Wein WEIN FEKETEERDEI SONKA,2026.04.16 - 04.22,"szeletelt, 100 g, 7590 Ft/kg | Bizalomkártyával: 5990 Ft/kg",759,599,True,Bizalomkártyával,Felvágott/kolbász/szalámi,33,2,4482b816f611c73f2ea2965b5b16d2ef646019a030b67833ef704f8b1435abe3
Tesco,Kaiser szalámi,2026.04.16 - 04.22,"többféle, 75 g 11320 Ft/1 kg Clubcarddal: 8253 Ft/1 kg A termék a következő áruházainkban nem kapható: Gyula, Szentes.",849,619,True,Clubcarddal,Felvágott/kolbász/szalámi,33,2,342b7c26466f300d184266b13135a48ccee506429b61a88455ecbd51f434434b
Tesco,Nádudvari debreceni,2026.04.16 - 04.22,"többféle, 300 g 4663 Ft/1 kg Clubcarddal: 3330 Ft/1 kg",1399,999,True,Clubcarddal,Felvágott/kolbász/szalámi,33,2,43a2eadac7460930dd04182814beec311b311f62e1e7d25e38b386e8e57d114f
Tesco,Wiesbauer Prémium bécsi virsli,2026.04.16 - 04.22,400 g 4998 Ft/1 kg Clubcarddal: 3498 Ft/1 kg,1999,1399,True,Clubcarddal,Felvágott/kolbász/szalámi,33,2,08036789497919124dfc61a52d2b24f645c41c31a1ab798f21f2d3ce07b966f0
Tesco,Privát Hús vastagkolbász,2026.04.16 - 04.22,"kétféle, 500 g 4998 Ft/1 kg Clubcarddal: 3998 Ft/1 kg",2499,1999,True,Clubcarddal,Felvágott/kolbász/szalámi,33,2,7f2cccf890614566ee24ecf242fc4a49bcbc44ced11a9ea2eb920180367f5066
Tesco,"Kometa Kemencés sült csülök, tarja, sonka vagy karaj",2026.04.06 - 05.24,90/100 g 8878/7990 Ft/1 kg Clubcarddal: 6100/5490 Ft/1 kg,799,549,True,Clubcarddal,Felvágott/kolbász/szalámi,33,2,8e3bea9b9eb84bf6ee0804447a0061ca55e4048ba00f77f616a0f4c83db20499
SPAR,Regnum debreceni,2026.04.16 - 04.22,a kiszolgálópultban (3.990 Ft/1 kg),399,299,True,Supershop kártyával,Felvágott/kolbász/szalámi,33,2,00dbdbd769c1a261ba16d71a4db88fc8a4d1b6bafea07f0fa0ea46c651dee2a6
SPAR,Regnum fokhagymás szelet,2026.04.16 - 04.22,a kiszolgálópultban (3.990 Ft/1 kg),399,299,True,Supershop kártyával,Felvágott/kolbász/szalámi,33,2,1a3c13d8f417ae40b727444f4f8aed1e0a786c2f41c57215b5173725da931d20
SPAR,Regnum Zala felvágott,2026.04.16 - 04.22,a kiszolgálópultban (3.290 Ft/1 kg),329,259,True,Supershop kártyával,Felvágott/kolbász/szalámi,33,2,bcf7c1f26d1853530f557d80f3462fcf34628c740da1d7c38c98a9f534fec2fb
SPAR,"Regnum extra sonka, prágai sonka, csemegekaraj",2026.04.16 - 04.22,"szeletelt, csomagolt 100 g (5.690 Ft/1 kg)",569,449,True,Supershop kártyával,Felvágott/kolbász/szalámi,33,2,efeb6458b0b64f2694c792210a47bf05e1e402febf867d3f0dd93a7508a46aef
SPAR,eFeF pulyka szendvicscsemege paprikás ízű bevonattal,2026.04.16 - 04.22,a kiszolgálópultban (4.290 Ft/1 kg),429,329,True,Supershop kártyával,Felvágott/kolbász/szalámi,33,2,429076450f9587d980a443b4cc9c2159defc1ed2fe0e4e39dcec419acd2eda86
ALDI,"Hazait, szeretettel SZÁRNYAS CSEMEGE",2026.04.20 - 04.22,csirkemell vagy pulykacomb 100 g/csomag 2 290 Ft/kg,325,229,False,,Felvágott/kolbász/szalámi,33,2,1d5c6ee95a110f26e3c528d24acb8b9bdab3e78e1c99400cb6100a80bc4ee658
Lidl,PIKOK Csirkemell szendvics csemege,2026.04.20 - 04.22,100 g; 1 kg = 2390 Ft,325,239,False,,Felvágott/kolbász/szalámi,33,2,9a3899ba9b0aa8d4edd79ec4b1e4add6f1c9601e01387bbc86eb53272dd75725
Tesco,Pick műbeles virsli,2026.04.02 - 04.22,"csemegepultban kapható | A termék a következő áruházainkban nem kapható: Budapest: Soroksári út, vidék: Berettyóújfalu, Nagykőrös, Gyula, Szarvas.",435,249,False,,Felvágott/kolbász/szalámi,33,2,0fd3abae47d0a6c1c9ab0f1d4863a3da25e257041d4389579d2dc2e7047ab72c
Tesco,"Platán Olasz, Zala vagy Fokhagymás felvágott",2026.04.02 - 04.22,csemegepultban kapható | A termék a csemegepulttal rendelkező áruházainkban kapható.,329,259,False,,Felvágott/kolbász/szalámi,33,2,89c94541a569c6e23591e6c6c7ae4cc1edac84959e7163fbee74cb144668159a
Auchan,Nádudvari NÁDUDVARI DEBRECENI PÁROS KOLBÁSZ,2026.04.16 - 04.22,"3990 Ft/kg, 2890 Ft/kg, csemege vagy csípős, csemegepultban kapható",399,289,False,,Felvágott/kolbász/szalámi,33,2,402210a4d7a163d2897a5786fbbf2e6c845b555731cb8dc643777a61bd20537d
SPAR,Regnum frankfurti virsli,2026.04.16 - 04.22,a kiszolgálópultban (2.990 Ft/1 kg),379,299,False,,Felvágott/kolbász/szalámi,33,2,ed803a708ebe247aa50bd535fc0de790e8b4325ea72b53b0e55658f53db7b771
SPAR,Master Good sajtos tavaszi rolád,2026.04.16 - 04.22,a kiszolgálópultban (2.990 Ft/1 kg),379,299,False,,Felvágott/kolbász/szalámi,33,2,0b01b41131c4328f0b1e581147a643c76311afa0fd2bd9e2f3e89258b71cc0e8
ALDI,"Hazait, szeretettel TÁTRA SZELET",2026.04.20 - 04.22,csemege vagy paprikás 100 g/csomag 2 990 Ft/kg,345,299,False,,Felvágott/kolbász/szalámi,33,2,10b45c69322b46ea96801a67b5cc35c30149d9b11c5b786a958fc61079815170
SPAR,Toscan sajtos szelet,2026.04.16 - 04.22,a kiszolgálópultban (3.390 Ft/1 kg),429,339,False,,Felvágott/kolbász/szalámi,33,2,3f458243126651aaaf3a51c6c6cc42b8d375b38edd7dc61f2a3e6282d7bf0dd4
Tesco,Kaiser csemege- vagy paprikás szalámi,2026.04.16 - 04.22,csemegepultban kapható 3790 Ft/1 kg A termék a gyulai áruházunkban nem kapható.,499,379,False,,Felvágott/kolbász/szalámi,33,2,f868aaccd191ad297f3c8f72a433f310226a2c034968b61e96ee4755b9bc1ca1
Tesco,"Szentandrási paprikás, pulyka vastagkolbász",2026.04.16 - 04.22,"csemegepultban kapható 3990 Ft/1 kg A termék a következő áruházainkban nem kapható: Gyula, Hajdúszoboszló.",499,399,False,,Felvágott/kolbász/szalámi,33,2,698f8aa8ff38790b4155033a04297f1bcf0d83e0ae874efb0ce6292f9b3f0839
SPAR,Pápai extra sonka,2026.04.16 - 04.22,a kiszolgálópultban (3.990 Ft/1 kg),529,399,False,,Felvágott/kolbász/szalámi,33,2,e47480ebfdf1f487865990809eda715501c8d5c78ceb50ade32eb756987a2b25
SPAR,Pick Pickolino virsli,2026.04.16 - 04.22,"csomagolt 140 g (3.135,71 Ft/1 kg)",675,439,False,,Felvágott/kolbász/szalámi,33,2,1e729dc969ea47186918674e52bf358faa3998713749c01ced79fbbc3d223d31
SPAR,Regnum Gusto sonka,2026.04.16 - 04.22,a kiszolgálópultban (4.490 Ft/1 kg),569,449,False,,Felvágott/kolbász/szalámi,33,2,c7296e7574c92c8e984a97f04adfb59253960c409c3b8f56353c43c28b407f40
SPAR,"Regnum Turist, sajtos Turist",2026.04.16 - 04.22,"szeletelt, csomagolt 100 g (4.490 Ft/1 kg)",579,449,False,,Felvágott/kolbász/szalámi,33,2,d5a0b25c187ed29ffc3406852dab1c34f2d06c0e3dfbc3360536b4f61d1eedc8
SPAR,Csabai lángolt kolbász,2026.04.16 - 04.22,a kiszolgálópultban (4.490 Ft/1 kg),599,449,False,,Felvágott/kolbász/szalámi,33,2,6b556b7eca5e5aeca6fb581f7da68635a34fd3757c38317cacbe811ea060dd7a
Auchan,Tauris TAURIS PREMIER SÜLT SONKA,2026.04.16 - 04.22,"6690 Ft/kg, 4690 Ft/kg, csemegepultban kapható",669,469,False,,Felvágott/kolbász/szalámi,33,2,8bb9ed96865cf38b13af72422f06bc51c2f0ec7ade9f921a7bbd8fb8ce1aff4a
ALDI,SZELETELT KOLBÁSZ,2026.04.16 - 04.22,• gyulai vagy | • csabai | 100 g/csomag | 5 290 Ft/kg,669,529,False,,Felvágott/kolbász/szalámi,33,2,e86a34ace60897c742a3bf93cae837f3dd22c2837aaa59a7c1cd5b337e8e876d
Auchan,ORSI SAJTOS VAGY BAROMFI KLASSZIK,2026.04.16 - 04.22,"240 g, 3329 Ft/kg, 2288 Ft/kg",799,549,False,,Felvágott/kolbász/szalámi,33,2,0acdb351e98d282d0eaeb394814f4363e1f94a159aedf75758328d73f1106d71
SPAR,Master Good selyemsonka,2026.04.16 - 04.22,"szeletelt, csomagolt 100 g (5.490 Ft/1 kg) 80 g (6.862,50 Ft/1 kg)",739,549,False,,Felvágott/kolbász/szalámi,33,2,27d80459d8967d2e8de7a825614470dfea915a8e2aedd432e509dbcc14864fbb
Auchan,Auchan AUCHAN KEDVENC FRANCIA VAGY PRÁGAI MINŐSÉGI SONKA,2026.04.16 - 04.22,"100 g, 6990 Ft/kg, 5590 Ft/kg",699,559,False,,Felvágott/kolbász/szalámi,33,2,35d28861c927fb19b5a61266849e7a7a4474560dc9e64231ebaf742ae1804583
SPAR,Pick téliszalámi,2026.04.16 - 04.22,"szeletelt, csomagolt 70 g (8.557,14 Ft/1 kg)",899,599,False,,Felvágott/kolbász/szalámi,33,2,45438c4ddc6057497b8cf0031ef6019f9a9aa5610ec0ffa332a0f4e674e9833d
Auchan,Auchan AUCHAN KEDVENC SZELETELT TÉLISZALÁMI,2026.04.16 - 04.22,"csemege vagy paprikás, 70 g, 10700 Ft/kg, 8557 Ft/kg",749,599,False,,Felvágott/kolbász/szalámi,33,2,ce3241ec496efd6ed6bd2d4267dccc545db70dd8f7a03ea994bc21fada0b1cd6
Lidl,PIKOK PURE Bécsi juhbélben,2026.04.16 - 04.22,200 g; 1 kg = 3795 Ft,899,759,False,,Felvágott/kolbász/szalámi,33,2,2f9e5346d5200cfeebe6a5b2304bd09c73fff2c81ac024604fa85701e852ae31
SPAR,"Chianti Salumi Spianata Piccante, Romana",2026.04.16 - 04.22,"szeletelt, csomagolt 80 g (9.987,50 Ft/1 kg)",999,799,False,,Felvágott/kolbász/szalámi,33,2,2b5115e201d8c4166348aadce1652236c9a70f306a9cf70d5500fa2bd21e8de6
ALDI,MASTER GOOD FÜSTLI,2026.04.20 - 04.22,"klasszikus vagy sajtos 280 g/csomag 2 853,57 Ft/kg",1119,799,False,,Felvágott/kolbász/szalámi,33,2,72bea97162411513b54474727f5003444f2c60c1a709c33b26a94b44bf5eedea
Auchan,GIERLINGER PRÉMIUM MINI BERNER VIRSLI,2026.04.16 - 04.22,"6 db/csomag, 300 g, 4663 Ft/kg, 4197 Ft/kg",1399,1259,False,,Felvágott/kolbász/szalámi,33,2,c76648dc4a371384393be27ce9c62b7af00d67b390cf437a4a809caacdd5c91e
Auchan,BOGÁDI SERPENYŐS KOLBÁSZ,2026.04.16 - 04.22,"többféle, 300 g, 4997 Ft/kg, 4330 Ft/kg",1499,1299,False,,Felvágott/kolbász/szalámi,33,2,17a759ee860a7ba25faf9485bfcd2f45f43fd374a73d5b3c848bcf3207cc6ba2
Auchan,Auchan AUCHAN KEDVENC DEBRECENI,2026.04.16 - 04.22,"csemege vagy csípős, 300 g, 4997 Ft/kg, 4330 Ft/kg",1499,1299,False,,Felvágott/kolbász/szalámi,33,2,d31d2f7d5db58f236b6694abad0cb359fa3edb0185731334c80658970e09001a
Auchan,ALFÖLDI BAROMFI PÁLCIKA,2026.04.16 - 04.22,"füstölt, főtt, 1000 g",1759,1299,False,,Felvágott/kolbász/szalámi,33,2,fe0872b5130ad433301b7b46d43cf5520399dda7550ab2b588e34b72bcf8565c
Auchan,ALFÖLDI SERTÉS VIRSLI,2026.04.16 - 04.22,"83% hústartalom, 750 g, 2665 Ft/kg, 2265 Ft/kg",1999,1699,False,,Felvágott/kolbász/szalámi,33,2,9bb2836f70260602b6e0bf1a67d5b7fd551b45c66c9a94054254aad314e1385e
Auchan,ORSI FRANKFURTI,2026.04.16 - 04.22,"natúr, 1000 g",2999,1799,False,,Felvágott/kolbász/szalámi,33,2,66135ab3d09ad689e124e95e6e27f3c5e29a0c588e2482f9256d8681e07d6253
SPAR,Csabai mangalicakolbász,2026.04.16 - 04.22,csomagolt 200 g (9.995 Ft/1 kg),2599,1999,False,,Felvágott/kolbász/szalámi,33,2,8d86488a33953a58d307433c5b061d67c4c9b3354f60882e42dab18f2164ac57
SPAR,Pick Rákóczi szalámi,2026.04.16 - 04.22,"csomagolt 750 g (6.653,33 Ft/1 kg)",6549,4990,False,,Felvágott/kolbász/szalámi,33,2,7502207df44bf2c71f1a16531f777ae3895fd73d1cc91667b6257c065173b4d3
Auchan,Pick PICK RÁKÓCZI SZALÁMI,2026.04.16 - 04.22,"Ft/db, többféle, 750 g, 8732 Ft/kg, 6665 Ft/kg",6549,4999,False,,Felvágott/kolbász/szalámi,33,2,6dd4d1b3ec566febdb1346f42862d147e5bd843cc6164ce4e5caee202d79eac9
SPAR,Semec sertéstepertő,2026.04.16 - 04.22,csomagolt 200 g (4.745 Ft/1 kg),1199,949,False,,Zsír,166,2,6f48028257d91a1c80761a029daba35f4ca035060a977da4e6a8efb932493162
Auchan,"Szatmári SZATMÁRI HÁZI, ÉTKEZÉSI TEPERTŐ",2026.04.16 - 04.22,"250 g, 7996 Ft/kg, 4796 Ft/kg",1999,1199,False,,Zsír,166,2,1eba14cba7818f0396bd52bc7c6a98a18d5e3f9791ec9a03aff213f7364f2338
Auchan,Hízóföld HÍZÓFÖLD FÜSTÖLT KOLOZSVÁRI SZALONNA,2026.04.16 - 04.22,"500 g, 5398 Ft/kg Bizalomkártyával: 4598 Ft/kg",2699,2299,True,Bizalomkártyával,Szalonna,175,2,aac11a8b4b08e92f2e48c4af3388b398af7ff5c5ee91499820898408c0a62728
Tesco,Privát Hús füstölt baconszalonna,2026.04.02 - 04.22,150 g,849,769,True,Clubcarddal,Szalonna,175,2,186aaa955eb6c048e00dd37d8c35364e3fe8329fcfddc4e01871d05df19250ec
Tesco,LE&CO füstölt-főtt császárszalonna,2026.04.02 - 04.22,200 g,1399,999,True,Clubcarddal,Szalonna,175,2,790a132e01b5e3f0d1551e74f9ef05da77f1c05e55d9596a3235883984800f28
Lidl,PIKOK Kockázott bacon,2026.04.20 - 04.22,Füstölt | 500 g; 1 kg = 1938 Ft,1219,969,True,Lidl Plus alkalmazással,Szalonna,175,2,a788e5a163825c69451659cb4722799b2b9eb00b65b9aa87548f5ecb3e2d9cb6
Tesco,Kometa Kemencés sült császárszalonna,2026.04.06 - 05.24,200 g 8445 Ft/1 kg Clubcarddal: 5995 Ft/1 kg,1689,1199,True,Clubcarddal,Szalonna,175,2,fb35be775641b4e9b325e848b90b3043a786bb7f7790c8a83f822b0eb386f79a
SPAR,Tulip kockázott bacon,2026.04.16 - 04.22,csomagolt 2x100 g (6.495 Ft/1 kg),1299,999,True,Supershop kártyával,Szalonna,175,2,9d19bf711e86e3a1e990e34fc8f397190b7c40772510f7f61c3b830ee1bd9d40
SPAR,Pápai füstölt bacon,2026.04.16 - 04.22,"szeletelt, csomagolt 200 g (6.995 Ft/1 kg)",1399,999,True,Supershop kártyával,Szalonna,175,2,203a6b5dcec7069c2ec123d19ec5f0f14d47821fc2b9cb7277b8dc2a957aae71
Auchan,Régimódi RÉGIMÓDI CSEMEGESZALONNA,2026.04.16 - 04.22,"3790 Ft/kg, 2690 Ft/kg, csemegepultban kapható",379,269,False,,Szalonna,175,2,bbfd0595272ac85ed2018428384ca9210529818fc729ca1e799f26daeaedf214
Tesco,Csécsi szalonna*,2026.04.16 - 04.22,csemegepultban kapható 2790 Ft/1 kg,399,279,False,,Szalonna,175,2,92885dd02e604ffb52dfa506eda59ffd6f35f0b0d47a924d316962df7ebaa3db
SPAR,Regnum erdélyi szalonna,2026.04.16 - 04.22,"a kiszolgálópultban és darabolt, csomagolt kiszerelésben is kapható (2.790 Ft/1 kg)",349,279,False,,Szalonna,175,2,d063d4d6c9d01feb4becafa99c7e6125326d63aef0afc3d5b9427429c4e3ef51
Lidl,"PIKOK PURE Főtt, füstölt császárszalonna",2026.04.16 - 04.22,100 g; 1 kg = 4830 Ft,569,483,False,,Szalonna,175,2,7fb660108b7b11ba8dd5a72879a592a5cfc68b35489c7d974abaa108fee4854d
Lidl,PIKOK PURE Füstölt hátszalonna,2026.04.16 - 04.22,Változó kiszerelésben kapható /kg,2399,2039,False,,Szalonna,175,2,9b6d28af2f4e7466a34d9ec0b2625a6ee4257c8b235893fed7ec309a8f70cc6c
Auchan,Hegedűs-Hús HEGEDŰS-HÚS SÓS MANGALICA SZALONNA,2026.04.16 - 04.22,"600 g, 4832 Ft/kg, 3832 Ft/kg",2899,2299,False,,Szalonna,175,2,98fbab6241c440b19e290958fa21d500fc9827623d7d88c970cf1541b9492e8c
Auchan,Sarud-Hús SARUD-HÚS KOLOZSVÁRI SZALONNA,2026.04.16 - 04.22,"600 g, 4332 Ft/kg, önkiszolgáló részlegen kapható",3499,2599,False,,Szalonna,175,2,095966509dba84a4af50bd9e9cf02b9540fa0e324543f993d320cc7f665a6229
Tesco,Tesco hűtött készétel,2026.04.02 - 04.22,"többféle, 400 g",1459,1099,True,Clubcarddal,Hidegkonyha,431,2,b9c80c7172ed244435769f817e31c22e31f23f60b91049783d28505cbb939de7
ALDI,SNACK TIME SUSHI BOX,2026.04.16 - 04.22,"többféle 220 g, 210 g vagy 200 g/doboz 5 540,91 / 5 804,76 / 6 095 Ft/kg",1499,1219,False,,Hidegkonyha,431,2,64ebe2709c0b407727fb81ea0f9005a68f3e10c468e5c91cb92319bfa7691e34
Auchan,COME A CASA SPAGHETTI CARBONARA,2026.04.16 - 04.22,"400 g, 4498 Ft/kg, 3398 Ft/kg",1799,1359,False,,Hidegkonyha,431,2,040e07f81461ea1685564c2034892091008844fbc1c2268484806b4c0ef8227a
SPAR,SPAR enjoy. svéd kukoricasaláta,2026.04.16 - 04.22,"csomagolt; az önkiszolgálópultban 300 g (2.496,67 Ft/1 kg)",949,749,False,,Hidegkonyha,432,2,918bbe6d016da9dedc418afea90802e5ff47fa2af7d53808498059fd333cbf89
Auchan,FANAN MAJONÉZES PADLIZSÁNSALÁTA,2026.04.16 - 04.22,"200 g, 5745 Ft/kg, 4495 Ft/kg",1149,899,False,,Hidegkonyha,432,2,a554e27581c3d0379f419f90644553d40fbc7149331e2d6069245320390b09e8
Auchan,PALTSIDIS TRADÍCIONÁLIS TZATZIKI,2026.04.16 - 04.22,"200 g, 6995 Ft/kg, 4995 Ft/kg",1399,999,False,,Hidegkonyha,432,2,216683b3e2b83457c6e694e0d7aa34217cf118dd0a334ed2590070c16ae44e1b
Auchan,RIO MARE INSALATISSIME,2026.04.16 - 04.22,"többféle, 160 g | 1 db: 1999 Ft, 12494 Ft/kg | 2 db: 2398 Ft, 7494 Ft/kg",1999,1199,False,,Hidegkonyha,432,2,6b17863c93045ddeb34c08999469919bfb8eb3734960531ccf2925c9e5379bbf
Auchan,Thallo Food THALLO FOOD FRANCIA- VAGY MAJONÉZES BURGONYASALÁTA,2026.04.16 - 04.22,1000 g,1999,1399,False,,Hidegkonyha,432,2,a4a64a872031768db438a0fda5ddbb7c3c7a1cadb935c78b619b5cfcb6971619
SPAR,SPAR enjoy. tavaszi tormás bagett,2026.04.16 - 04.22,csomagolt 1 db,1099,799,True,Supershop kártyával,Hidegkonyha,433,2,30eb92d3df552599740ccb69aafb2deb3dbdbb265c2c14165aae8a1342aba550
Tesco,Piroska XXL gyümölcsszörp,2026.04.16 - 04.22,"többféle, 2 l | 745 Ft/1 l | Clubcarddal: | 500 Ft/1 l | + visszaváltási díj: | 50 Ft/db",1489,999,True,Clubcarddal,Szörp,416,2,ff454825091c8354a3ce7e19d53618827a59d129dd0dc9e2aaefb36e67dc19fb
Auchan,Piroska FITT PIROSKA SZÖRP,2026.04.16 - 04.22,"Ft/db, többféle, 0,7 l, 1456 Ft/l, 1070 Ft/l",1019,749,False,,Szörp,416,2,a11e2a251ec797bc98e86153a94c7e256791d7b5849a7ba4f71c482df01bab8e
Auchan,Auchan AUCHAN KEDVENC NARANCSLÉ,2026.04.16 - 04.22,"100%, 1 l, 789 Ft/l Bizalomkártyával: 699 Ft/l",789,699,True,Bizalomkártyával,Gyümölcslé,418,2,95c2c697cf8bb1494891b24ce3fbadb1a4d02963de3b8b38bea4ca911c191ca2
SPAR,SPAR almalé,2026.04.16 - 04.22,100%-os gyümölcstartalom 1 l,469,349,True,Supershop kártyával,Gyümölcslé,418,2,10978a43f9dab3f654c2c272c9fb3b4afae33cd24d8be163bbb629f14ad1bb26
Tesco,Hey-Ho gyümölcsital,2026.04.16 - 04.22,"többféle, 1 l",719,475,True,Clubcarddal,Gyümölcslé,418,2,ce5d65640ff120bd39bca6952f46a91752016bc9a4309b74c90664fe1e3d2177
Tesco,Topjoy gyümölcsital,2026.04.16 - 04.22,"többféle, 1,5 l | 513 Ft/1 l | Clubcarddal: 346 Ft/1 l | + visszaváltási díj: 50 Ft/db",769,519,True,Clubcarddal,Gyümölcslé,418,2,5b3203d6fb0d3d38fe682f8c0d3f5f5a744d957d59f94d69524fc0d07c5db463
ALDI,RIO DORO ROSTOS GYÜMÖLCSLÉ,2026.04.20 - 04.22,100 % gyümölcstartalom • alma vagy • körte 1 l/doboz 395 Ft/l,529,395,False,,Gyümölcslé,418,2,dd7f3ded1e41b8aa1c37d37f968ab1ac490969d7c2c42e61d74f0dcf08e55050
Auchan,Sió SIÓ ZERO GYÜMÖLCSITAL,2026.04.16 - 04.22,"többféle, 12-20%, 1 l 1 db: 599 Ft, 599 Ft/l 2 db: 1058 Ft, 529 Ft/l",599,529,False,,Gyümölcslé,418,2,bc49eae27accba5647061c1ddce58d4757b4afb0458a111c6ff61728887d8189
Auchan,Hey-Ho HEY-HO GYÜMÖLCSITAL,2026.04.16 - 04.22,"többféle, 20-25%, 1 l 1 db: 689 Ft, 689 Ft/l 2 db: 1098 Ft, 549 Ft/l",689,549,False,,Gyümölcslé,418,2,7dafa4c5857a684efbe10ef8db3e0896ab9364dd59530b65eb6c6142a581789c
Auchan,Rauch RAUCH HAPPY DAY GYÜMÖLCSLÉ,2026.04.16 - 04.22,"többféle, 25-100%, 1 l 1 db: 999 Ft, 999 Ft/l 2 db: 1298 Ft, 649 Ft/l Az ajánlat a Rauch happy day mangó, gránátalma, amarena-kirsche és ananász ízű gyümölcslevek nem vonatkozik.",999,649,False,,Gyümölcslé,418,2,701db09c35e2491ce4a1c867fe50e1480e6863c46918c56ad869ddaa129a7777
Lidl,SOLEVITA Ananászlé,2026.04.16 - 04.22,Gyümölcstartalom: 100% | 1 l | 6411125,799,679,False,,Gyümölcslé,418,2,d42ba3b5b5f17902d0a4ff844eb42ce89cbb9b0f67a366936ad2e40089f59283
Auchan,Hohes C HOHES C GYÜMÖLCSLÉ,2026.04.16 - 04.22,"100%, narancs, narancs-mangó vagy antioxidáns, 0,75 l, 2665 Ft/l, 1732 Ft/l + visszaváltási díj 50 Ft",1999,1299,False,,Gyümölcslé,418,2,5f0a7f8a27b216726977b18baa6faa5480b3d267fbd1d829fa3cee301874b8bb
Lidl,SOLEVITA Paradicsomlé,2026.04.16 - 04.22,Gyümölcstartalom: 100% | 1 l | 2360,389,319,True,Lidl Plus alkalmazással,Zöldséglé,419,2,2186064a7d710b0b3e79021bca2a74b10b2e810ade66aeaacc625add1c27c042
Auchan,Golden Valley GOLDEN VALLEY CÉKLALÉ,2026.04.16 - 04.22,"100%, 1 l, 649 Ft/l Bizalomkártyával: 549 Ft/l",649,549,True,Bizalomkártyával,Zöldséglé,419,2,6af25d357aec0052c5806b106f1c8ee9e602f3ebd2be65e02c06adb4f0ac71ca
Tesco,Biopont bio zöldséglé,2026.04.16 - 04.22,"többféle, 0,75 l, 2665 Ft/1 l, Clubcarddal: 2399 Ft/1 l, + visszaváltási díj: 50 Ft/db, bio, organic. A feltüntetett ár a visszaváltási díjat nem tartalmazza.",1999,1799,True,Clubcarddal,Zöldséglé,419,2,f537f65bad05bb7d9e6b64bd2fcb4e7f4708518bd830d1cf3c4e655fc7de0490
Tesco,Limenita smoothie,2026.04.16 - 04.22,"többféle, 250 ml, 3276 Ft/1 l, Clubcarddal: 2596 Ft/1 l, + visszaváltási díj: 50 Ft/db. A feltüntetett ár a visszaváltási díjat nem tartalmazza.",819,649,True,Clubcarddal,Smoothie,423,2,8550c821f043014c2e2c2af4aff585bf1cf73bc5e9d6968b2f3f7752564bb5b8
Auchan,Auchan AUCHAN KEDVENC SMOOTHIE,2026.04.16 - 04.22,"többféle, 200 ml, 2995 Ft/l, 2495 Ft/l + visszaváltási díj 50 Ft",599,499,False,,Smoothie,423,2,790f278233f798df51937932277b5ceb5e83bb2e4269453eb966662ecfad23a9
Tesco,Milford gyümölcstea,2026.04.16 - 04.22,"Többféle 20x2g - 20x2,5g",699,1659,False,,Tea,56,2,fa529a108ccad8032d062cb1f138f6b882850d77297c7ab7acdcebb87b503108
Auchan,Apenta APENTA SZÉNSAVAS ÜDÍTŐITAL VAGY ÍZESÍTETT VÍZ,2026.04.16 - 04.22,"többféle, 1,5 l, 299 Ft/l + visszaváltási díj 50 Ft Bizalomkártyával: 246 Ft/l",449,369,True,Bizalomkártyával,Szénsavas,413,3,ccedc7c46abf5a4ef66126e9c0352cbb754f098daad80e8fe99d60eb8d23fca0
Auchan,"Coca-Cola COCA-COLA, COKE ZERO, CHERRY COKE VAGY FANTA NARANCS SZÉNSAVAS DOBOZOS ÜDÍTŐITAL",2026.04.16 - 04.22,"4x330 ml, 893 Ft/l + visszaváltási díj 50 Ft Bizalomkártyával: 757 Ft/l",1179,999,True,Bizalomkártyával,Szénsavas,413,3,ffe21cdca6cfff766660ac898aa1764da4876ded815070773c3bd35ff3948100
Auchan,"Xixo XIXO DOBOZOS ÜDÍTŐITAL, ICE TEA VAGY LIMONÁDÉ",2026.04.16 - 04.22,"többféle, 0,25 l, 876 Ft/l + visszaváltási díj 50 Ft Bizalomkártyával: 596 Ft/l",219,149,True,Bizalomkártyával,Szénsavas,413,3,a50bf612971971d9cc7e97938bec3ff22abbe8ed848b5ea2d83c75165ba12bfd
SPAR,"Coca-Cola, Coca-Cola Zero, Fanta szénsavas üdítőital",2026.04.16 - 04.22,"2,25 l (408,44 Ft/1 l) (+visszaváltási díj: 50 Ft)",919,689,True,Supershop kártyával,Szénsavas,413,3,c4dc5c5226e1515f4f701ca5eaae1fa74183c742be94f3021dcbcf300c24a492
Tesco,Apenta vagy Apenta light szénsavas üdítőital,2026.04.16 - 04.22,"többféle, 1,5 l | 286 Ft/1 l | Clubcarddal: 226 Ft/1 l | + visszaváltási díj: 50 Ft/db",429,339,True,Clubcarddal,Szénsavas,413,3,79a96619ca36b537952c47b5666bac1dda728b517ee513b1a416648551017ae7
Tesco,Pepsi szénsavas üdítőital,2026.04.16 - 04.22,"többféle, 1,5 l | 439 Ft/1 l | Clubcarddal: 359 Ft/1 l | + visszaváltási díj: 50 Ft/db",659,539,True,Clubcarddal,Szénsavas,413,3,0529de22599ba0c8a890d15500ade0712b9299669cacb0007e98397c1e95d0e4
Auchan,"Coca-Cola, Fanta COCA-COLA, COKE ZÉRÓ VAGY FANTA NARANCS SZÉNSAVAS ÜDÍTŐITAL",2026.04.16 - 04.22,"2x1,75 l, 408 Ft/l + visszaváltási díj 2x50 Ft",1429,1249,True,Bizalomkártyával,Szénsavas,413,3,dfeaaa5f1799f759275bc412bafb1add5b055ed96ee6c6184bfdbbf1badadc92
ALDI,XIXO SZÉNSAVAS ÜDÍTŐITAL,2026.04.20 - 04.22,"többféle | 0,25 l/doboz | 556 Ft/l | 737547 | cola zero: hozzáadott cukor nélkül | + visszaváltási díj: 50 Ft",219,139,False,,Szénsavas,413,3,346e4a44f88cf9e3ab90c1c4db7fb8058cb6811714c02bcf16eb485c8e1efe00
Auchan,Márka MÁRKA SZÉNSAVAS ÜDÍTŐITAL VAGY LIMONÁDÉ,2026.04.16 - 04.22,"többféle, 2 l + visszaváltási díj 50 Ft 1 db: 499 Ft, 250 Ft/l 2 db: 698 Ft, 175 Ft/l",499,349,False,,Szénsavas,413,3,a62bb147296c06b69e3448130b8f92f00e5e861447fea0c71e46f00fb8fa6779
Auchan,Pepsi PEPSI SZÉNSAVAS ÜDÍTŐITAL,2026.04.16 - 04.22,"többféle, 2 l + visszaváltási díj 50 Ft",759,649,False,,Szénsavas,413,3,ec568ae852758e2540b46913db1ea09ce5b8f29b67c7d96a1b530787e8622498
SPAR,XIXO Ice Tea,2026.04.16 - 04.22,"1,5 l (299,33 Ft/1 l) (+visszaváltási díj: 50 Ft)",449,336,True,Supershop kártyával,Szénsavmentes,414,3,93f88355dea844d7660e6a9f53c0da0c8cfcb2853bf0cc92f29db16ec131cbfe
Tesco,Rauch MyTea ice tea,2026.04.16 - 04.22,"többféle, 1,5 l | 466 Ft/1 l | Clubcarddal: 266 Ft/1 l | + visszaváltási díj: 50 Ft/db",699,399,True,Clubcarddal,Szénsavmentes,414,3,ec8a76deb126ec489c9989e46c2b0ed007bb67698503f75ca100ef4e81a5ab81
Auchan,Cappy CAPPY ICE FRUIT,2026.04.16 - 04.22,"többféle, 1,5 l, 499 Ft/l + visszaváltási díj 50 Ft LEMONADE többféle, 1,25 l, 599 Ft/l + visszaváltási díj 50 Ft Bizalomkártyával: 399 Ft/l, 479 Ft/l",749,599,True,Bizalomkártyával,Szénsavmentes,414,3,51b830c5f40aa4f55e7475aedb6117070b1c820bd7fa3312ca8378ee9c101c30
Auchan,Xixo XIXO ICE TEA,2026.04.16 - 04.22,"többféle, 1,5 l, 299 Ft/l + visszaváltási díj 50 Ft Bizalomkártyával: 233 Ft/l",449,349,True,Bizalomkártyával,Szénsavmentes,414,3,3d6698842ef5313736b0774da43f0b457d2a77ba2dba8ad37f89e97f4f4694bc
Lidl,FREEWAY Zöld tea zero,2026.04.16 - 04.22,"Exotic grapefruit | +50 Ft betétdíj | 1,5 l; 1 l = 166 Ft",359,249,False,,Szénsavmentes,414,3,d598edb62bf698d36867b60a8484fb42060a035a3b26e586340aba86da383523
SPAR,Hell energiaital,2026.04.16 - 04.22,"0,25 l (1.316 Ft/1 l) (+visszaváltási díj: 50 Ft)",329,246,True,Supershop kártyával,Energia- és vitaminital,415,3,43d729645b86c623e46ce15c6ef4e90954650f2d3627efff91161b18e1d95fbd
Tesco,Burn energiaital,2026.04.16 - 04.22,"többféle, 250 ml | 1356 Ft/1 l | Clubcarddal: 1116 Ft/1 l | + visszaváltási díj: | 50 Ft/db",339,279,True,Clubcarddal,Energia- és vitaminital,415,3,81b06126379715e5b8175b8c039c9191f23d9bd1d5b9fb184c64ae6522f79f81
ALDI,FLYING POWER ENERGIAITAL,2026.04.16 - 04.22,"• klasszikus vagy • cukormentes vagy • almaízű vagy • ananász-kivi ízű 0,25 l/doboz 596 Ft/l",195,149,False,,Energia- és vitaminital,415,3,016d6349479edf349422d361875279919b5cfdd812cc0f537611f80dd104d18f
Auchan,Adrenalin ADRENALIN DOBOZOS ITAL,2026.04.16 - 04.22,"többféle, 250 ml + visszaváltási díj 50 Ft 1 db: 249 Ft, 996 Ft/l 2 db: 358 Ft, 716 Ft/l",249,179,False,,Energia- és vitaminital,415,3,471e2b61a25959315a7fbf6d482916df0078e5042979a446dafd796a441a668e
SPAR,Mizo Coffee Selection kávés tej,2026.04.16 - 04.22,250 ml (1.596 Ft/1 l),399,279,True,Supershop kártyával,Kávé,97,2,e30ded7d449a8b9425eaeba4afbcf22d10f3649f6f6d6291d4cbc04820f03b1b
SPAR,Mokate XXL instant kávéspecialitás,2026.04.16 - 04.22,"24×14 g (5.056,55 Ft/1 kg) 24×17 g (4.164,22 Ft/1 kg)",1699,1399,True,Supershop kártyával,Kávé,97,2,ea8551685de6640cbf56878013fa30864042b33db95c7ac77e01a99511f27fa6
Tesco,Mizo Coffee Selection kávéital,2026.04.16 - 04.22,"többféle, 250 ml | 1596 Ft/1 l | Clubcarddal: 1156 Ft/1 l",399,289,True,Clubcarddal,Kávé,97,2,ef97ff2afeb4a9bc8f1e29153ed35ec3cae2c45d24b283914f4b7ef19f8205ad
Tesco,Completa kávékrémpór,2026.04.16 - 04.22,"350 g, 4140 Ft/1 kg, Clubcarddal: 3997 Ft/1 kg",1449,1399,True,Clubcarddal,Kávé,97,2,55bdf94fd4736e287a593b0e9952154868a5572a15875a326564060bec9a8c6a
Tesco,Mokate 3in1 Classic azonnal oldódó kávéspecialitás,2026.04.16 - 04.22,"többféle, 24x17 g/cs, 4238 Ft/1 kg, Clubcarddal: 3429 Ft/1 kg",1729,1399,True,Clubcarddal,Kávé,97,2,8658ad310fbedd6303a80f3444d2e21c85bcfe54d2c3a6825a6bf03e500e0b0d
Tesco,Nescafé instant kávé,2026.04.16 - 04.22,"többféle, 100 g, 19990 Ft/1 kg, Clubcarddal: 18990 Ft/1 kg",1999,1899,True,Clubcarddal,Kávé,97,2,7a40aa1ee822a4bc3a70f1f961334fcb9c2c8476899263a5daa255d461f97887
Tesco,Douwe Egberts Omnia őrölt-pörkölt kávé,2026.04.16 - 04.22,"többféle, 250 g, 10796 Ft/1 kg, Clubcarddal: 7596 Ft/1 kg",2699,1899,True,Clubcarddal,Kávé,97,2,0a5d3b0d67ceb02e83cbca209d820076447a05f44a16026da359cc09304937f3
Tesco,Davidoff Nespresso kompatibilis kávékapszula,2026.04.16 - 04.22,"többféle, 55 g | 33982 Ft/1 kg | Clubcarddal: | 26891 Ft/1 kg",1869,1479,True,Clubcarddal,Kávé,97,2,06db4eebf8cf7d7e8ca226ad5cf0d3290eafc2aa453cbcdd4ff09e1589b943f6
Tesco,Omnia Fusion szemes kávé,2026.04.16 - 04.22,"többféle, 900 g | 10211 Ft/1 kg | Clubcarddal: | 9110 Ft/1 kg",9190,8199,True,Clubcarddal,Kávé,97,2,c87fd12695de7a566a42c9badf2d7b5b7dbcb9d0df1561077c105833edb84378
Tesco,Starbucks Dolce Gusto kompatibilis kávékapszula,2026.04.16 - 04.22,"többféle, 123/128 g | 19504/18742 Ft/1 kg | Clubcarddal: | 15439/14836 Ft/1 kg",2399,1899,True,Clubcarddal,Kávé,97,2,1a7dbb29e8c94fe453e92667b571c9f822c8db47042d224a7a57f093ec0ec685
Auchan,STARBUCKS NESPRESSO KOMPATIBILIS KÁVÉKAPSZULA,2026.04.16 - 04.22,"többféle, 10 db/doboz, 195 Ft/db, 160 Ft/db",1949,1599,False,,Kávé,97,2,d1429857a776612cbe7700b0909115808f322b21cf03071cb182bb77003e6978
SPAR,Natur pur őrölt biokávé,2026.04.16 - 04.22,250 g (6.796 Ft/1 kg),2199,1699,False,,Kávé,97,2,e9f32864d4d755d0ef39972982640d8fe74a6c7a53d164804f6139b28427eca5
SPAR,Omnia Classic őrölt kávé,2026.04.16 - 04.22,500 g (7.598 Ft/1 kg),4699,3799,False,,Kávé,97,2,7f7c22dcfd011120cb97d50b2c5d29e3b6b5bb370ed1b8961e3179253a30e70a
Auchan,Bravos BRAVOS CLASSIC ŐRÖLT KÁVÉ,2026.04.16 - 04.22,1000 g,6299,4499,False,,Kávé,97,2,203b0d8b04a69b8b0caef4dfabf2bc1b474f559481fcce9f31fb9f7157b04fea
Lidl,BRAVOS Őrölt kávé,2026.04.16 - 04.22,Classic / Espresso | 1 kg | 3791 / 6409878,6499,4899,False,,Kávé,97,2,24f8ea7a9c1143b19640995908e9c52a7a73ef5d46ac18f25da413be396cf1fa
Auchan,CAFE FREI ÍZESÍTETT SZEMES KÁVÉ,2026.04.16 - 04.22,"többféle, 1000 g",8999,7999,False,,Kávé,97,2,0fbf90e0b94883c98e96eaba2f33064dc68bc4a3ecc599c192e9c3244a3c7e2e
SPAR,Lavazza Crema e Aroma szemes kávé,2026.04.16 - 04.22,1 kg,13499,9999,False,,Kávé,97,2,7d052d50cbcf82a5d469104c20de9bca34abc03a35d9979bd93dfeb033a81825
SPAR,Alpro ízesítetlen növényi ital,2026.04.16 - 04.22,1 l 750 ml (1.132 Ft/1 l),1099,849,False,,Növényi ital,98,2,d3ae2c507f559c80437f1131260c58d1b5368c0c1f8940ee75b17d8915f0ae71
ALDI,ALPRO NÖVÉNYI ITAL,2026.04.20 - 04.22,"többféle 1 l/doboz 849 Ft/l 724660 / 753579 vegán cukormentes kókuszital, cukormentes mandulaital, ill. NOT MILK (3,5 %): hozzáadott cukor nélkül",1099,849,False,,Növényi ital,98,2,212fe2f6cc3be530a1b79b888920f381012e0f238184653635bf8ef85601fd07
Auchan,Zafír ZAFÍR ÁSVÁNYVÍZ,2026.04.16 - 04.22,"szénsavmentes, szénsavas vagy enyhe, 1,5 l + visszaváltási díj 50 Ft 1 db: 149 Ft, 99 Ft/l 6 db: 594 Ft, 66 Ft/l",149,99,False,,Ásványvíz,225,2,9f54dad4deb827fd040e2079d0c5d9eb9f68c677302fa9a726838c3f50cab26e
Auchan,Minera MINERA FRÖCCSVÍZ,2026.04.16 - 04.22,"extra dús, 1,5 l + visszaváltási díj 50 Ft 1 db: 199 Ft, 133 Ft/l 6 db: 1014 Ft, 113 Ft/l",199,169,False,,Ásványvíz,225,2,75dca455f93c9367505aec97f74a4666014013ded56ae63670ebab05092d721d
Auchan,Theodora THEODORA ÁSVÁNYVÍZ,2026.04.16 - 04.22,"többféle, 1,5 l + visszaváltási díj 50 Ft 1 db: 199 Ft, 133 Ft/l 6 db: 1014 Ft, 113 Ft/l",199,169,False,,Ásványvíz,225,2,95d77c9d5529b56c3495b4530daa6a6b5b2bfd70aed40c39385eedfde6c343b7
Tesco,Tokaji Classic Selection Tokaji Szamorodni,2026.04.16 - 04.22,"0,5 l | 5598 Ft/1 l | Clubcarddal: 3998 Ft/1 l | + visszaváltási díj: 50 Ft/db",2799,1999,True,Clubcarddal,Bor,23,2,36c47480bb019dc9a862339abaee2c7c9101a2d362fdfe30a6695176f58702c0
Tesco,Feind Olaszrizling,2026.04.16 - 04.22,3 l | 1666 Ft/1 l | Clubcarddal: 1433 Ft/1 l,4999,4299,True,Clubcarddal,Bor,23,2,ee92cb5ee528d7d7c75ea6dac5c58a7e9430079eea821191c3e7b86332bab21a
Auchan,FONT BAG-IN-BOX,2026.04.16 - 04.22,"többféle, 3 l, 1516 Ft/l",4549,3499,True,Bizalomkártyával,Bor,23,2,368429b3e8546dfcbcb9c0f580dd005d09b499e1a134f52c79e4ab95ecc21b93
Auchan,FRITTMANN BORÁSZAT BAG-IN-BOX,2026.04.16 - 04.22,"többféle, 3 l, 1493 Ft/l",4479,3499,True,Bizalomkártyával,Bor,23,2,93ba55fea65a75b98ec5dd3f778a5696d32546dae5ee1edc8e831b61cbd40236
Auchan,SÁRI SZŐLŐBIRTOK BAG-IN-BOX,2026.04.16 - 04.22,"többféle, 5 l, 910 Ft/l",4549,3299,True,Bizalomkártyával,Bor,23,2,f75bd24b5ea6596f8ee652925a01172be33ec89e233beb790f7843ff40b2e50c
Auchan,FEIND BORZSÁK,2026.04.16 - 04.22,"többféle, 3 l, 1666 Ft/l",4999,3799,True,Bizalomkártyával,Bor,23,2,ddfb0501e6a606608440742412c3c714c450414018d7e25802dfca2d6c175458
Auchan,"VINTONIC CLASSIC, ROSÉ, MOJITO VAGY LEMONELLO APERITIVO",2026.04.16 - 04.22,"0,75 l, 4665 Ft/l + visszaváltási díj 50 Ft",3499,2799,True,Bizalomkártyával,Bor,23,2,1f3045e0afda8b9d0da509307494f86e838103f4c401c0258812119be76110cf
Auchan,PAULUS GOLD EZERJÓ,2026.04.16 - 04.22,"0,75 l, 2132 Ft/l + visszaváltási díj 50 Ft",1599,1119,True,Bizalomkártyával,Bor,23,2,6ac815e80c929ff3f6f88abe1277f84f5f2afd1e306c0c03ba50213f755401fb
Auchan,FRITTMANN NEXTGEN SUMMER SPLASH VAGY PINK PARADISE SZÉNSAVAS BORALAPÚ ITAL,2026.04.16 - 04.22,"0,25 l, 2196 Ft/l + visszaváltási díj 50 Ft",549,429,True,Bizalomkártyával,Bor,23,2,d6e9e6cb65b2e93e83d6fddbb82240014d7eb3ec9daf8966ae347eaf761a823b
Auchan,LAPOSA COOLER,2026.04.16 - 04.22,"többféle, 0,25 l, 2996 Ft/l + visszaváltási díj 50 Ft",749,599,True,Bizalomkártyával,Bor,23,2,632103a14dcb3b3abdd4e0bac6dbf33564d8da206b20e751ca20188752383ccd
Lidl,BALATONBOGLÁRI Cabernet Sauvignon,2026.04.16 - 04.22,"Fekete bogyós gyümölcsök, áfonya és ribizli fogadnak illatában. Ízében gazdag textúrájú, közepes tannin-szerkezettel és aszalt meggyes, csokoládés lecsengéssel. +50 Ft betétdíj 0,75 l; 1 l = 866 Ft",899,649,True,Lidl Plus alkalmazással,Bor,23,2,49bfa7d09db0926e29da85708a851bed010c00682dafe8472848049ee30bf8c6
SPAR,"Royal Tokaji Sárgamuskotály, Dry Furmint",2026.04.16 - 04.22,"száraz fehérbor 0,75 l (3.332 Ft/1 l) (+visszaváltási díj: 50 Ft)",2499,1799,True,Supershop kártyával,Bor,23,2,e420ddf274497dd11dd8faa0512b80be7ff2843e3fec19a7e44d07e22daca8b1
SPAR,"Angelli Cherry, Áfonya",2026.04.16 - 04.22,"szőlőléből készült, ízesített bor 0,75 l (3.732 Ft/1 l) (+visszaváltási díj: 50 Ft)",2799,2199,True,Supershop kártyával,Bor,23,2,c2a804814c7b61b1b0a5aaae9166e7611660688009cd6698ed97f7d0acb12b9a
Tesco,Hilltop bor,2026.04.16 - 04.22,"többféle, 0,75 l, 2665 Ft/1 l, Clubcarddal: 1999 Ft/1 l, + visszaváltási díj: 50 Ft/db",1999,1499,True,Clubcarddal,Bor,23,2,bd7df86ae67399d3d49385fab329389552cbfc8d4a1741ab30ac1fbb4a38026f
Tesco,Szent Gaál bor,2026.04.16 - 04.22,"többféle, 0,75 l, 2665 Ft/1 l, Clubcarddal: 1999 Ft/1 l, + visszaváltási díj: 50 Ft/db",1999,1499,True,Clubcarddal,Bor,23,2,df73f8b204af3717cdfd6cc534806a8d7cf7fb7be672ce3a2e0f4d938fa459e6
Tesco,Gere bor,2026.04.16 - 04.22,"többféle, 0,75 l, 3705 Ft/1 l, Clubcarddal: 2665 Ft/1 l, + visszaváltási díj: 50 Ft/db",2779,1999,True,Clubcarddal,Bor,23,2,29019028bbb90d5345a106fdf321198c59aa5da1622e75032733a8f9393f4fe7
Tesco,Sauska Sárgamuskotály,2026.04.16 - 04.22,"0,75 l | 4799 Ft/1 l | Clubcarddal: | 3999 Ft/1 l | + visszaváltási díj: | 50 Ft/db",3599,2999,True,Clubcarddal,Bor,23,2,7916f24e34f06db243fbf4b52f0b1ab859cad4f707560c9d3c5333224f371ee3
Auchan,Gere Attila GERE ATTILA VILLÁNYI OLASZRIZLING,2026.04.16 - 04.22,"0,75 l, 3465 Ft/l + visszaváltási díj 50 Ft Bizalomkártyával: 2665 Ft/l",2599,1999,True,Bizalomkártyával,Bor,23,2,e46c66b28c687260cbd27a7bb051718de4bcb01e4fab6efb86e2af0dbb2c2cbe
Auchan,Sol Montis SOL MONTIS MÁTRAI OLASZRIZLING,2026.04.16 - 04.22,"0,75 l, 2199 Ft/l + visszaváltási díj 50 Ft Bizalomkártyával: 1532 Ft/l",1649,1149,True,Bizalomkártyával,Bor,23,2,e80659e6e39add1db8d05cd251a334bda5c6630dde169f1e580242192d5e02cc
Auchan,Dereszla DERESZLA BALATONI LEBEGÉS OLASZRIZLING,2026.04.16 - 04.22,"0,75 l, 2532 Ft/l + visszaváltási díj 50 Ft Bizalomkártyával: 1999 Ft/l",1899,1499,True,Bizalomkártyával,Bor,23,2,8629def59430c648a2525beb1aa6da2891d9939fed734129d860d9ec7efdc753
Auchan,Borbély BORBÉLY BALATONI OLASZRIZLING,2026.04.16 - 04.22,"0,75 l, 2865 Ft/l + visszaváltási díj 50 Ft Bizalomkártyával: 2265 Ft/l",2149,1699,True,Bizalomkártyával,Bor,23,2,44699cece2cd8f1b9a2f37e0633d47be7ce63a576bad196c51eb203b51d83b87
Auchan,Kislaki-Légli Géza KISLAKI-LÉGLI GÉZA OLASZRIZLING,2026.04.16 - 04.22,"0,75 l, 3865 Ft/l + visszaváltási díj 50 Ft Bizalomkártyával: 2665 Ft/l",2899,1999,True,Bizalomkártyával,Bor,23,2,b512c801b663a41c916ac4a14f4b9b029c8a98333cd85b883c23155c47113049
Auchan,Laposa LAPOSA BALATONI OLASZRIZLING,2026.04.16 - 04.22,"0,75 l, 3999 Ft/l + visszaváltási díj 50 Ft Bizalomkártyával: 3199 Ft/l",2999,2399,True,Bizalomkártyával,Bor,23,2,dfa1f180c5c5baec0a93529f85eeb301841f2c6a7aaf9f9a8ffc635248ba626c
Auchan,Jásdi JÁSDI CSOPAKI OLASZRIZLING,2026.04.16 - 04.22,"0,75 l, 4639 Ft/l + visszaváltási díj 50 Ft Bizalomkártyával: 3599 Ft/l",3479,2699,True,Bizalomkártyával,Bor,23,2,02f3b8601e83db957b023ea03302733e0ac7c54b3a71cc5a156a5c457d7282b4
Auchan,Figula FIGULA BALATONI OLASZRIZLING,2026.04.16 - 04.22,"0,75 l, 5332 Ft/l + visszaváltási díj 50 Ft Bizalomkártyával: 3999 Ft/l",3999,2999,True,Bizalomkártyával,Bor,23,2,f3d2cc243f453531a69684123ec2876603a9ce633b5f121444ca8c05a25d194e
Auchan,Takler TAKLER TRIÓ ROSÉ CUVÉE,2026.04.16 - 04.22,"0,75 l, 3399 Ft/l | + visszaváltási díj 50 Ft | Bizalomkártyával: | 2265 Ft/l",2549,1699,True,Bizalomkártyával,Bor,23,2,3cae43d738baa11eb8038e096a8e84ffcca0a6e5a120eef6d7590797b2a0a14f
Auchan,Garamvári GARAMVÁRI BALATONI ROSÉGOLD CUVÉE,2026.04.16 - 04.22,"0,75 l, 1999 Ft/l | + visszaváltási díj 50 Ft | Bizalomkártyával: | 1599 Ft/l",1499,1199,True,Bizalomkártyával,Bor,23,2,f17e4bfe84abfd8b212a1e65f777d0fa0c2cc3f5f67bf402fbf9b3d07cd19714
Auchan,Eszterbauer ESZTERBAUER ÖRÖM ROSÉ,2026.04.16 - 04.22,"0,75 l, 2399 Ft/l | + visszaváltási díj 50 Ft | Bizalomkártyával: | 1732 Ft/l",1799,1299,True,Bizalomkártyával,Bor,23,2,fd6e9f5c7413f836b9cc8f10ca7371661f598fd44000aa5e84b9d59d6395091d
Auchan,Schieber SCHIEBER SZEKSZÁRDI FRUSKA ROSÉ CUVÉE,2026.04.16 - 04.22,"0,75 l, 2572 Ft/l | + visszaváltási díj 50 Ft | Bizalomkártyával: | 1865 Ft/l",1929,1399,True,Bizalomkártyával,Bor,23,2,14d79a6b364f6116e14dfd2a018b37a23f9ba0deb1b9fba200f124fe6753725b
Auchan,Lajver LAJVER SOUND ROSÉ,2026.04.16 - 04.22,"0,75 l, 2665 Ft/l | + visszaváltási díj 50 Ft | Bizalomkártyával: | 1999 Ft/l",1999,1499,True,Bizalomkártyával,Bor,23,2,24ca3db53984da90d8e197ed610fbf503130758b440818f003bf71e20bd63abe
Auchan,Bodri BODRI ROZI SZEKSZÁRDI ROSÉ CUVÉE,2026.04.16 - 04.22,"0,75 l, 2799 Ft/l | + visszaváltási díj 50 Ft | Bizalomkártyával: | 2132 Ft/l",2099,1599,True,Bizalomkártyával,Bor,23,2,8a6d63594ce07d6b365321708d9ffde5b39068f80c948680fe7a845fcfd72e80
Auchan,Ikon IKON BALATONI ROSÉ CUVÉE,2026.04.16 - 04.22,"0,75 l, 3532 Ft/l | + visszaváltási díj 50 Ft | Bizalomkártyával: | 2532 Ft/l",2649,1899,True,Bizalomkártyával,Bor,23,2,dce48ea78f650c99b50abc82cf2e260a78c611a57a53d62d1b5f6ca87f895a65
Auchan,Légli LÉGLI BALATONI ROSÉ CUVÉE,2026.04.16 - 04.22,"0,75 l, 3999 Ft/l | + visszaváltási díj 50 Ft | Bizalomkártyával: | 3065 Ft/l",2999,2299,True,Bizalomkártyával,Bor,23,2,a032ff86ab6e474603ee6724783cd647adf989b1fbeca0c7011dd52762392b1b
ALDI,DUNÁNTÚL IRSAI OLIVÉR,2026.04.20 - 04.22,"száraz fehérbor 0,75 l/üveg 865,33 Ft/l",925,649,False,,Bor,23,2,21811783895e7641ca1f7d10b9eb6e3823796770e3417c8871b63faef1c7396e
SPAR,Royal Hugo A/Spritz,2026.04.16 - 04.22,"keserűnarancs ízű, szénsavas, ízesített, boralapú koktél Yellow licsiízű, szénsavas, ízesített, boralapú koktél 0,75 l (1.065,33 Ft/1 l) (+visszaváltási díj: 50 Ft)",1099,799,False,,Bor,23,2,a312e3bfb1a32aa37e8f36c6cf0b148af28d5ec487194fda082114a8024bb8fe
SPAR,BB Rosé Cuvée,2026.04.09 - 04.29,"félédes rosébor 0,75 l (1.598,67 Ft/1 l) (+visszaváltási díj: 50 Ft) Könnyed, játékos, simogatóan gyümölcsös, félédes Rosé Cuvée epres és cseresznyés jegyekkel.",1569,1199,False,,Bor,23,2,596a3112815acb4a36a81b2241bc0842042403719cb8c0f9ee8d14e118e65f5b
ALDI,CHILE CABERNET SAUVIGNON,2026.04.16 - 04.22,"száraz vörösbor 0,75 l/üveg 1 638,67 Ft/l",1499,1229,False,,Bor,23,2,3b2946719bb59102bb302f615bc6c063521315f65a0c9a4db07f3a70428b611e
SPAR,Koch Oli Irsai Olivér,2026.04.09 - 04.29,"száraz fehérbor 0,75 l (1.665,33 Ft/1 l) (+visszaváltási díj: 50 Ft) Friss, lendületes, magával ragadó, gyümölcsös-parfümös Irsai Olivér kellemes, bizsergető lecsengéssel.",1499,1249,False,,Bor,23,2,8e87318e579d697c6335b9deb5454e276dc5243a8fb2cb7d976b62aa3be88d1b
SPAR,Soltész Rozé Cuvée,2026.04.09 - 04.29,"száraz rozébor 0,75 l (1.732 Ft/1 l) (+visszaváltási díj: 50 Ft) Zamatos, friss, kifejezetten gyümölcsös, érett cseresznyés-málnás ízvilágú, könnyed, lendületes rozé.",1599,1299,False,,Bor,23,2,712d2776ca2a0955d2946d1cf19d45b570a8e6f48c69722119adca9d903e3f21
SPAR,"Teleki Cabernet Sauvignon, Cabernet Franc",2026.04.16 - 04.22,"száraz vörösbor 0,75 l (1.865,33 Ft/1 l) (+visszaváltási díj: 50 Ft)",1999,1399,False,,Bor,23,2,8b8f56ca3c74a1b1c74bec19a930efff9a74b1b6600da37529839d3c47ee6e6d
SPAR,"Feind Sauvignon Blanc, Cabernet Rosé",2026.04.16 - 04.22,"száraz fehérbor, száraz rosébor 0,75 l (1.865,33 Ft/1 l) (+visszaváltási díj: 50 Ft)",1899,1399,False,,Bor,23,2,0e7b1499c36b5ece7833ccbdb625cd8cebb8cdf1f25f9cd89c887dce00eba1bb
SPAR,Schieber Karma Cabernet Sauvignon,2026.04.16 - 04.22,"száraz vörösbor 0,75 l (2.132 Ft/1 l) (+visszaváltási díj: 50 Ft)",2199,1599,False,,Bor,23,2,6a9e217bdd858d8656d7e306f297afe55779eb5fe512529a99c8f2edf5e7fbfb
SPAR,Kamocsay Prémium Chardonnay,2026.04.09 - 04.29,"száraz fehérbor 0,75 l (2.532 Ft/1 l) (+visszaváltási díj: 50 Ft) Gazdagabb ízvilágú, krémes és finoman tüzes Chardonnay barackos, érett mangós izjegyekkel.",2599,1899,False,,Bor,23,2,71c58e7ad2277f2c32bf9d646699526ac257b0ae1ecaf86c654489b34fed3684
SPAR,Takler Kékfrankos,2026.04.09 - 04.29,"száraz vörösbor 0,75 l (2.665,33 Ft/1 l) (+visszaváltási díj: 50 Ft) Elegáns, gyümölcsös Kékfrankos zamatos meggyes, szilvás jegyekkel és egy kis fehér borssal.",2599,1999,False,,Bor,23,2,f8994bed57d453460a13cd9d7e6a36347d4c2795ac66e27dc885c0290c039db5
SPAR,Vylyan Ördög,2026.04.09 - 04.29,"száraz vörösbor 0,75 l (2.665,33 Ft/1 l) (+visszaváltási díj: 50 Ft) Zamatos, lendületes erdei bogyós és meggyes gyümölcsösség jellemzi a bort egy kis fűszerességgel.",2599,1999,False,,Bor,23,2,cfc1b0ba1870e0d24513931f44897a1fe3d118a19db05193923af1e0ffa153ce
SPAR,Teleki Villányi Franc,2026.04.16 - 04.22,"száraz vörösbor 0,75 l (3.332 Ft/1 l) (+visszaváltási díj: 50 Ft)",2999,2499,False,,Bor,23,2,0367fc8677133c6ab32d024d4b5768941e5e8ee60add5ce627ea1b7c46411deb
SPAR,Laposa Olaszrizling,2026.04.09 - 04.29,"száraz fehérbor 0,75 l (3.332 Ft/1 l) (+visszaváltási díj: 50 Ft) Frissítő Olaszrizling grapefruittal, lime-mal, izgalmas fűszerességgel és finom keserűmandulás lecsengéssel.",3499,2499,False,,Bor,23,2,403a1c2b83a07fcb26a16b6c6024330a8466bbf355fa2933356bc093eba8726e
SPAR,"BB Hosszú7vége Rosé Cuvée, Olaszrizling",2026.04.16 - 04.22,"száraz rosébor, száraz fehérbor 3 l (1.133 Ft/1 l)",4299,3399,False,,Bor,23,2,973546fba7e2145db8d447ea9f36d956ad3d2fc071d74c84676b2009c1cdaed0
Tesco,Finlandia vodka vagy Finlandia ízesített vodka,2026.04.16 - 04.22,"többféle, 0,7 l | 10213 Ft/1 l | Clubcarddal: 8129 Ft/1 l | + visszaváltási díj: 50 Ft/db",7149,5690,True,Clubcarddal,Tömény,146,2,1cec1900d7524764df047639150c6500d4ead65d4427cc4a0384e7d01c91aea3
Tesco,Kalinka vodka,2026.04.16 - 04.22,1 l | + visszaváltási díj: 50 Ft/db,7299,6299,True,Clubcarddal,Tömény,146,2,d0ba6ba84db8d58e75bc7f84fc8967c6adcef61992a25c59985e9cc2b939a2ec
Tesco,St. Hubertus gyógynövénylikőr,2026.04.16 - 04.22,"többféle, 0,7 l | 8756 Ft/1 l | Clubcarddal: 7427 Ft/1 l | + visszaváltási díj: 50 Ft/db",6129,5199,True,Clubcarddal,Tömény,146,2,8aced084d24951dad0a1957c25b20bfd7e898c65ce6b90b45d5327a3327877ae
Tesco,Bacardi Spiced rum alapú szeszes ital,2026.04.16 - 04.22,"0,7 l | 12570 Ft/1 l | Clubcarddal: 9271 Ft/1 l | + visszaváltási díj: 50 Ft/db",8799,6490,True,Clubcarddal,Tömény,146,2,1d521e133d2c4f5d28ec7d3d4ec4851b77603083c17fd9d18e975727ec31f065
Auchan,Jameson JAMESON ÍR WHISKEY,2026.04.16 - 04.22,"1 l, 14999 Ft/l + visszaváltási díj 50 Ft Bizalomkártyával: 11499 Ft/l",14999,11499,True,Bizalomkártyával,Tömény,146,2,6e0b84f833763d6cea8929fd9c71ee67d25371781038825cbd9581d5a94491cf
Auchan,Aperol APEROL KESERŰLIKŐR,2026.04.16 - 04.22,"0,7 l, 7856 Ft/l + visszaváltási díj 50 Ft Bizalomkártyával: 6284 Ft/l",5499,4399,True,Bizalomkártyával,Tömény,146,2,6c5d95c308eac7815029336459cdeb23b3de9aa3053779bb23c5cac6c5848fcf
Auchan,Hendricks HENDRICKS GIN,2026.04.16 - 04.22,"többféle, 70 cl, 21427 Ft/l + visszaváltási díj 50 Ft Bizalomkártyával: 17856 Ft/l",14999,12499,True,Bizalomkártyával,Tömény,146,2,2cac722933dbe5339eb05e40427196fdcddc9e53b47c051b012fbf37b852647c
Auchan,ABSOLUT VODKA,2026.04.16 - 04.22,"1 l, 10999 Ft/l + visszaváltási díj 50 Ft Bizalomkártyával: 8499 Ft/l",10999,8499,True,Bizalomkártyával,Tömény,146,2,7f1ec3d4c5cf581131ffa65af799793780b469d141b0a0f56d8fcd6d9dde3235
Auchan,GRANTS SKÓT WHISKY,2026.04.16 - 04.22,"többféle, 0,7 l, 9984 Ft/l + visszaváltási díj 50 Ft Bizalomkártyával: 8570 Ft/l",6989,5999,True,Bizalomkártyával,Tömény,146,2,c30736753dd469d813d0e8c56bfce4c8cacdd55c23bb9c54ec5ea57c29baf156
Auchan,SKREWBALL PEANUT BUTTER WHISKY,2026.04.16 - 04.22,"0,7 l, 15 713 Ft/l + visszaváltási díj 50 Ft Bizalomkártyával: 12 141 Ft/l",10999,8499,True,Bizalomkártyával,Tömény,146,2,652bd52ffcc7b1ff9bea1d0730bded0515068c55791a6f8179665e700c088522
Auchan,BACARDÍ CARTA BLANCA FEHÉR RUM,2026.04.16 - 04.22,"1 l, 9 299 Ft/l + visszaváltási díj 50 Ft Bizalomkártyával: 7899 Ft/l",9299,7899,True,Bizalomkártyával,Tömény,146,2,cd892fd875efa287608d8a36e5594f914b878c185665b8d79c2314c2b08a4abf
Auchan,OLMECA SILVER TEQUILA,2026.04.16 - 04.22,"700 ml, 15 713 Ft/l + visszaváltási díj 50 Ft Bizalomkártyával: 11427 Ft/l",10999,7999,True,Bizalomkártyával,Tömény,146,2,75dbcb834b17d4a35e2cb8d2d089d652b7130b6cec91166125fc2a4bc9afc4a0
Auchan,AGÁRDI CHAMELEON GIN,2026.04.16 - 04.22,"500 ml, 20998 Ft/l + visszaváltási díj 50 Ft Bizalomkártyával: 17578 Ft/l",10499,8789,True,Bizalomkártyával,Tömény,146,2,22967ae6a6790c6add1b64b7b9e2446898d6a5345237dfbeab19585f8c771222
Auchan,PILAVAS OUZO KOLONA,2026.04.16 - 04.22,"Ft/db, papír díszdobozban, 0,5 l, 19 198 Ft/l + visszaváltási díj 50 Ft Bizalomkártyával: 14998 Ft/l",9599,7499,True,Bizalomkártyával,Tömény,146,2,395d6b9e21f38f2ec502807baa913a7aa3cfbc72c6d4220da7eb2f23b72f4b2a
Auchan,YENI RAKI,2026.04.16 - 04.22,"0,7 l + 2 db pohár + visszaváltási díj 50 Ft",12399,8499,True,Bizalomkártyával,Tömény,146,2,5494d9ae81ce5fbbfc7a39e4d85e728696af767a6abeec15e0a696d6f451882f
Tesco,Fütyülős málna-lime ízű likőr,2026.04.16 - 04.22,"0,5 l 9398 Ft/1 l Clubcarddal: 6798 Ft/1 l + visszaváltási díj: 50 Ft/db",4699,3399,True,Clubcarddal,Tömény,146,2,beae1936a44874032ddcb63f9371a7bb57570d5d8a44472a3b77c7c73e001e75
Tesco,Royal vodka,2026.04.16 - 04.22,"0,7 l, 6984 Ft/1 l, Clubcarddal: 6284 Ft/1 l, + visszaváltási díj: 50 Ft/db",4889,4399,True,Clubcarddal,Tömény,146,2,bc88b68ec8b2be8c353c02f2c698b580332570107e9f9fccbb6f6ad9b73eee43
Tesco,Jim Beam whiskey,2026.04.16 - 04.22,"többféle, 0,7 l, 12843 Ft/1 l, Clubcarddal: 9414 Ft/1 l, + visszaváltási díj: 50 Ft/db",8990,6590,True,Clubcarddal,Tömény,146,2,03dffe6403b46af1d8af523fe8213637a8e3134277728660d6935cc80dd13303
Tesco,Jägermeister gyógynövénylikőr,2026.04.16 - 04.22,"1 l, + visszaváltási díj: 50 Ft/db",11190,9990,True,Clubcarddal,Tömény,146,2,ad5a4509e2b6ff8118f38aaeaeeb8c1446ed794cec5cbda07907f2545a6bdb72
Tesco,Kalumba Madagascar gin,2026.04.16 - 04.22,"többféle, 0,7 l, 11427 Ft/1 l, Clubcarddal: 9427 Ft/1 l, + visszaváltási díj: 50 Ft/db",7999,6599,True,Clubcarddal,Tömény,146,2,265c7e279544f94562e6ddfc52de289536353b6ffd1b3b6547fcafd019ba03f3
Tesco,Beluga Noble prémium vodka,2026.04.16 - 04.22,200 ml | 38495 Ft/1 l | Clubcarddal: | 32495 Ft/1 l | + visszaváltási díj: | 50 Ft/db,7699,6499,True,Clubcarddal,Tömény,146,2,536dd8878e16a95439d9e5777a12bfcf67ee31c4276b526562f3061f51ef250a
Tesco,Grants 8 kevert skót whisky,2026.04.16 - 04.22,"0,7 l | 12129 Ft/1 l | Clubcarddal: | 10271 Ft/1 l | + visszaváltási díj: | 50 Ft/db",8490,7190,True,Clubcarddal,Tömény,146,2,e2f3ae3c5a854d53cd8ac611d2636578fbab612401f705f32a8aa75f7c880911
Tesco,Shankys Whip B. Irish Whiskey likőr,2026.04.16 - 04.22,"0,7 l | 16700 Ft/1 l | Clubcarddal: | 14986 Ft/1 l | + visszaváltási díj: | 50 Ft/db",11690,10490,True,Clubcarddal,Tömény,146,2,4be213ad228c447d85ff077c9bc9fb24f316a77752db23e00ce2b35e71b1a6d2
Tesco,St. Rémy VSOP Brandy,2026.04.16 - 04.22,"0,7 l | 9557 Ft/1 l | Clubcarddal: | 7700 Ft/1 l | + visszaváltási díj: | 50 Ft/db",6690,5390,True,Clubcarddal,Tömény,146,2,fd9b0cdf2746630d10750bb75c206e84d2a11c5184d63389f32e018b788849d3
Tesco,Jose Cuervo Especial Tequila Silver,2026.04.16 - 04.22,"0,7 l | 14271 Ft/1 l | Clubcarddal: | 10986 Ft/1 l | + visszaváltási díj: | 50 Ft/db",9990,7690,True,Clubcarddal,Tömény,146,2,408e0362db3b3ffdbb8fcd6f759a8906e6204300e711d74c8451ab26c41df7cc
Tesco,Roku Sakura japán ízesített gin,2026.04.16 - 04.22,"0,7 l | 18986 Ft/1 l | Clubcarddal: | 18570 Ft/1 l | + visszaváltási díj: | 50 Ft/db",13290,12999,True,Clubcarddal,Tömény,146,2,5a460a04ea03091633902e7cac070c7521d5851770d31eba2146fb499fbc3d41
Tesco,Hendricks gin,2026.04.16 - 04.22,"0,7 l | 20700 Ft/1 l | Clubcarddal: | 19986 Ft/1 l | + visszaváltási díj: | 50 Ft/db",14490,13990,True,Clubcarddal,Tömény,146,2,05d08cdc04613d9646b75127983448657c444a50ab95fdaf2782abf1e70e37c1
SPAR,Bacardi Breezer,2026.04.16 - 04.22,"0,275 l (4.032,73 Ft/1 l) (+visszaváltási díj: 50 Ft)",1109,949,True,Supershop kártyával,Tömény,146,2,428867be3496995be0e98fa60cbf51b5e96905b72545eefde01709080864e7b8
SPAR,"Chill & cheers! gin & tonic, vodka & narancs",2026.04.16 - 04.22,"alkoholos, szénsavas ital 0,25 l (1.316 Ft/1 l) (+visszaváltási díj: 50 Ft)",409,329,False,,Tömény,146,2,154b8fde66d548aca0de3608bb632355df7b7f58b17f30fd474f1a4144232f6b
SPAR,Metaxa 5*,2026.04.09 - 04.29,"szeszes ital 0,7 l (8.570 Ft/1 l) (+visszaváltási díj: 50 Ft)",7949,5999,False,,Tömény,146,2,22a437677a307f841ca804baf2a65b35cdc52def1ecfe91cfe40f7e5552d73ff
SPAR,Hankey Bannister whisky,2026.04.16 - 04.22,"0,7 l (8.570 Ft/1 l) (+visszaváltási díj: 50 Ft)",7199,5999,False,,Tömény,146,2,a7c08d808b3d68ecee3b87674840a0dc4eb44831cf87a381735549a44a1ea1f4
SPAR,"Kalumba White, maracuja gin",2026.04.09 - 04.29,"0,7 l (9.427,14 Ft/1 l) (+visszaváltási díj: 50 Ft)",8249,6599,False,,Tömény,146,2,e67f5000100a6383f7c6ec5efdd2c87373a538e549a83764af7fe88c4b5b3c4b
Lidl,JIM BEAM Bourbon Whiskey,2026.04.16 - 04.22,"Klasszikus / Peach / Apple / Cherry / Honey Alkoholtartalom: 32,5% / 40% +50 Ft betétdíj 700 ml; 1 l = 9856 Ft",8989,6899,False,,Tömény,146,2,212cf1f37f37a7b4c72d6fecf7ca6dcd5b367b5d6c6befd1ae43c84fc36d04d0
SPAR,"Tullamore whiskey, Café Honey whiskey",2026.04.09 - 04.29,"0,7 l (11.427,14 Ft/1 l) (+visszaváltási díj: 50 Ft)",8799,7999,False,,Tömény,146,2,c7fcc982fa85479c338f95cd225c70ec18c580bd177b07a8cd5d91a330c2d4b5
SPAR,"Olmeca Gold, Silver tequila",2026.04.09 - 04.29,"0,7 l (13.570 Ft/1 l) (+visszaváltási díj: 50 Ft)",12199,9499,False,,Tömény,146,2,24d6ef6fafb3b583c0c5aa8c59b082098c402acdcec3fcf4d02b134be889ec0e
Tesco,Kreinbacher Brut Classic,2026.04.16 - 04.22,"0,75 l | 10600 Ft/1 l | Clubcarddal: | 9332 Ft/1 l | + visszaváltási díj: | 50 Ft/db",7950,6999,True,Clubcarddal,Egyéb alkoholos ital,255,2,47bd7f0a08a8ead89a99a46e0b3be9dc2d7c8102aa6530c1a5f444389dac27f5
SPAR,Natara,2026.04.09 - 04.29,"száraz pezsgő 0,75 l (1.865,33 Ft/1 l) (+visszaváltási díj: 50 Ft) Körtés-barackos ízvilágú pezsgő egy csipetnyi virágossággal és lendületes, üde buborékokkal.",1799,1399,False,,Egyéb alkoholos ital,255,2,a7f51cf865379c2d7f01602ed1c6ea8997743ab946cf3b66142839cecfb2359f
SPAR,"Törley Ice White, Ice Pink",2026.04.16 - 04.22,"félszáraz fehér pezsgő, félszáraz rosépezsgő 0,75 l (2.932 Ft/1 l) (+visszaváltási díj: 50 Ft)",2999,2199,False,,Egyéb alkoholos ital,255,2,0554e259440586d77108c19743966c560aacc129cd4e91eba81981c2a9141281
