ertek,egyedi_hash
származási hely: Magyarország,a767c1963e14c09bb8dff356deca5d816c173bc7da5f999dc8a2bb23a6e4e743
I. osztály,b97e6a538c70e43fda804e3e993533b2bd92cddc176d40d329dfb3cba765334d
I. osztály,fe2a90c48513053c44b075503ab464e274ef03ab1056aefbcde1e3b4e5b27586
lédig,fe2a90c48513053c44b075503ab464e274ef03ab1056aefbcde1e3b4e5b27586
gyorsfagyasztott,913f1f74ba19202112114464533801686849dcbf1b899842214a09ab8a2cd0b0
gyorsfagyasztott,1696f7a0a3c726930c62de4b51e112cf3f8408fff28f8a158d27ffb5bba2c2df
méret: XL,f3ca290d5bfbcf3a116356b7ca14af2005e07bae633c81557de54eb6d3baa1c7
csomagolt,4f492918ad2d353e602c1d6615ad38fbea0cc4d4c5558d574b14c7b989e0abf0
csomagolt,c5d020153fcf4b63c1c350c07b3a1df52c377c3d495016a8297a2afaa5007158
GOMBAKEVERÉK,d6499c5b5a35b48fc526399a78fcd19e793aca651ac5401b289ab0660d607c50
2-3 percig forralni szükséges,c56992ecff85d2fa96f405f3ad65eb2c96f74f2db42661af3419479374e99b38
Crotone Firenze,f07673ed64482ab675fe59a6e0d16f17f4f1a0fcdc4e31b85c2da2d6e0c6fdee
többféle,56846703b7a74d60d21ff514687faf107b5aca34e62519580052cdea6c42c365
Zöldségekkel,b464b4f52a1ca8d44617bd4aeb90452c4727ce25d41051f6812851a86d76de84
csirkével,b464b4f52a1ca8d44617bd4aeb90452c4727ce25d41051f6812851a86d76de84
gyorsfagyasztott,c232900f8fc84e947f874fad7adb94fc21bcdebd83b5dc49dccc01d8851b4f07
többféle,ba22e493cc82f6b73b7a0e0f445299611923be48a97563d609b1b72e86d14696
320/355g,ba22e493cc82f6b73b7a0e0f445299611923be48a97563d609b1b72e86d14696
többféle,8e0a392ad2d6b7ae57cce72c836df5de14978d9953c51c5b8c8b7ecb3b8f1b50
többféle,a5e319e5d3e5baeba411bcfa9c3a845134794b0232be238835d4f555c4911a14
gyorsfagyasztott,cc35036c635d1a82f031b12ca1deaf962027768c73c8ac23d61b785e6e4a8449
többféle,43294eafb927c2f5f2e1ef3265bde93851fa402fb47bb9720b8c53e25949e227
gyorsfagyasztott,1e500e60d4188667b89dc0d507d5177e998b4d59b5dc1136d67cc874264b4495
gyorsfagyasztott,fd338442d04b4348aa05b84e185f0ec9cbfe30683a50086003ef025239d3d65e
Bolognese,c2876a5b3b11f296d5701b1ac52de0737732148aaec8fd946bb4a07b6c1da2bb
spenótos-ricottás,c2876a5b3b11f296d5701b1ac52de0737732148aaec8fd946bb4a07b6c1da2bb
csomagolt,c2876a5b3b11f296d5701b1ac52de0737732148aaec8fd946bb4a07b6c1da2bb
kakaó eper,4d8d3c4d1db01b1e783b2062b9548fcb85cea4d1f97a1c49b9b2600e105a52e3
többféle,e70905fdaf05eae41121ef0d28ab7f0efe2db0733b7bb802a6a8559f2cbbd931
CLASSIC EPER TÖLCSÉRES JÉGKRÉM MULTIPACK,f4da285ed03d48122d0d5aa0bd12be4fac3bb613e2c64bef5a1407f6c06bf910
VEGAN TÖLCSÉRES JÉGKRÉM MULTIPACK,f4da285ed03d48122d0d5aa0bd12be4fac3bb613e2c64bef5a1407f6c06bf910
SOFT MANGÓ TÖLCSÉRES JÉGKRÉM MULTIPACK,f4da285ed03d48122d0d5aa0bd12be4fac3bb613e2c64bef5a1407f6c06bf910
többféle,4c514dd7e09f9da914fe628301d266b07645123646e07b8b64c40f5c289e2033
3x85/3x90/,4c514dd7e09f9da914fe628301d266b07645123646e07b8b64c40f5c289e2033
9408/8885/,4c514dd7e09f9da914fe628301d266b07645123646e07b8b64c40f5c289e2033
7839/7404/,4c514dd7e09f9da914fe628301d266b07645123646e07b8b64c40f5c289e2033
többféle,71cc9efd0a0fb14b122f007cb3f8e6171e4f1a6827491eea23a65f522a4332cd
elősütött panírozott,462d48b389e1d34e882b19ad7ada61dabe6835d716e12ba9c63de2443ae0d7bb
gyorsfagyasztott,462d48b389e1d34e882b19ad7ada61dabe6835d716e12ba9c63de2443ae0d7bb
többféle,a2b8cc014144e4014ec9a65039492fae5e0a4cec62f9e8276e9c734bc9596538
csomagolt,c3b817a8b14195f3b0503503e6f0cfd135de8c7d6648793daba6cd29fa897773
származási hely: Magyarország,c3b817a8b14195f3b0503503e6f0cfd135de8c7d6648793daba6cd29fa897773
grillcsirke egészcomb + 1 adag köret serpenyős zöldségkeverék. Menüben csak,e0fde2ee9f50e290f20538c0a693ac50229624057d0846617156591dd57e216c
édes-csípős ízesítésű,c6de0fe2eb7d17a8b82b20b6bef5ceffa1a425cb9171333006285837b22550b1
csomagolt,c6de0fe2eb7d17a8b82b20b6bef5ceffa1a425cb9171333006285837b22550b1
csomagolt,dfe0d16b9e36ebf6818e78940e39d10940e9bea1e9aa58063ed541104a5a0b6a
darabolt,44bc66ee6bb04676ef27c2a5fe71b463b043750fd9465310fa0479ee7483fac7
körömpörkölt alap,44bc66ee6bb04676ef27c2a5fe71b463b043750fd9465310fa0479ee7483fac7
védőgázas csomagolás,44bc66ee6bb04676ef27c2a5fe71b463b043750fd9465310fa0479ee7483fac7
származási hely: Magyarország,44bc66ee6bb04676ef27c2a5fe71b463b043750fd9465310fa0479ee7483fac7
csont nélkül,af3f1187cde8e2d75325cd505aa7174b9b544dc18f22781fadf7393d5fcb95e4
vákuumcsomagolt,af3f1187cde8e2d75325cd505aa7174b9b544dc18f22781fadf7393d5fcb95e4
származási hely: Magyarország,af3f1187cde8e2d75325cd505aa7174b9b544dc18f22781fadf7393d5fcb95e4
zsírtartalom 20%,3531014bdd15da9f1253ceabbee37c61857044ab0b4c8fe5a85178c33af8a0ac
csomagolt,4df8c88b6194b143882e304fb8cad6638708281a9211bcb0284cb12cf5c3abc3
származási hely: Magyarország,4df8c88b6194b143882e304fb8cad6638708281a9211bcb0284cb12cf5c3abc3
csont nélkül,54651c67ddc5c304c6a3bc7290e71349b1453ba8e91913855c6508d0064d1d67
kockázott,54651c67ddc5c304c6a3bc7290e71349b1453ba8e91913855c6508d0064d1d67
csomagolt,54651c67ddc5c304c6a3bc7290e71349b1453ba8e91913855c6508d0064d1d67
származási hely: Magyarország,54651c67ddc5c304c6a3bc7290e71349b1453ba8e91913855c6508d0064d1d67
csomagolt,091d208bd5c36c0a7532787ff6135098da9853084e11b1bb147658150e93fab4
gyorsfagyasztott,3032510cfbd37ad2848c1c2f6cc0ece5e3db0d06443da7e8a393a0e222041165
Salmo Salar,3607953f3f543eef191aa0c283a78b9691181b10246ddd3d0726f5878f464842
származási hely: Norvégia,3607953f3f543eef191aa0c283a78b9691181b10246ddd3d0726f5878f464842
elősütött panírozott,e4a035e4d6b42f50fab9bf53c449a45ee5568e735be1ed3adc7cd53c8b1978aa
gyorsfagyasztott,e4a035e4d6b42f50fab9bf53c449a45ee5568e735be1ed3adc7cd53c8b1978aa
többféle,529f7b0e74a4363d67d20cc0613476c139f4fa7cdce454406f504bd09bf9cb7c
többféle,6a758aee6c1080d23034d2078bdd33ab03a9ac3cf5f6fccddc52f957feac6ad9
csomagolt,3919f0f52d4193195ec25a539cc94c0ff7ffb9145605ed8e9a5cb2154a0f9378
többféle,cba68defea3b035553f5d81115a0e3ad7518f465a6307d4ce49efc56136ca0bf
többféle,b8e3a86baf6571d84e4b040299898d12b0d973131a9e2c5a25926d2d9f44d882
csomagolt,486e36c957954500fbbef6c942c31e0b16cbbfff1989af050d215c7f7f4b77f3
különböző kiszerelésben kapható,486e36c957954500fbbef6c942c31e0b16cbbfff1989af050d215c7f7f4b77f3
comb mell,7c505548b0017e0af2d9cb538cc8d4478b7993209b3fd07ee0227a6309d53c30
csomagolt,7c505548b0017e0af2d9cb538cc8d4478b7993209b3fd07ee0227a6309d53c30
származási hely: Magyarország,7c505548b0017e0af2d9cb538cc8d4478b7993209b3fd07ee0227a6309d53c30
védőgázas csomagolás,0ce68db90b232d83fc02cc00389db88cd42e1fd9a7c458b36b819b48772899dd
származási hely: Magyarország,0ce68db90b232d83fc02cc00389db88cd42e1fd9a7c458b36b819b48772899dd
csont nélkül,8b6b2630e9aa8385b9da59b64079f8f89d20c557e7d517999331593afc9dac31
kockázott,8b6b2630e9aa8385b9da59b64079f8f89d20c557e7d517999331593afc9dac31
csomagolt,8b6b2630e9aa8385b9da59b64079f8f89d20c557e7d517999331593afc9dac31
származási hely: Magyarország,8b6b2630e9aa8385b9da59b64079f8f89d20c557e7d517999331593afc9dac31
többféle,838c2b5a2d8a63434ca8dc21ed445ab3de6de51a97f934ba1f185686f06cbc92
többféle,3ad4fe06bca86064af062cc9e5018ef507176e7554e2eb0233986cab64ed1327
többféle,b9fac0b0b99c1451cbd25a206f4cb7cc0b551112167c9de105ee624bb3bfc4b9
többféle,024b1de0bcd180323baa68a008b09dac92b6dfbe14eb17ff299418524d719105
változó kiszerelésben kapható 3690Ft/kg 3390Ft/kg,3b98252d7f8cd3fa624c32df7d2050bd79cdcd3f3fa53d69e8af9086efce4983
magas fehérjetartalmú,2edf6db95b11a4c3eddb00de17b95044c1cf61a790db4913e8ca8a371b5ad230
6 hónapig érlelt,cdc90a844344dde0ed9b9a5c3a42dfcb588b2807551fbd469eb362abe9eab2f3
natúr füstölt,0e4bf0f0b4c19fb453b25898e4e181680c814079b9b4c24de55152fbcbd6d271
fokhagymás füstölt,4aa1813bf48cb7d90cfbb74b1a9d63619a775d37faa442547892cc6c3defe2a1
szeletelt,7c943fc387bd6e6890308aedada3f9f17eeeb1a8020e57635201fcfc87733295
csomagolt,7c943fc387bd6e6890308aedada3f9f17eeeb1a8020e57635201fcfc87733295
füstölt natúr,677f1802d1d5f42c760f0e83de9b2b13d6eb21742bdef3a6215236030dd22faa
natúr,dd8d4a89c746a31396a249712797caaaea1b02267cadba6bd4e1574e55266eac
Zsírtartalom: 45%,23084994b38269cea187081aa0a1efb03ca0cb5628360ad26cfa45507c4059ab
többféle,4f4df685654bb663436caf7245008512dcc935fb31065c968c3204acd0e71b6d
200/240g,4f4df685654bb663436caf7245008512dcc935fb31065c968c3204acd0e71b6d
5995/,4f4df685654bb663436caf7245008512dcc935fb31065c968c3204acd0e71b6d
4495/,4f4df685654bb663436caf7245008512dcc935fb31065c968c3204acd0e71b6d
füstölt,23f3c998cd4ab4e50aabe98f25a0186b1ff87572c335a16545d50522286955c8
csilis natúr,23f3c998cd4ab4e50aabe98f25a0186b1ff87572c335a16545d50522286955c8
Zsírtartalom: 48%,f108a8306d1f11f5ad7337c902b1b9190c2b2223b2751eed646323a5833d3f03
többféle,77339f9ac172083652e4d06dae51ebf1ea4147fa9c829a2c7c0d77eeef8e8856
vegán,3d3163f4e841be4435418a1f19251daf32b7e79dbbfea4fe5c2597737e4b8ab5
1.5%-os zsírtartalom,5b12c66a532c6fba5df5ed7f0c68ee6823f0935d71adfd85c6cb89994d100983
1.5%,485401bdd90436090ca39e1c7bb9a1c4cd9e10e424127038ee19148465e37b0b
többféle,e805d65dde1e7a9214bf30dbf3043a49ab1e8042836c630d7da52e9fca7275d7
többféle,ed17b37165146b0844d9647b08fa79ec7545559d5d602dfd690cc50f2b5254c0
magas fehérjetartalmú,ed17b37165146b0844d9647b08fa79ec7545559d5d602dfd690cc50f2b5254c0
hozzáadott cukrot nem tartalmaz,ed17b37165146b0844d9647b08fa79ec7545559d5d602dfd690cc50f2b5254c0
fehérjében gazdag csokoládés vaníliás karamellás,7a89359ee97349affd697e32029b3282db35c62c3f62cb3e903dda51d867abf7
többféle,c4ed1e32a909dc7235c4ec076b45af4d1b4615beba142f54998da957bd47c312
4571.90,c4ed1e32a909dc7235c4ec076b45af4d1b4615beba142f54998da957bd47c312
többféle,ddd80a35b88af0cf2c8f8f18c57f7a43504fd0e35414c9d0a7d654ae6b30c08d
20%,d22bd43eed94405b4280d579206e3bb3f75063cb3b8052fdbfae7ecf999d3178
20%-os zsírtartalom,e1907f506842b8c859e2bb4dcb355fc75fce5543d2070db2d57f7376b9c533ed
20%,7feb708461e0554d0201d877f6700a2257ed27c2b0e197a070e303b513e9e3a6
20%-os zsírtartalom,ea1bb696cc9639af82e1e91cc4738d57f330a465759205c83bf70fe70a9aaafa
félzsíros,82388d563abb143d0c621cdf8cce958807c9de31de2cc080fd8970042a2db7ed
Zsírtartalom: 30%,f67ff808575231e05f8bfc78209a784e2648f0730fca59df786fcc2f2b855674
gyorsfagyasztott,c6ca8ece0b491240f2bf00757c67e9acdb028d44694b90fbdf82738c2038c578
többféle,70eba68886d24373af84bc2977a1d7800695d11688042d2a25204bac076b4fcb
3x /cs,70eba68886d24373af84bc2977a1d7800695d11688042d2a25204bac076b4fcb
45/50g,70eba68886d24373af84bc2977a1d7800695d11688042d2a25204bac076b4fcb
7919/,70eba68886d24373af84bc2977a1d7800695d11688042d2a25204bac076b4fcb
6881/,70eba68886d24373af84bc2977a1d7800695d11688042d2a25204bac076b4fcb
többféle,7e8a2166d92491e2c84800d71b4d29e8f58674f8f280d3b3ea8b10cd2dde0493
többféle,206158c4e8c9e463f60678b3073e8a3006452f216b51e7a8d5ac77d12426f0c7
3x /cs,6831f96a6a1a10650512cff4e26aac944b9c00c774b700a22a5c92837fe75a9f
39/43g,6831f96a6a1a10650512cff4e26aac944b9c00c774b700a22a5c92837fe75a9f
8111/,6831f96a6a1a10650512cff4e26aac944b9c00c774b700a22a5c92837fe75a9f
6829/,6831f96a6a1a10650512cff4e26aac944b9c00c774b700a22a5c92837fe75a9f
többféle,15ea1101df055388b6234dcb359b027b524b8c3ae6cc23d86d8c1aef41cfe0c2
többféle,467cc34e7cfd31eac8905d21ff2deaafa9f5bb342066814e0c08185a96485de6
többféle,b096e9d11241a9cc2bc6d8c8645153bbade3c94faff1a2b24866900a33e127e1
36.5/46/50/51/57g,b096e9d11241a9cc2bc6d8c8645153bbade3c94faff1a2b24866900a33e127e1
11753/9326/8580/8412/ 9014/7152/6580/6451/,b096e9d11241a9cc2bc6d8c8645153bbade3c94faff1a2b24866900a33e127e1
többféle,b1cccc2194af90a4e09c13bc73edfed28b1b8ac69bcf072d466bec14a6ef922e
Tejcsokis,cf7326f2df0eae2741fb918be4dca34a5117fa64b4bcfb00b3d490d457f448e6
étcsokis,cf7326f2df0eae2741fb918be4dca34a5117fa64b4bcfb00b3d490d457f448e6
citromos,cf7326f2df0eae2741fb918be4dca34a5117fa64b4bcfb00b3d490d457f448e6
többféle,b2e1fc89c083ffc9b07daeb3fc9b039ceee7eac729fd7638cb8f427ce898598e
többféle,a07a5abd6a9d3d707fec3e5f408693dbc35e2e2539e204229b841e9fbfc2c0dc
többféle,eac83f53944bf36a14941ae04adc98d665fb178634400e961df2e4bf529c3adb
többféle,addb2e7bb1859690140e3919f5037881e57ff2ac7cd85de437f012fd15707b49
többféle,b0dc1d59a008d20e700c6861c3cacb5ada6c4c3bd8a40f9d02c2da94cb4097db
többféle,4c967448813ab5a370d7b0ecb89710b9a32752b2c258d5cdd122ad64f806a9c5
többféle,203d0348e3bf746227566c45898f9c770f93da6c785f7622685d55dab3858273
többféle,a9a83156a8f5a04790e75de4361ffa666477712b1b4943e53d066647f1a16afb
többféle,25215fe7ff72fbc8f890a79b1e7e94eacd7bc5ebcd9ea2a04c11714a60597f4a
többféle,62d861a88010a32d35118a82741f4e50940b5c8a78a016644fc6850853f870c6
kakaós krémmel,688ea0058b0751282a3d3eb444ec7869d3402d0ce248931264b5c66c6bf9c36c
étbevonóval,688ea0058b0751282a3d3eb444ec7869d3402d0ce248931264b5c66c6bf9c36c
többféle,00b83cf7f010b752287123236b45209c098f62dc7d029ca5439dc97f6b3b22b5
többféle,b96dd8580d1d7ee5de624026994cf3ea11d561a4f344c1cba69c12c4d4b59254
többféle,a5a48318437053c13b30a8fb1c02ccc936b857685b7c35f7305b770dcba5fd18
csomagolt,192def64c432655097d56ed4ee431fc04d77a77e626764fe525fc8e7b4066d18
többféle,3301d267f8b3522deff76f3721e01781e0c7366192975974728bfdf8e5ba054a
többféle,a1311e1aa2d1da97088555ce0c36d41940ff65c665e175f7277c5c0c266c5bb5
többféle,8b496dc03d03671feb083ce21d1ae982ac5b95e4f93432bdf07b9e6210d83491
4 tojásos,1b06c8afa66d74de4b8937ca2ef73263941cd46753f33a97446c545b2c2801ef
csiga,6a6acca6a010ef62cbaf33efef1e86226ee702335f2ce7cb7350a925e3757478
csipet,6a6acca6a010ef62cbaf33efef1e86226ee702335f2ce7cb7350a925e3757478
cérnácska,6a6acca6a010ef62cbaf33efef1e86226ee702335f2ce7cb7350a925e3757478
eperlevél,6a6acca6a010ef62cbaf33efef1e86226ee702335f2ce7cb7350a925e3757478
szélesmetélt,6a6acca6a010ef62cbaf33efef1e86226ee702335f2ce7cb7350a925e3757478
gyufametélt,6a6acca6a010ef62cbaf33efef1e86226ee702335f2ce7cb7350a925e3757478
A minőségű,87b9d1c6c0adbe7fec61a7ac44f8d7b41d9286a4b2709a61ceb3272dfedf41db
nagyszemű,214144c40c1dc9abacd90b4638d54f2f0c9a2fa75fe3d3d43901633b45eb31c4
többféle,7fb2de927f58acc784ed7f9c663bf5e2b24137f6fb0cfb7d3e613575e675f791
többféle,66895b65600cd7b9cc7cd445bdf409273c61812ac6b7a20b4f449e843d5a7356
többféle,dc12a29f0ea9a06d45150965a38cc348ccef85d582d79c292c8e7e567b2f2f28
többféle,073e8df9b23bbcf45f0d645a1474344a3e59f0cb6695512a5b8497e8bddafe7c
többféle,eb7a37a3839a5eb11005ed415ac27e2f4a0d43858bbdc92fea3b8729dfa6c792
többféle,f60098f934b33ed1c110a4216413fb5d1a422169f5eea1e7a250fd50236c2186
többféle,e5cdca45faa62381349039383fee1b0821bca07bddc26332abd3c7382d4d2d1a
-tól: 4663.33/ 4304.62/4239.39/ 3730.67/,2d670235dc7a4a797df2cb6a24f1e29c254aed9f08c8b56bad4e37be8623b0cc
többféle,385c46de1e089f61661c9b91b977c9db29fd4085b6087f7178d188bbec11b9c4
paprika,8577aaa14a9359a24361f6e17bd759695e9c0b0ead29ee72b15330ed83cce499
chili,8577aaa14a9359a24361f6e17bd759695e9c0b0ead29ee72b15330ed83cce499
kurkuma,8577aaa14a9359a24361f6e17bd759695e9c0b0ead29ee72b15330ed83cce499
jalapeno,8577aaa14a9359a24361f6e17bd759695e9c0b0ead29ee72b15330ed83cce499
5166.67,8577aaa14a9359a24361f6e17bd759695e9c0b0ead29ee72b15330ed83cce499
enyhén cukrozott lében darabolt,918e42b5e9a65a61d860e4bc117139522d134d8e074ec84ec347f1d70a974723
szeletelt,918e42b5e9a65a61d860e4bc117139522d134d8e074ec84ec347f1d70a974723
töltőtömeg:,918e42b5e9a65a61d860e4bc117139522d134d8e074ec84ec347f1d70a974723
csípős,5801eff1176b1d94d677b09d8f072292eeca2d98b3bda465ea6a67134791a13d
szeletelt,5801eff1176b1d94d677b09d8f072292eeca2d98b3bda465ea6a67134791a13d
350/175g,5801eff1176b1d94d677b09d8f072292eeca2d98b3bda465ea6a67134791a13d
2369/,5801eff1176b1d94d677b09d8f072292eeca2d98b3bda465ea6a67134791a13d
1997/,5801eff1176b1d94d677b09d8f072292eeca2d98b3bda465ea6a67134791a13d
kisvödrös,3c8ef76c04271667b19c0b66155aeb5163bd5f849d041363d8c3e53570a35ffd
csípős édes,3c8ef76c04271667b19c0b66155aeb5163bd5f849d041363d8c3e53570a35ffd
800/500g,3c8ef76c04271667b19c0b66155aeb5163bd5f849d041363d8c3e53570a35ffd
1124/,3c8ef76c04271667b19c0b66155aeb5163bd5f849d041363d8c3e53570a35ffd
874/,3c8ef76c04271667b19c0b66155aeb5163bd5f849d041363d8c3e53570a35ffd
KÁPOSZTASALÁTA,3c8ef76c04271667b19c0b66155aeb5163bd5f849d041363d8c3e53570a35ffd
6-9cm-es töltőtömeg:,a4591433eb27a5da9427263d1f487d9119712d81a47e839ad5095a992eea9018
többféle,82d210efc9676a1145009389f3db92c17181e5b3b1e03bb9b454b2c008923b1c
többféle,cfb15dc30e5976064ef4d352c4df7a442e86b5a93cf1830dcfde645f80d24101
többféle,2d48a79d78801d203a662d8a9b686570801782798b15ad8f5b5cc987c296c0b0
zöld kalamata töltőtömeg,4caabc1460925023b202c270518e0e1cd940f9138bc0cbea5f24c0ab1c89a90f
többféle,119b645a2fdc7e80b7af0836ab9c9997b5c3b1bbd2e7df024a2ea1f3c8d18a66
fehérbab paradicsomos szószban,a67a00bec451491e88e3fc6f1a07575c1f53afda9cd2935be23c0ed53e3dd287
Paradicsomos szószban,b7661a9ce6bb469bddf46840dc602d17bd4d23758cf2a43dd5c03c262246dae0
sós lében töltőtömeg,73ec66347460464699ba03f13f49eb0c408c2cebf185671727285b49415fcba7
többféle,b4d1d7cc731350826457ab5662494f00bdfcf08a66fde3eea851d019f784c7ae
400/410g,b4d1d7cc731350826457ab5662494f00bdfcf08a66fde3eea851d019f784c7ae
1313/,b4d1d7cc731350826457ab5662494f00bdfcf08a66fde3eea851d019f784c7ae
998/,b4d1d7cc731350826457ab5662494f00bdfcf08a66fde3eea851d019f784c7ae
sólet csípős házikolbásszal,37c08c74c89d75caba4efa6fbb68f6caa9dc0ba841bccca74527d75b24b3de8b
bográcsgulyás,37c08c74c89d75caba4efa6fbb68f6caa9dc0ba841bccca74527d75b24b3de8b
többféle,bd4b81945c8be38fc4c97808b22d756374a71ec8a7cd7ab4c4929d7bc884d976
többféle,82ec2af6bef1d93d93718c839a0dc2e4eaaa79221c4f28d77de454602239d72e
többféle,030fcf6e0834b39a6fa7c2012ceebeab99e2c0c638918ddd872883ee22fea7dd
többféle,168145c0e76d7a7fb4020b9974da214e5165f28c45ffa056ba3a1351462d0c30
többféle,ddff1076ad724991451b9e581bafb0e7c854241cbb2bc90e6633802c2b515929
többféle,e97851274ac3b8109166c1d87a4f0858dc5ed74bd82aa98239bfb2a1b7c8ca66
többféle,b3d9bace4f2f37b8ba4757e89ebdbfd677064ab6a8abcd03677818c1ee69fe7b
többféle,5ea4dbc961aaba7975c194e84e0dce965d29ebe0f064c6c00d57bb175dad384c
gluténmentes,5ea4dbc961aaba7975c194e84e0dce965d29ebe0f064c6c00d57bb175dad384c
többféle,18f79214742e47db4cd1025b85eae66ef355cff1e7e415ed04387fc25b419910
többféle,f03ac5b3175b4e9a38bdf68fdbcefe105f023ac6b2e6f4d18d1b71772ed21247
80/100g,f03ac5b3175b4e9a38bdf68fdbcefe105f023ac6b2e6f4d18d1b71772ed21247
3738/,f03ac5b3175b4e9a38bdf68fdbcefe105f023ac6b2e6f4d18d1b71772ed21247
2488/,f03ac5b3175b4e9a38bdf68fdbcefe105f023ac6b2e6f4d18d1b71772ed21247
Sós,9201d6b197447150557f5414575748c87b7b3437a57f69bd42d9b668e62d1faa
tejfölös-hagymás,9201d6b197447150557f5414575748c87b7b3437a57f69bd42d9b668e62d1faa
paprikás,9201d6b197447150557f5414575748c87b7b3437a57f69bd42d9b668e62d1faa
pálmaolajmentes,c9beecbc0566db6164ffff81e136ec873d9c3dbf95551cec564f8d429b612b81
többféle,4ca21dd00d095a5fa00d09d61de90441a112f3eb10d548863ab47ef4e777534f
60/70g,bab2f0a2217c414a873e568a370f59be252dbf6f436493b8bc37c6edb556c72c
13150/,bab2f0a2217c414a873e568a370f59be252dbf6f436493b8bc37c6edb556c72c
8317/,bab2f0a2217c414a873e568a370f59be252dbf6f436493b8bc37c6edb556c72c
Ajánlatunk a készlet erejéig érvényes. A választék áruházanként eltérő lehet,7aaa9a89ec4dd8d9914e7ae7271f79ff92e63d5cd9adf55c2965934121b9778d
Pörkölt,14050fbe4aa2b45fd55a11c3ba82a32b4823a1837fa0b4ea1b9d16813fcb3b96
sós,14050fbe4aa2b45fd55a11c3ba82a32b4823a1837fa0b4ea1b9d16813fcb3b96
többféle,9dc904d6ecbf2efb546d9ef017592d6f28d464508aaa6d596d1f43d12a89844e
40/48g,9dc904d6ecbf2efb546d9ef017592d6f28d464508aaa6d596d1f43d12a89844e
60/75/89g,d74c626f3ed6394d31c5e3f0fa3f6002b8646691aca2da0c1a446e1fb9465a13
: 729Ft,d74c626f3ed6394d31c5e3f0fa3f6002b8646691aca2da0c1a446e1fb9465a13
12150/9720/,d74c626f3ed6394d31c5e3f0fa3f6002b8646691aca2da0c1a446e1fb9465a13
: 1098Ft,d74c626f3ed6394d31c5e3f0fa3f6002b8646691aca2da0c1a446e1fb9465a13
9150/7320/,d74c626f3ed6394d31c5e3f0fa3f6002b8646691aca2da0c1a446e1fb9465a13
többféle,6d177fab4888d0daa1d7a5875cbf69c90e228b144fda3056125b0d3a9051c5fe
többféle,46ce6c0afe743aad11da01521834b2401027a654312993111af4e6d37617c109
480/500g,46ce6c0afe743aad11da01521834b2401027a654312993111af4e6d37617c109
4165/,46ce6c0afe743aad11da01521834b2401027a654312993111af4e6d37617c109
2915/,46ce6c0afe743aad11da01521834b2401027a654312993111af4e6d37617c109
többféle,8c4f48b88f251e31c471e54d36cc960cce9b8bbf59e3b481cc45149d63564520
angol,34aa01265fe272d42e574e65f41d69967368e4f589b1b463b1ab8a05b061aad5
bajor,34aa01265fe272d42e574e65f41d69967368e4f589b1b463b1ab8a05b061aad5
többféle,1943dc25d3f7b8e86400a607d2a13250a29d6e769a1e5ac34c1f60aec93e20d2
többféle,4047795eef5e4ca8ec7db3f61113b1bc044b8b5793dcb503dcc5990e4391d838
többféle,2d217f8d7d7a6f6cc04c87913634d61f647befbc97ecbe4061022ca0c2060052
230/235g,2d217f8d7d7a6f6cc04c87913634d61f647befbc97ecbe4061022ca0c2060052
4213/,2d217f8d7d7a6f6cc04c87913634d61f647befbc97ecbe4061022ca0c2060052
3300/,2d217f8d7d7a6f6cc04c87913634d61f647befbc97ecbe4061022ca0c2060052
többféle,c7413b054a09a26e6ce7fa1ad8bc8640dac0ed91657357847112eb17a5516347
340/355g,c7413b054a09a26e6ce7fa1ad8bc8640dac0ed91657357847112eb17a5516347
5732/,c7413b054a09a26e6ce7fa1ad8bc8640dac0ed91657357847112eb17a5516347
2938/,c7413b054a09a26e6ce7fa1ad8bc8640dac0ed91657357847112eb17a5516347
többféle,04a23334c293cb140e3e154aa309634c07068b4cb762b2cd711062a822518dfc
többféle,2b3ddcbdd61dfb040ff2956b3d33cbab831475d8c562f60230deda57cb293b03
eper,4a5031a19036506ea12e3b0e9e95d76262df75d62373d468304e76f8d3fec461
sárgabarack,4a5031a19036506ea12e3b0e9e95d76262df75d62373d468304e76f8d3fec461
vörös-fekete ribizli,4a5031a19036506ea12e3b0e9e95d76262df75d62373d468304e76f8d3fec461
gluténmentes,8cce6b86696bc8224330047703f06d397f02868aff9cb60302a96a463098b5bb
többféle,d42b286c9fb01fa789980e4cbe8dbdd01e356db5708f01ef3947888457ba1c39
40/44g,d42b286c9fb01fa789980e4cbe8dbdd01e356db5708f01ef3947888457ba1c39
Kovásszal,a6d1bc896fed1954d0d0ab9fc75ce7398e62cf3daa4c54d1eeaf0b0b3fa7ce75
szeletelt,6b9a5ea6f3fb37a4dc3ebbd0796a18caa76b36331a509d043a2fe94fcd3edeb9
csomagolt,6b9a5ea6f3fb37a4dc3ebbd0796a18caa76b36331a509d043a2fe94fcd3edeb9
frissen,5bdd5ec4935489ceba0aea860a14bebb1b2b2beb6145f5ab749a0d75fc826582
sütve,5bdd5ec4935489ceba0aea860a14bebb1b2b2beb6145f5ab749a0d75fc826582
natúr,74f3b6303362a0b8cd8de2ee36f5113cf80be35131b8c4d952348cefffed8de7
fehér,8b996677ef99c60b635fa6f5ef56a78573d332b57e9f366e477890b078e87017
teljes kiőrlésű,8b996677ef99c60b635fa6f5ef56a78573d332b57e9f366e477890b078e87017
szeletelt,8b996677ef99c60b635fa6f5ef56a78573d332b57e9f366e477890b078e87017
csomagolt,8b996677ef99c60b635fa6f5ef56a78573d332b57e9f366e477890b078e87017
szeletelt,b76dd147cbc4b0707fdbdf7caae9d2f0bedcb8c05481f53ab88b9af734a17a00
csomagolt,b76dd147cbc4b0707fdbdf7caae9d2f0bedcb8c05481f53ab88b9af734a17a00
többmagvas,15802e51b323b109f904b265e5d2164d1789b597604c2f4bceeccb696f0cff08
fehér,15802e51b323b109f904b265e5d2164d1789b597604c2f4bceeccb696f0cff08
szeletelt,15802e51b323b109f904b265e5d2164d1789b597604c2f4bceeccb696f0cff08
csomagolt,15802e51b323b109f904b265e5d2164d1789b597604c2f4bceeccb696f0cff08
frissen,617fcf9b97526bc560227fb168af04a10ab44dbf0dbcd14720cfec884f16f330
sütve,617fcf9b97526bc560227fb168af04a10ab44dbf0dbcd14720cfec884f16f330
többféle,1873b9897ffff0bd80353776ad956634a492f564639c8cea33adc1578076fc5d
csomagolt,1873b9897ffff0bd80353776ad956634a492f564639c8cea33adc1578076fc5d
frissen,7972c84faad19dd1a43562efb784a3605520f9a239bbe2fce100c934769e10d3
sütve,7972c84faad19dd1a43562efb784a3605520f9a239bbe2fce100c934769e10d3
frissen sütött pékáru,671e58b9190d6fdf82ac208a543ee2b4744d9b830d16cdb448cf738e8f280262
frissen sütött pékáru,836327e1129c85f35a027d47fdf4dbda3d917b49c9cb03b2a6f26d7e4920aa31
Cukorszórással,2695a3036db9c80f546359dfe3fdc49439fb96d552bd486503b14c929b91e3e4
frissen sütött pékáru,c098ceb009749859a77a1050ebf4749b1a6929afe7d1b1297879429dd7db76c9
frissen,bc096e52487462a87a4f82dd6e16506d42ca4951de4bbbe09f3e0cff5be5d014
sütve,bc096e52487462a87a4f82dd6e16506d42ca4951de4bbbe09f3e0cff5be5d014
frissen,b7feecb601b8c6b0b963c64f7a0bd64cebe2742ddbebbe6f7d7d9c2bef90ed09
sütve,b7feecb601b8c6b0b963c64f7a0bd64cebe2742ddbebbe6f7d7d9c2bef90ed09
többféle,8ba6606b7433bc77a10fa9f40d45b6c2501d7c0e7688b32735c43755feef410f
fekete,061c4db5ef2f40dd952ceb81c330520414d338f87223e5437d3a5cc349765381
frissen sütött pékáru,10295ba720a6ceb871e60f8f551baeef811b8b8921bfe6c6e2e9076a0a475c41
sonkás-kukoricás,10295ba720a6ceb871e60f8f551baeef811b8b8921bfe6c6e2e9076a0a475c41
pepperónis,10295ba720a6ceb871e60f8f551baeef811b8b8921bfe6c6e2e9076a0a475c41
classic,ee97b8f6322272e26b9e8dd8d0bb2cb4fa9edaf33dafc0f724cfc487061e4b2b
lenmaggal,7e18952ef39418fa959271e62b0da3f3bfcec37a854941e53c820042710f2e3a
csomagolt,7e18952ef39418fa959271e62b0da3f3bfcec37a854941e53c820042710f2e3a
extra szűz olívaolajjal,78336641e2109f92db676f801d299214f3a8f2b77e8e38774e6d0b7a97d7844b
Natúr,ec3699e106ddfdc6f1d2426cb35f533932c0c2397565296b94f942adb81fc28c
teljes kiőrlésű,ec3699e106ddfdc6f1d2426cb35f533932c0c2397565296b94f942adb81fc28c
chia magos,ef867961b1db3be45dd3ca18e3602f82c03d70fd231fc8e72f8441e5d2aead18
csomagolt,73533a349b5c7b57b8c1e7fe6a17a05b66754f264678d84f5af43b472c1da6dc
Quinoával magvakkal,c0c73279d1834bb3884443cc80c8e591c9d01413ab6acd990a90d9bba98fac1e
goudával tökmaggal,c0c73279d1834bb3884443cc80c8e591c9d01413ab6acd990a90d9bba98fac1e
zabpehellyel chia maggal 3745Ft,c0c73279d1834bb3884443cc80c8e591c9d01413ab6acd990a90d9bba98fac1e
többféle,c7d9ca1a093e261709d4bcfb038d2cf2d3fa87281cc7b758919ce568b8f16a96
többféle,f70efce9de8246b7c63884c0846ec96e08836b5b1fa0c38d8765372b7080afd0
Falafel mangó,14b8af62bcc23cb8545231839711ea47d1b99b92ebb17bdfe84c8195e251cb95
avokádókrémmel,14b8af62bcc23cb8545231839711ea47d1b99b92ebb17bdfe84c8195e251cb95
piros pesto,14b8af62bcc23cb8545231839711ea47d1b99b92ebb17bdfe84c8195e251cb95
szezámpasztával paradicsomos készítménnyel,14b8af62bcc23cb8545231839711ea47d1b99b92ebb17bdfe84c8195e251cb95
többféle,674ccd6ef34829489767d41dde0015e5b198ebc3d25792ae9c25a52c686cf8d4
natúr pikáns,c96426b842ba15c9e765fcf4ccc2fed216507d7c3755d4a9547cac13d1c12f8b
natúr,dfd8bb21205dcef5865e485c70cc14273d7a307305ea0b7de0990e4fa32c6a07
többféle,fce37ed880f8dda2cd501d684976afc09c4229d9f1fb5ad9b88117f74310f058
többféle,3a2ec69d73e853d705cc409561f9be4817d438ea14cefd964be1598cf4c7e43a
Zöldségekkel,1653be5bbe7df638448176147026b0de6cd1ff7ca467e0435d7cc0d6b80c92a6
csirkével,1653be5bbe7df638448176147026b0de6cd1ff7ca467e0435d7cc0d6b80c92a6
többféle,b66cd31d1f3ae3a2a1893815007ac6a73240558a474807a0daa07a3705b5dcbd
320/355g,b66cd31d1f3ae3a2a1893815007ac6a73240558a474807a0daa07a3705b5dcbd
gyorsfagyasztott,a7870e264aa834d1bd384c099a4a580372c90e8c4221684e2d58dd0060f2e605
Bolognese,6a22efc83f075c8d3edd866eb894756a9ac2183d517c0d9a20768ca1a7d2a93e
spenótos-ricottás,6a22efc83f075c8d3edd866eb894756a9ac2183d517c0d9a20768ca1a7d2a93e
csomagolt,6a22efc83f075c8d3edd866eb894756a9ac2183d517c0d9a20768ca1a7d2a93e
többféle,ea0eeac2f8ef18747757006b8fa2f23c86427118fe71b9edbda98dc709c6ddcb
szeletelt,4482b816f611c73f2ea2965b5b16d2ef646019a030b67833ef704f8b1435abe3
többféle,342b7c26466f300d184266b13135a48ccee506429b61a88455ecbd51f434434b
többféle,43a2eadac7460930dd04182814beec311b311f62e1e7d25e38b386e8e57d114f
kétféle,7f2cccf890614566ee24ecf242fc4a49bcbc44ced11a9ea2eb920180367f5066
8878/ 6100/,8e3bea9b9eb84bf6ee0804447a0061ca55e4048ba00f77f616a0f4c83db20499
90/100g,8e3bea9b9eb84bf6ee0804447a0061ca55e4048ba00f77f616a0f4c83db20499
szeletelt,efeb6458b0b64f2694c792210a47bf05e1e402febf867d3f0dd93a7508a46aef
csomagolt,efeb6458b0b64f2694c792210a47bf05e1e402febf867d3f0dd93a7508a46aef
csirkemell pulykacomb,1d5c6ee95a110f26e3c528d24acb8b9bdab3e78e1c99400cb6100a80bc4ee658
A termék a csemegepulttal rendelkező áruházainkban kapható,89c94541a569c6e23591e6c6c7ae4cc1edac84959e7163fbee74cb144668159a
csemege csípős,402210a4d7a163d2897a5786fbbf2e6c845b555731cb8dc643777a61bd20537d
csemege paprikás,10b45c69322b46ea96801a67b5cc35c30149d9b11c5b786a958fc61079815170
csomagolt,1e729dc969ea47186918674e52bf358faa3998713749c01ced79fbbc3d223d31
szeletelt,d5a0b25c187ed29ffc3406852dab1c34f2d06c0e3dfbc3360536b4f61d1eedc8
csomagolt,d5a0b25c187ed29ffc3406852dab1c34f2d06c0e3dfbc3360536b4f61d1eedc8
gyulai,e86a34ace60897c742a3bf93cae837f3dd22c2837aaa59a7c1cd5b337e8e876d
csabai,e86a34ace60897c742a3bf93cae837f3dd22c2837aaa59a7c1cd5b337e8e876d
szeletelt,27d80459d8967d2e8de7a825614470dfea915a8e2aedd432e509dbcc14864fbb
csomagolt,27d80459d8967d2e8de7a825614470dfea915a8e2aedd432e509dbcc14864fbb
szeletelt,45438c4ddc6057497b8cf0031ef6019f9a9aa5610ec0ffa332a0f4e674e9833d
csomagolt,45438c4ddc6057497b8cf0031ef6019f9a9aa5610ec0ffa332a0f4e674e9833d
csemege paprikás,ce3241ec496efd6ed6bd2d4267dccc545db70dd8f7a03ea994bc21fada0b1cd6
szeletelt,2b5115e201d8c4166348aadce1652236c9a70f306a9cf70d5500fa2bd21e8de6
csomagolt,2b5115e201d8c4166348aadce1652236c9a70f306a9cf70d5500fa2bd21e8de6
klasszikus sajtos,72bea97162411513b54474727f5003444f2c60c1a709c33b26a94b44bf5eedea
többféle,17a759ee860a7ba25faf9485bfcd2f45f43fd374a73d5b3c848bcf3207cc6ba2
csemege csípős,d31d2f7d5db58f236b6694abad0cb359fa3edb0185731334c80658970e09001a
füstölt,fe0872b5130ad433301b7b46d43cf5520399dda7550ab2b588e34b72bcf8565c
főtt,fe0872b5130ad433301b7b46d43cf5520399dda7550ab2b588e34b72bcf8565c
83% hústartalom,9bb2836f70260602b6e0bf1a67d5b7fd551b45c66c9a94054254aad314e1385e
natúr,66135ab3d09ad689e124e95e6e27f3c5e29a0c588e2482f9256d8681e07d6253
csomagolt,8d86488a33953a58d307433c5b061d67c4c9b3354f60882e42dab18f2164ac57
csomagolt,7502207df44bf2c71f1a16531f777ae3895fd73d1cc91667b6257c065173b4d3
többféle,6dd4d1b3ec566febdb1346f42862d147e5bd843cc6164ce4e5caee202d79eac9
csomagolt,6f48028257d91a1c80761a029daba35f4ca035060a977da4e6a8efb932493162
Füstölt,a788e5a163825c69451659cb4722799b2b9eb00b65b9aa87548f5ecb3e2d9cb6
csomagolt,9d19bf711e86e3a1e990e34fc8f397190b7c40772510f7f61c3b830ee1bd9d40
szeletelt,203a6b5dcec7069c2ec123d19ec5f0f14d47821fc2b9cb7277b8dc2a957aae71
csomagolt,203a6b5dcec7069c2ec123d19ec5f0f14d47821fc2b9cb7277b8dc2a957aae71
darabolt,d063d4d6c9d01feb4becafa99c7e6125326d63aef0afc3d5b9427429c4e3ef51
csomagolt kiszerelésben is kapható 2790Ft/kg,d063d4d6c9d01feb4becafa99c7e6125326d63aef0afc3d5b9427429c4e3ef51
Változó kiszerelésben kapható /kg,9b6d28af2f4e7466a34d9ec0b2625a6ee4257c8b235893fed7ec309a8f70cc6c
többféle,b9c80c7172ed244435769f817e31c22e31f23f60b91049783d28505cbb939de7
többféle,64ebe2709c0b407727fb81ea0f9005a68f3e10c468e5c91cb92319bfa7691e34
5540.91,64ebe2709c0b407727fb81ea0f9005a68f3e10c468e5c91cb92319bfa7691e34
5804.76,64ebe2709c0b407727fb81ea0f9005a68f3e10c468e5c91cb92319bfa7691e34
csomagolt,918bbe6d016da9dedc418afea90802e5ff47fa2af7d53808498059fd333cbf89
többféle,6b17863c93045ddeb34c08999469919bfb8eb3734960531ccf2925c9e5379bbf
: 1999Ft,6b17863c93045ddeb34c08999469919bfb8eb3734960531ccf2925c9e5379bbf
: 2398Ft,6b17863c93045ddeb34c08999469919bfb8eb3734960531ccf2925c9e5379bbf
csomagolt,30eb92d3df552599740ccb69aafb2deb3dbdbb265c2c14165aae8a1342aba550
többféle,ff454825091c8354a3ce7e19d53618827a59d129dd0dc9e2aaefb36e67dc19fb
50,ff454825091c8354a3ce7e19d53618827a59d129dd0dc9e2aaefb36e67dc19fb
többféle,a11e2a251ec797bc98e86153a94c7e256791d7b5849a7ba4f71c482df01bab8e
100%,95c2c697cf8bb1494891b24ce3fbadb1a4d02963de3b8b38bea4ca911c191ca2
100%-os gyümölcstartalom,10978a43f9dab3f654c2c272c9fb3b4afae33cd24d8be163bbb629f14ad1bb26
többféle,ce5d65640ff120bd39bca6952f46a91752016bc9a4309b74c90664fe1e3d2177
többféle,5b3203d6fb0d3d38fe682f8c0d3f5f5a744d957d59f94d69524fc0d07c5db463
50,5b3203d6fb0d3d38fe682f8c0d3f5f5a744d957d59f94d69524fc0d07c5db463
100 % gyümölcstartalom alma körte,dd7f3ded1e41b8aa1c37d37f968ab1ac490969d7c2c42e61d74f0dcf08e55050
többféle,bc49eae27accba5647061c1ddce58d4757b4afb0458a111c6ff61728887d8189
12-20%,bc49eae27accba5647061c1ddce58d4757b4afb0458a111c6ff61728887d8189
: 599Ft,bc49eae27accba5647061c1ddce58d4757b4afb0458a111c6ff61728887d8189
: 1058Ft,bc49eae27accba5647061c1ddce58d4757b4afb0458a111c6ff61728887d8189
többféle,7dafa4c5857a684efbe10ef8db3e0896ab9364dd59530b65eb6c6142a581789c
20-25%,7dafa4c5857a684efbe10ef8db3e0896ab9364dd59530b65eb6c6142a581789c
: 689Ft,7dafa4c5857a684efbe10ef8db3e0896ab9364dd59530b65eb6c6142a581789c
: 1098Ft,7dafa4c5857a684efbe10ef8db3e0896ab9364dd59530b65eb6c6142a581789c
többféle,701db09c35e2491ce4a1c867fe50e1480e6863c46918c56ad869ddaa129a7777
25-100%,701db09c35e2491ce4a1c867fe50e1480e6863c46918c56ad869ddaa129a7777
: 999Ft,701db09c35e2491ce4a1c867fe50e1480e6863c46918c56ad869ddaa129a7777
: 1298Ft,701db09c35e2491ce4a1c867fe50e1480e6863c46918c56ad869ddaa129a7777
Az ajánlat a Rauch happy day mangó,701db09c35e2491ce4a1c867fe50e1480e6863c46918c56ad869ddaa129a7777
gránátalma,701db09c35e2491ce4a1c867fe50e1480e6863c46918c56ad869ddaa129a7777
amarena-kirsche ananász ízű gyümölcslevek nem vonatkozik,701db09c35e2491ce4a1c867fe50e1480e6863c46918c56ad869ddaa129a7777
Gyümölcstartalom: 100%,d42ba3b5b5f17902d0a4ff844eb42ce89cbb9b0f67a366936ad2e40089f59283
100%,5f0a7f8a27b216726977b18baa6faa5480b3d267fbd1d829fa3cee301874b8bb
narancs,5f0a7f8a27b216726977b18baa6faa5480b3d267fbd1d829fa3cee301874b8bb
narancs-mangó antioxidáns,5f0a7f8a27b216726977b18baa6faa5480b3d267fbd1d829fa3cee301874b8bb
Gyümölcstartalom: 100%,2186064a7d710b0b3e79021bca2a74b10b2e810ade66aeaacc625add1c27c042
100%,6af25d357aec0052c5806b106f1c8ee9e602f3ebd2be65e02c06adb4f0ac71ca
többféle,f537f65bad05bb7d9e6b64bd2fcb4e7f4708518bd830d1cf3c4e655fc7de0490
50,f537f65bad05bb7d9e6b64bd2fcb4e7f4708518bd830d1cf3c4e655fc7de0490
bio,f537f65bad05bb7d9e6b64bd2fcb4e7f4708518bd830d1cf3c4e655fc7de0490
többféle,8550c821f043014c2e2c2af4aff585bf1cf73bc5e9d6968b2f3f7752564bb5b8
50,8550c821f043014c2e2c2af4aff585bf1cf73bc5e9d6968b2f3f7752564bb5b8
többféle,790f278233f798df51937932277b5ceb5e83bb2e4269453eb966662ecfad23a9
Többféle,fa529a108ccad8032d062cb1f138f6b882850d77297c7ab7acdcebb87b503108
-,fa529a108ccad8032d062cb1f138f6b882850d77297c7ab7acdcebb87b503108
többféle,ccedc7c46abf5a4ef66126e9c0352cbb754f098daad80e8fe99d60eb8d23fca0
többféle,a50bf612971971d9cc7e97938bec3ff22abbe8ed848b5ea2d83c75165ba12bfd
többféle,79a96619ca36b537952c47b5666bac1dda728b517ee513b1a416648551017ae7
50,79a96619ca36b537952c47b5666bac1dda728b517ee513b1a416648551017ae7
többféle,0529de22599ba0c8a890d15500ade0712b9299669cacb0007e98397c1e95d0e4
50,0529de22599ba0c8a890d15500ade0712b9299669cacb0007e98397c1e95d0e4
többféle,346e4a44f88cf9e3ab90c1c4db7fb8058cb6811714c02bcf16eb485c8e1efe00
cola zero: hozzáadott cukor nélkül,346e4a44f88cf9e3ab90c1c4db7fb8058cb6811714c02bcf16eb485c8e1efe00
többféle,a62bb147296c06b69e3448130b8f92f00e5e861447fea0c71e46f00fb8fa6779
: 698Ft,a62bb147296c06b69e3448130b8f92f00e5e861447fea0c71e46f00fb8fa6779
többféle,ec568ae852758e2540b46913db1ea09ce5b8f29b67c7d96a1b530787e8622498
többféle,ec8a76deb126ec489c9989e46c2b0ed007bb67698503f75ca100ef4e81a5ab81
50,ec8a76deb126ec489c9989e46c2b0ed007bb67698503f75ca100ef4e81a5ab81
többféle,51b830c5f40aa4f55e7475aedb6117070b1c820bd7fa3312ca8378ee9c101c30
többféle,51b830c5f40aa4f55e7475aedb6117070b1c820bd7fa3312ca8378ee9c101c30
többféle,3d6698842ef5313736b0774da43f0b457d2a77ba2dba8ad37f89e97f4f4694bc
Exotic grapefruit,d598edb62bf698d36867b60a8484fb42060a035a3b26e586340aba86da383523
+50Ft betétdíj,d598edb62bf698d36867b60a8484fb42060a035a3b26e586340aba86da383523
többféle,81b06126379715e5b8175b8c039c9191f23d9bd1d5b9fb184c64ae6522f79f81
50,81b06126379715e5b8175b8c039c9191f23d9bd1d5b9fb184c64ae6522f79f81
klasszikus cukormentes almaízű ananász-kivi ízű,016d6349479edf349422d361875279919b5cfdd812cc0f537611f80dd104d18f
többféle,471e2b61a25959315a7fbf6d482916df0078e5042979a446dafd796a441a668e
: 358Ft,471e2b61a25959315a7fbf6d482916df0078e5042979a446dafd796a441a668e
többféle,ef97ff2afeb4a9bc8f1e29153ed35ec3cae2c45d24b283914f4b7ef19f8205ad
többféle,8658ad310fbedd6303a80f3444d2e21c85bcfe54d2c3a6825a6bf03e500e0b0d
többféle,7a40aa1ee822a4bc3a70f1f961334fcb9c2c8476899263a5daa255d461f97887
többféle,0a5d3b0d67ceb02e83cbca209d820076447a05f44a16026da359cc09304937f3
többféle,06db4eebf8cf7d7e8ca226ad5cf0d3290eafc2aa453cbcdd4ff09e1589b943f6
többféle,c87fd12695de7a566a42c9badf2d7b5b7dbcb9d0df1561077c105833edb84378
többféle,1a7dbb29e8c94fe453e92667b571c9f822c8db47042d224a7a57f093ec0ec685
123/128g,1a7dbb29e8c94fe453e92667b571c9f822c8db47042d224a7a57f093ec0ec685
19504/,1a7dbb29e8c94fe453e92667b571c9f822c8db47042d224a7a57f093ec0ec685
15439/,1a7dbb29e8c94fe453e92667b571c9f822c8db47042d224a7a57f093ec0ec685
többféle,d1429857a776612cbe7700b0909115808f322b21cf03071cb182bb77003e6978
Classic,24f8ea7a9c1143b19640995908e9c52a7a73ef5d46ac18f25da413be396cf1fa
Espresso,24f8ea7a9c1143b19640995908e9c52a7a73ef5d46ac18f25da413be396cf1fa
többféle,0fbf90e0b94883c98e96eaba2f33064dc68bc4a3ecc599c192e9c3244a3c7e2e
többféle,212fe2f6cc3be530a1b79b888920f381012e0f238184653635bf8ef85601fd07
753579 vegán cukormentes kókuszital,212fe2f6cc3be530a1b79b888920f381012e0f238184653635bf8ef85601fd07
cukormentes mandulaital,212fe2f6cc3be530a1b79b888920f381012e0f238184653635bf8ef85601fd07
ill. NOT MILK 3.5 %: hozzáadott cukor nélkül,212fe2f6cc3be530a1b79b888920f381012e0f238184653635bf8ef85601fd07
szénsavmentes,9f54dad4deb827fd040e2079d0c5d9eb9f68c677302fa9a726838c3f50cab26e
szénsavas enyhe,9f54dad4deb827fd040e2079d0c5d9eb9f68c677302fa9a726838c3f50cab26e
: 594Ft,9f54dad4deb827fd040e2079d0c5d9eb9f68c677302fa9a726838c3f50cab26e
extra dús,75dca455f93c9367505aec97f74a4666014013ded56ae63670ebab05092d721d
: 1014Ft,75dca455f93c9367505aec97f74a4666014013ded56ae63670ebab05092d721d
többféle,95d77c9d5529b56c3495b4530daa6a6b5b2bfd70aed40c39385eedfde6c343b7
: 1014Ft,95d77c9d5529b56c3495b4530daa6a6b5b2bfd70aed40c39385eedfde6c343b7
50,36c47480bb019dc9a862339abaee2c7c9101a2d362fdfe30a6695176f58702c0
többféle,368429b3e8546dfcbcb9c0f580dd005d09b499e1a134f52c79e4ab95ecc21b93
többféle,93ba55fea65a75b98ec5dd3f778a5696d32546dae5ee1edc8e831b61cbd40236
többféle,f75bd24b5ea6596f8ee652925a01172be33ec89e233beb790f7843ff40b2e50c
többféle,ddfb0501e6a606608440742412c3c714c450414018d7e25802dfca2d6c175458
többféle,632103a14dcb3b3abdd4e0bac6dbf33564d8da206b20e751ca20188752383ccd
Fekete bogyós gyümölcsök,49bfa7d09db0926e29da85708a851bed010c00682dafe8472848049ee30bf8c6
áfonya ribizli fogadnak illatában. Ízében gazdag textúrájú,49bfa7d09db0926e29da85708a851bed010c00682dafe8472848049ee30bf8c6
közepes tannin-szerkezettel aszalt meggyes,49bfa7d09db0926e29da85708a851bed010c00682dafe8472848049ee30bf8c6
866,49bfa7d09db0926e29da85708a851bed010c00682dafe8472848049ee30bf8c6
szőlőléből készült,c2a804814c7b61b1b0a5aaae9166e7611660688009cd6698ed97f7d0acb12b9a
többféle,bd7df86ae67399d3d49385fab329389552cbfc8d4a1741ab30ac1fbb4a38026f
50,bd7df86ae67399d3d49385fab329389552cbfc8d4a1741ab30ac1fbb4a38026f
többféle,df73f8b204af3717cdfd6cc534806a8d7cf7fb7be672ce3a2e0f4d938fa459e6
50,df73f8b204af3717cdfd6cc534806a8d7cf7fb7be672ce3a2e0f4d938fa459e6
többféle,29019028bbb90d5345a106fdf321198c59aa5da1622e75032733a8f9393f4fe7
50,29019028bbb90d5345a106fdf321198c59aa5da1622e75032733a8f9393f4fe7
50,7916f24e34f06db243fbf4b52f0b1ab859cad4f707560c9d3c5333224f371ee3
száraz fehérbor,21811783895e7641ca1f7d10b9eb6e3823796770e3417c8871b63faef1c7396e
keserűnarancs ízű,a312e3bfb1a32aa37e8f36c6cf0b148af28d5ec487194fda082114a8024bb8fe
szénsavas,a312e3bfb1a32aa37e8f36c6cf0b148af28d5ec487194fda082114a8024bb8fe
ízesített,a312e3bfb1a32aa37e8f36c6cf0b148af28d5ec487194fda082114a8024bb8fe
boralapú koktél Yellow licsiízű,a312e3bfb1a32aa37e8f36c6cf0b148af28d5ec487194fda082114a8024bb8fe
szénsavas,a312e3bfb1a32aa37e8f36c6cf0b148af28d5ec487194fda082114a8024bb8fe
ízesített,a312e3bfb1a32aa37e8f36c6cf0b148af28d5ec487194fda082114a8024bb8fe
játékos,596a3112815acb4a36a81b2241bc0842042403719cb8c0f9ee8d14e118e65f5b
simogatóan gyümölcsös,596a3112815acb4a36a81b2241bc0842042403719cb8c0f9ee8d14e118e65f5b
félédes Rosé Cuvée epres cseresznyés jegyekkel,596a3112815acb4a36a81b2241bc0842042403719cb8c0f9ee8d14e118e65f5b
száraz vörösbor,3b2946719bb59102bb302f615bc6c063521315f65a0c9a4db07f3a70428b611e
lendületes,8e87318e579d697c6335b9deb5454e276dc5243a8fb2cb7d976b62aa3be88d1b
magával ragadó,8e87318e579d697c6335b9deb5454e276dc5243a8fb2cb7d976b62aa3be88d1b
gyümölcsös-parfümös Irsai Olivér kellemes,8e87318e579d697c6335b9deb5454e276dc5243a8fb2cb7d976b62aa3be88d1b
bizsergető lecsengéssel,8e87318e579d697c6335b9deb5454e276dc5243a8fb2cb7d976b62aa3be88d1b
friss,712d2776ca2a0955d2946d1cf19d45b570a8e6f48c69722119adca9d903e3f21
kifejezetten gyümölcsös,712d2776ca2a0955d2946d1cf19d45b570a8e6f48c69722119adca9d903e3f21
érett cseresznyés-málnás ízvilágú,712d2776ca2a0955d2946d1cf19d45b570a8e6f48c69722119adca9d903e3f21
könnyed,712d2776ca2a0955d2946d1cf19d45b570a8e6f48c69722119adca9d903e3f21
lendületes rozé,712d2776ca2a0955d2946d1cf19d45b570a8e6f48c69722119adca9d903e3f21
száraz fehérbor,0e7b1499c36b5ece7833ccbdb625cd8cebb8cdf1f25f9cd89c887dce00eba1bb
krémes finoman tüzes Chardonnay barackos,71c58e7ad2277f2c32bf9d646699526ac257b0ae1ecaf86c654489b34fed3684
érett mangós izjegyekkel,71c58e7ad2277f2c32bf9d646699526ac257b0ae1ecaf86c654489b34fed3684
gyümölcsös Kékfrankos zamatos meggyes,f8994bed57d453460a13cd9d7e6a36347d4c2795ac66e27dc885c0290c039db5
szilvás jegyekkel egy kis fehér borssal,f8994bed57d453460a13cd9d7e6a36347d4c2795ac66e27dc885c0290c039db5
lendületes erdei bogyós meggyes gyümölcsösség jellemzi a bort egy kis fűszerességgel,cfc1b0ba1870e0d24513931f44897a1fe3d118a19db05193923af1e0ffa153ce
lime-mal,403a1c2b83a07fcb26a16b6c6024330a8466bbf355fa2933356bc093eba8726e
izgalmas fűszerességgel finom keserűmandulás lecsengéssel,403a1c2b83a07fcb26a16b6c6024330a8466bbf355fa2933356bc093eba8726e
száraz rosébor,973546fba7e2145db8d447ea9f36d956ad3d2fc071d74c84676b2009c1cdaed0
száraz fehérbor,973546fba7e2145db8d447ea9f36d956ad3d2fc071d74c84676b2009c1cdaed0
többféle,1cec1900d7524764df047639150c6500d4ead65d4427cc4a0384e7d01c91aea3
50,1cec1900d7524764df047639150c6500d4ead65d4427cc4a0384e7d01c91aea3
50,d0ba6ba84db8d58e75bc7f84fc8967c6adcef61992a25c59985e9cc2b939a2ec
többféle,8aced084d24951dad0a1957c25b20bfd7e898c65ce6b90b45d5327a3327877ae
50,8aced084d24951dad0a1957c25b20bfd7e898c65ce6b90b45d5327a3327877ae
50,1d521e133d2c4f5d28ec7d3d4ec4851b77603083c17fd9d18e975727ec31f065
többféle,2cac722933dbe5339eb05e40427196fdcddc9e53b47c051b012fbf37b852647c
többféle,c30736753dd469d813d0e8c56bfce4c8cacdd55c23bb9c54ec5ea57c29baf156
papír díszdobozban,395d6b9e21f38f2ec502807baa913a7aa3cfbc72c6d4220da7eb2f23b72f4b2a
50,beae1936a44874032ddcb63f9371a7bb57570d5d8a44472a3b77c7c73e001e75
50,bc88b68ec8b2be8c353c02f2c698b580332570107e9f9fccbb6f6ad9b73eee43
többféle,03dffe6403b46af1d8af523fe8213637a8e3134277728660d6935cc80dd13303
50,03dffe6403b46af1d8af523fe8213637a8e3134277728660d6935cc80dd13303
50,ad5a4509e2b6ff8118f38aaeaeeb8c1446ed794cec5cbda07907f2545a6bdb72
többféle,265c7e279544f94562e6ddfc52de289536353b6ffd1b3b6547fcafd019ba03f3
50,265c7e279544f94562e6ddfc52de289536353b6ffd1b3b6547fcafd019ba03f3
50,536dd8878e16a95439d9e5777a12bfcf67ee31c4276b526562f3061f51ef250a
50,e2f3ae3c5a854d53cd8ac611d2636578fbab612401f705f32a8aa75f7c880911
50,4be213ad228c447d85ff077c9bc9fb24f316a77752db23e00ce2b35e71b1a6d2
50,fd9b0cdf2746630d10750bb75c206e84d2a11c5184d63389f32e018b788849d3
50,408e0362db3b3ffdbb8fcd6f759a8906e6204300e711d74c8451ab26c41df7cc
50,5a460a04ea03091633902e7cac070c7521d5851770d31eba2146fb499fbc3d41
50,05d08cdc04613d9646b75127983448657c444a50ab95fdaf2782abf1e70e37c1
alkoholos,154b8fde66d548aca0de3608bb632355df7b7f58b17f30fd474f1a4144232f6b
Klasszikus,212cf1f37f37a7b4c72d6fecf7ca6dcd5b367b5d6c6befd1ae43c84fc36d04d0
Peach,212cf1f37f37a7b4c72d6fecf7ca6dcd5b367b5d6c6befd1ae43c84fc36d04d0
Apple,212cf1f37f37a7b4c72d6fecf7ca6dcd5b367b5d6c6befd1ae43c84fc36d04d0
Cherry,212cf1f37f37a7b4c72d6fecf7ca6dcd5b367b5d6c6befd1ae43c84fc36d04d0
Honey Alkoholtartalom: 32.5%,212cf1f37f37a7b4c72d6fecf7ca6dcd5b367b5d6c6befd1ae43c84fc36d04d0
9856,212cf1f37f37a7b4c72d6fecf7ca6dcd5b367b5d6c6befd1ae43c84fc36d04d0
50,47bd7f0a08a8ead89a99a46e0b3be9dc2d7c8102aa6530c1a5f444389dac27f5
üde buborékokkal,a7f51cf865379c2d7f01602ed1c6ea8997743ab946cf3b66142839cecfb2359f
félszáraz fehér pezsgő,0554e259440586d77108c19743966c560aacc129cd4e91eba81981c2a9141281
csomós,23891057ecc698a1680492a50437bf96fd4955f5e809d3ea7f6a296560f4a9af
I. osztály,eca468c69403151972e23bfb797f46f12c949699b90d7ba42076d9396ca95f9c
lédig,eca468c69403151972e23bfb797f46f12c949699b90d7ba42076d9396ca95f9c
gyorsfagyasztott,1ffc8856249f98982e7f7159ab173b0bded7b62478ad2b1de0aaebb594c86e1a
többféle,7fdc96e012ea29680bbb18cfef805181fe18f5dca1a5d2f538a168b1a8cae277
mexikói stílusban,55e37b2e0144d9d9b89057d6cf96943a33e3d6c80cdcaf8342197547e5301720
többféle,b44a822bf3c82803723b74888f2dd45e51c08cc8cfadc4cd1732e7d40d118ff3
6-9cm-es töltőtömeg:,1942cad601ce98963afb7591de53210db9aa8989d3578993214ba18069329227
csomagolt,cfcd8c912e214db861b0f0001be87d1a20c2b1f27ca8003c1a5f797d52358b90
I. osztály,8ac58df80f810106a1c23120e014c9dabf853f8fedafbc72a95e9a9261c48d83
lédig,8ac58df80f810106a1c23120e014c9dabf853f8fedafbc72a95e9a9261c48d83
többféle,fa5ad89ccc89ba8f46cab04f596cfbab5e9ad47179e7d4512af18398c4432225
New York sajttorta,0c7295584cc15a6e6913bcc2a6d9865486ed6b5e895ecc9b3eb4262f70684b9e
brownie,0c7295584cc15a6e6913bcc2a6d9865486ed6b5e895ecc9b3eb4262f70684b9e
többféle,15105f4e8b5dce1ed69649266fe725a0a0b49706910599b3ebe00df8a2b1c387
többféle,5ceb85ec9ebecdc6d28c39ad569eaa03881c5b9e42f54cad83d906432622231c
Fehér csokoládé - mandula,3f18e9f2ff2ec44566aa2e5572f1a5c730fe2ff21e935914e027364434bda593
gyorsfagyasztott,6e53277499695e589880082988ea697319a361c8fafae400a9cadcb852877cd9
gyorsfagyasztott,e06b0f422bad43106531b18e7d42412090b6800a0bfb999b4708b87d1f11511b
többféle,2863673f05e3314a7b1425854ed12b592378ef21d78386344be7cad64b6a4fca
mexikói stílusban,ef7d21aafedb7a2f7b17b45a29a5fd8bbd3338efa1b49db3bc1823482582e8a1
gyümölcsös,4373146c069fcea823855b3cc06a84654da5fb7e3efb6b583c226d34ed5dc130
vaníliaízű /doboz,4373146c069fcea823855b3cc06a84654da5fb7e3efb6b583c226d34ed5dc130
gyorsfagyasztott,b94e3f02f62cffdfc798ac172de7054514c4b23f3a9324ab66f33648dd9fba43
Kávé,20e097ebebd397cf7487f6d7525809f16949bf6fd9a3469e62a691f38bfecbfe
mandula,20e097ebebd397cf7487f6d7525809f16949bf6fd9a3469e62a691f38bfecbfe
gyorsfagyasztott,82acfd5ac3d7885ecdc1d1ebe05021b3e68494b6b64321f25b2889d8381d4422
többféle,bf42b8358b05bd4beb39d8adf549240a06aaefe52b5f24fdef96b3873cd308b7
csomagolt,2c01173c95f25c21928acc86dce5af41767a5718a26df365b76d4c946144eb1f
szeletelt,2a3b9bb82701e0333bc61f42e43cc1df211e553cea743fbc82bf566a8ce04079
csomagolt,2a3b9bb82701e0333bc61f42e43cc1df211e553cea743fbc82bf566a8ce04079
Csont nélkül,af521165f0fab2e180ccd74258273a91291ee538e17f3ce55196308d6be86dbd
zsírtartalom: max. 30 % /tálca,afd25a78294aba3b9aca9090336ca14941a152da2f7d881d5a29e713ff49ae5f
csont nélkül,6bbcc1afb7e168a4694d3bf308d4513734b8cb5d4237aa9c15c8c380f371ca42
szeletelt,efd4f2a7ff7f08a849a10063632ffb0e8c4813cdfcc77c2758f1a4709c35e1b5
csont nélkül,efd4f2a7ff7f08a849a10063632ffb0e8c4813cdfcc77c2758f1a4709c35e1b5
GMO-mentes /tálca,efd4f2a7ff7f08a849a10063632ffb0e8c4813cdfcc77c2758f1a4709c35e1b5
csomagolt,2c30c923a7bbfcef3f7726bd3e5f689f40fabefda04c12a7ca276106ceb4749b
csomagolt,2da3edaff9d7b75c7967e3cf2dcaf68dc23d291e1392442578e667535ee7cfa1
különböző kiszerelésben kapható 6499Ft/kg,2da3edaff9d7b75c7967e3cf2dcaf68dc23d291e1392442578e667535ee7cfa1
csomagolt,eed901a2e12a8261124ae00b99d976e7db4d68a7ec05bbd85d18ad8b1c824e8f
különböző kiszerelésben kapható 6999Ft/kg,eed901a2e12a8261124ae00b99d976e7db4d68a7ec05bbd85d18ad8b1c824e8f
csomagolt,9bbd2b985ec39b847e82609f7dc3406a76f9477cf7d5f5dcaae244c1b8e9cab1
gyorsfagyasztott,f34d08c502342a1639c208b6c44291080e4bfa2c158266345c15f4865d1109e9
gyorsfagyasztott,06a702a10563c33376bcb8bac0a0b770ec9f721acf08e2e4f5f4938a9f4ed4d6
nyers tálcás,0ef5bafd521b005bf4fae288e867a2a99e4fbb5e8be488b5a88d5518bca9871d
Élőflórás,dda2c39b8a18b78c669a46f2d6dadd70f2721fb123d380a0f928fa52935efa22
Zsírtartalom: 2.7%,dda2c39b8a18b78c669a46f2d6dadd70f2721fb123d380a0f928fa52935efa22
esetén:,20d4e91f0c6c8fb523b860c40fe28f18da7ad6895259e01a3a5ab6ffc6bdd500
csomagolt,7f53e62a27cc6c35cb7ea5bdf336637ed6fd512ca897c95af9be7f2719aeee01
különböző kiszerelésben kapható,7f53e62a27cc6c35cb7ea5bdf336637ed6fd512ca897c95af9be7f2719aeee01
laktózmentes,4d28f97e9e6d19b7cfd663e04643e04996eb4cfbd7be9007a891ef72d0bb284e
többféle,c4442f35b1ed459465cdbc166cc40baa62993bc75b9602a5c36126dd8b639853
többféle,d77b4ce3555874acffa47b2fa195bc81c71542462626165ab537cbebf22a3823
többféle,dfd6cfc37a350746836f00136d14c138afaf0e88751cc1273585159cbf5f0466
változó kiszerelésben kapható,dfd6cfc37a350746836f00136d14c138afaf0e88751cc1273585159cbf5f0466
trappista,30e37b0f7c655ba9367bed1f138ee5d7d5dc3f24931bba03875982bfe24a76e3
edami,30e37b0f7c655ba9367bed1f138ee5d7d5dc3f24931bba03875982bfe24a76e3
maasdamer,30e37b0f7c655ba9367bed1f138ee5d7d5dc3f24931bba03875982bfe24a76e3
tilsiter,30e37b0f7c655ba9367bed1f138ee5d7d5dc3f24931bba03875982bfe24a76e3
csomagolt,30e37b0f7c655ba9367bed1f138ee5d7d5dc3f24931bba03875982bfe24a76e3
5192/,30e37b0f7c655ba9367bed1f138ee5d7d5dc3f24931bba03875982bfe24a76e3
csomagolt,4789bd447c001f37a19f1bfd2cb70d697966738683fca05042a94f12c721a58e
szeletelt,7bb13c2866f4469847718ccb346e0a35c84a1bf9f07c22969b520ea6348a2e47
Zsírtartalom: 43%,eb3b007e3315a93c3df554dac37e1de04a496fe55c67c03f3d220a4b8be7cccc
vegán,68bec67b73ba39fd7e73f889d21487d3d9e5b70713377397d615ff5d7948c16e
többféle,cd9149364c3abc73552067c3b8b620439e4b70d5863e2cd018fd34562bd4c738
Zsírtartalom: 3.5%,76f36a5849190cde827dcb85a0f4f1c8aeb602d41c8dd506d34524486be76f42
2.8 % zsírtartalom,606325654ca2c9a53b20e470393ccf9410f9df40c5746f9c9e3ecf1547b89a82
2.8%,cc5b80f96a89ddade09347be5dff9cf7010e81b1686ae4854576e994312913d8
1.5%-os zsírtartalom,8b7fd0fe5ac54db2070e97b273140ec06254d707e8654f79242396934d35d93f
2.8%-os zsírtartalom,dc5f77eed5f06c984aa80658bd73fe8d6eb850787eb686075f0543e390c6d7c3
többféle,59b3a93d5e199a1ff8f5482897e1a9b961498370f9297deba1b1ad48399f3dc4
többféle,20694f4e05458b9f02b7e0066740e0a63130e786f795eb4212df3f07925b8464
5x /cs,869d79537c7d42ad0742e49eca34cbfa96bb92890b0bb024ef01f359b28bb907
többféle,337957d3d828f299807de36dba7bec43184695f44c1a9f0765787a26c62871e2
magas fehérjetartalmú,337957d3d828f299807de36dba7bec43184695f44c1a9f0765787a26c62871e2
hozzáadott cukrot nem tartalmaz,337957d3d828f299807de36dba7bec43184695f44c1a9f0765787a26c62871e2
laktózmentes,5484a453639c023576442c26211e7c9200012a6616bed846dad099efe70e1f26
Kakaós,20aacc01823947c102af2fa3e5ea0d76220afe86f80dc73300b5a1cc4ef77282
mézes,20aacc01823947c102af2fa3e5ea0d76220afe86f80dc73300b5a1cc4ef77282
20%-os zsírtartalom,e43f9ff385e6bea7ceb63f2192375d3000269d2cd1e2b3fa938773db71e82fc1
PENNY Kártyával:,6e25e8e4d5761ebb1c5e9d66a2faf09a208d7a91729d0d3c210864b5034980c8
többféle,012ad8f19b575ff4ced99f3a696c814932e34a7b8efb36f8065615d2b2b3ef4b
többféle,a9c1d6105b605b3f33ed4a450daf078087e94b195fd68a783aec6282836d7647
többféle,7b5058d8b5aff59a40b9a23d61f00a25271a4614efbfd962ca36e1cf42c4a3c1
többféle,8d025c1cc068e38d1bc204a5a3bba2926f8bd59e06f93a4f3affeb53269b0d83
többféle,6ca98af13b1e5cd0321d61fd99294a3c47c4c5b55b71f3ccd310834672775d38
többféle,9cef0ba25b16d58997ea069d96b757f283cc8bdaa965180945e8e0bd70ec642a
többféle,1daaeaa02fd86b6e0d32b8d26c0462496beae1d7f070515b4b5230ed3e67e9e0
többféle,1f90d191c74d5a016f450863d11eb2278ea880500f0330d312bc53d00095527e
csomagolt,2ba44c5c70033d9ccca2edbdae3b1b1dcdc2a66d7545e4ccdb3fb7d0e8c69bc8
többféle,157e1216a8efa1e1d6ed7c68ba2f5aa726e2f08866501e7414aa812b7d909ad1
többféle,e17c84db303f9203f7be6f29acc0827ec9e4edb56526354fc99eef2e0d0d5b9f
többféle,b4f16c77ba51893d67897bc46fb398b9f43c65ad66b4c40247667f3df8ccec42
gluténmentes,7334b6f22377d51ec08ebb92fe3bcaf656520a552a61b9e33a63f5e8dc659532
hozzáadott cukrot nem tartalmaz,4fb7278397d38980a3d5430bc29d596d47d3cb530721ddf0d1a15a5b80f56928
Mogyorós,17e82fce0de4da1d0e4526fd7a1a7836d22909f2618bfc189ac22f7a0daeae20
kakaós,17e82fce0de4da1d0e4526fd7a1a7836d22909f2618bfc189ac22f7a0daeae20
többféle,1abdd878d6947686b396a8fdacbf710bec8f9c87efeae2a78538328a880c1feb
többféle,39149fdeb266dbeb93ed52f247180453c65b1feabd854bfc5a8aeff5c7ec4572
többféle,26471bfedd031bfea01e8ccc1a59b80343a8f519dfa7b89255c61a793b0e8fbf
többféle,ee577a2768cb62989e461f6629096c73c66e2bdb967911d43957e9a8de469ba7
többféle,3429da749b9737db1a00bbc219bb7b79ec9a2b54a3fd2b463af8502b86f20692
csomagolt,d0013b4c18b0e14567503f6b3553ebd74d6c713683c3f65e1ac98e176558ff85
gluténmentes,3fda4990e3d6a7a7ee65bee48d01395eceb8df06c4d5ed150f47dc73a6b63362
gluténmentes,388b0e1e4d7361d7fd2797ac7c5189a496662a613cc882cfa7fdc10121df2257
többféle,ad79d4cceda5f75e1a4f3db5d69f2e23fb214417d4c64e7e7a7efae9ba8757ca
többféle,33e9a77210d11049c36f760eb648f6263d44c3127b7f8a0e27503bd6930e22fe
többféle,df29e7ca725cf102b1d5820500f7c77a35e7b27d9b102dba79254de5417f13f1
gluténmentes,df29e7ca725cf102b1d5820500f7c77a35e7b27d9b102dba79254de5417f13f1
többféle,f1043d67f55d9c47ec31b9f13d3af0ee6fab75904d165f1e4eb85e2e8cbc619f
többféle,9574ebb1befa7a51fead6ec39305483212d72b42603d1e1a4c7a5c2c2b79f4f5
Sóland,463d002f9106635612c970b4a96c8716ff0ff9a59d5ec31490548d6beb26c00c
többféle,3e02fcf94eda9a57fed16d4b3264711f299070c560d37c5f4b94f7c81f45791f
szeletelt,4fac4f55679a2f342481fe2fcc7c91f7aca8875dc3c81e87f4732fd19005a3c2
töltőtömeg:,4fac4f55679a2f342481fe2fcc7c91f7aca8875dc3c81e87f4732fd19005a3c2
napraforgóolajban töltőtömeg:,e77a4ea2d2eabc6cde54b74ccec412d8f241e0a59f0441d7d29b07368b5347ca
többféle,c74f6cdb78d704a21fe8e0b7e937cefcd33184405b7821253e92c0647017c6ff
töltőtömeg: töltőtömeg:,c74f6cdb78d704a21fe8e0b7e937cefcd33184405b7821253e92c0647017c6ff
Mag nélkül,b7d0ec53cd393ef1df88c2315917099bbfc202dff428d4d74ed0ff42dbb55902
Töltőtömeg:,b7d0ec53cd393ef1df88c2315917099bbfc202dff428d4d74ed0ff42dbb55902
serrano sonkakrémmel,523f4ec8d836207b4ee9d920e815f9b2676d14fdada9a12f627a657d9fb9cb70
márványsajtkrémmel zöld,523f4ec8d836207b4ee9d920e815f9b2676d14fdada9a12f627a657d9fb9cb70
magozott töltőtömeg:,523f4ec8d836207b4ee9d920e815f9b2676d14fdada9a12f627a657d9fb9cb70
többféle,09ca6c1837ae258ccc6c4bfa0d04e7dea62955f79317950ad68f1d0965ead045
többféle,5cdfc5a57a680c65e8e32b35197cd5398a0c01dc73e191ef93681ff8b23bfce1
többféle,7b6acc2071e3e8f0a115f410d9f0c717ad2dbe6827b3eee0b7858fc51425f8d1
többféle,7a8441d066da7275e743bc8ae503f66a833f15f17641bf25c9f4b5c015ad832b
többféle,9da3ae180ce3d730b2069d27e7f5b40abe71b54658b130dfa3a54915e4953777
Hagymás-tejfölös,887215f1761a176db4aae7d5053ed34eef545299af7049a5ebd9add4061782ef
barbecue,887215f1761a176db4aae7d5053ed34eef545299af7049a5ebd9add4061782ef
többféle,a6c7e499d831cc4adef6d1f97117db8c029c4fbd65e8e814415a1e0df2ae4249
Földimogyorós,d89a42d6e9a3d2e70b23705c108411275a7b1c1b0169983b22e97b17d487ed8b
Többféle,98a11197d11074f50c1f7a959bea08e90f4695640ce480dca3c4b36507c91cbd
sós,e565cde61ad8f3fd88ebb9703c880878ff9d568b05bc9e2ad953277ec227df89
hagymás-tejfölös,e565cde61ad8f3fd88ebb9703c880878ff9d568b05bc9e2ad953277ec227df89
többféle,8543d5b601f081195254d96359ce42204d3dcb520b83ce6ebdd9d961e2882c56
többféle,a4d95167bc7a119211ef4623d5c382b7c5b0375af1f507b567d25b1f27049719
többféle,f3a818dad7191a4699c939b8e5c7e62ef787a37805dee01e77745f6fc694988d
279Ft/1 cs 655Ft/3 cs,f3a818dad7191a4699c939b8e5c7e62ef787a37805dee01e77745f6fc694988d
többféle,6559c459022ae710a12b7bc209aaa8fed42b26f34f799be41b27ff729b60161b
519Ft/1 cs 797Ft/2 cs,6559c459022ae710a12b7bc209aaa8fed42b26f34f799be41b27ff729b60161b
28/42g,6559c459022ae710a12b7bc209aaa8fed42b26f34f799be41b27ff729b60161b
esetén:,daf7cb85f64e230cccd5609c27210ecb47f8b24238be2447c13ef8af2eab436e
Húsgombóc,c6b8636bb6f28615fd74e60959f5039d9c0df34ba371f67e3857d584bb29cd00
dörgicsei csibe,c6b8636bb6f28615fd74e60959f5039d9c0df34ba371f67e3857d584bb29cd00
májgombóc,c6b8636bb6f28615fd74e60959f5039d9c0df34ba371f67e3857d584bb29cd00
28-30% ref,28d070377e28aa403db4c0d216044270ad8d9b4ab1fbe6859e4a2e4ab5e0bb52
2972.50/,06277ae09394675fdecf5add3fcb6bddd196852a0267235d5937f66085abdfcd
flakonos klasszikus,f57b16ff53fdf4235f15bb607eeec150bf5ed82ababbcfe0d89c3444f8ef2348
olaszos,f57b16ff53fdf4235f15bb607eeec150bf5ed82ababbcfe0d89c3444f8ef2348
Erős Pistás light,f57b16ff53fdf4235f15bb607eeec150bf5ed82ababbcfe0d89c3444f8ef2348
többféle,3811f45c37166e7040e061f4f74794c2d88f5751e38e67ee1f5bfdfa81ff2033
szilva,1bf607ca0db3795e89065038ad09406845eaf3fd2731a60a4198fc629ce4ef70
cseresznye csipkebogyó birsalma,1bf607ca0db3795e89065038ad09406845eaf3fd2731a60a4198fc629ce4ef70
csomagolt,e113a856bccd619c676cb9bce2b06cb096577185932d767aacec07ae4c7abc58
szeletelt,91c511f3a87a47b87d21dfbe4f34bb4c13807a27547d67b6341f87ae53ddcd8b
csomagolt,91c511f3a87a47b87d21dfbe4f34bb4c13807a27547d67b6341f87ae53ddcd8b
szeletelt,72b511b0bbf4a1af6cf84813fbeb3feea0aa64a59bc15ee070cb11b6aa8e1e87
csomagolt,72b511b0bbf4a1af6cf84813fbeb3feea0aa64a59bc15ee070cb11b6aa8e1e87
kovásszal,fe92062b151b2bd14d4476f28904a667a7141375c043ff8a3f801cc6a8b15276
frissen,fe92062b151b2bd14d4476f28904a667a7141375c043ff8a3f801cc6a8b15276
sütve,fe92062b151b2bd14d4476f28904a667a7141375c043ff8a3f801cc6a8b15276
frissen,e14f64a818b61e5255fbdcd6acb093277c25de9fb4b5df7ab3d852c8ffde68ec
sütve,e14f64a818b61e5255fbdcd6acb093277c25de9fb4b5df7ab3d852c8ffde68ec
csomagolt,4a0f26a0b4ecd69650cfb54cf0269dbb96e82613ad6e06aa65db880f8c71a70b
frissen,b441068e82a1ebb3a51b76c200095b5fa59b6bfa8b3ae03f13855886a17e940c
sütve,b441068e82a1ebb3a51b76c200095b5fa59b6bfa8b3ae03f13855886a17e940c
frissen,4a4e4d74791d1ebd1c6389064b89b4750958add67defbe56d3d4ea6f5a0b5b5a
sütve,4a4e4d74791d1ebd1c6389064b89b4750958add67defbe56d3d4ea6f5a0b5b5a
frissen sütött pékáru,2b9e6b67627cf5d31497478b2143dc3de7dfd6380a62e4b61f452a5f0da34a8c
baromfimájas töltelékkel,2b9e6b67627cf5d31497478b2143dc3de7dfd6380a62e4b61f452a5f0da34a8c
Teljes kiőrlésű liszttel,2c06bbbdf491ebdbb09c7bee73d837857d59529b09f6cef1d087a62acb87f703
frissen sütött pékáru,241c655d7e095686a2b6e594e3c43798a8278202dc9735f14d3c94a8f788296f
többféle,21875ce9fafc945a65cdd96e1eea9ef07f1395b44a87a4eefbadf8ffffccadb0
frissen,b0c13f6b313637040935ab5b2d77ac58fa9a9780cae5ef03db281073163ebd64
sütve,b0c13f6b313637040935ab5b2d77ac58fa9a9780cae5ef03db281073163ebd64
frissen,de1f9d517c07ef60969788ec31b755d88b1d3f3e447964e2f63ecd318ef9debd
sütve,de1f9d517c07ef60969788ec31b755d88b1d3f3e447964e2f63ecd318ef9debd
frissen,577d179558d07590f2d3cf67c9d4c50ff3a794b162f9bf0449ccd1303bb872bb
sütve,577d179558d07590f2d3cf67c9d4c50ff3a794b162f9bf0449ccd1303bb872bb
kakaós,37892a006dac630578b8b296e96105c6ad6aca671ba4f55424bd83b9337e01f6
csomagolt,37892a006dac630578b8b296e96105c6ad6aca671ba4f55424bd83b9337e01f6
csomagolt,a79801ecd76e16a707687539ced01fcf72b131f99688668fef08ba8b9bf7fdcb
gyorsfagyasztott,d4c7bec3ec1e4717a633bea384a7913c3365c2bba5ae2c05fc530ad50205b4ed
gyorsfagyasztott,b15acfbc42b6f548f2fd0269eee7b9b663227c028474ede184239316134c398e
szeletelt,345f2ba0873221926c9d157695762a6d27eae5eb749cdaca9940305308117aa4
csomagolt,345f2ba0873221926c9d157695762a6d27eae5eb749cdaca9940305308117aa4
csomagolt,8f5d027b69547c9a8f4d7f25c4838e1ad4fa533519db402323f510008d2cbc35
debreceni,8f5d027b69547c9a8f4d7f25c4838e1ad4fa533519db402323f510008d2cbc35
light wellness virsli,8f5d027b69547c9a8f4d7f25c4838e1ad4fa533519db402323f510008d2cbc35
szeletelt,b7ec6dc48def13e5095dc99d5b53e3342f86e5300da265dcdc9d032c76e3d914
csomagolt,b7ec6dc48def13e5095dc99d5b53e3342f86e5300da265dcdc9d032c76e3d914
csomagolt,f5a5ea17c229330b9a9e6c1ed4b942aa3271818901d4a91c651ffb4e7c35acfd
szeletelt,8706206cb4a2a6e14c19720ec4e665ec54cf506745bce26665bfce91ad9dc552
csomagolt,8706206cb4a2a6e14c19720ec4e665ec54cf506745bce26665bfce91ad9dc552
csomagolt,3bec7a28e6fceecbfd589633c877c79de080814b424f8ca2b83cf46eb3daee68
többféle,2f13cc170ab72a8ef3db435500c0da9519c2b8aae04bb32b1b9c1ef98940fcb1
többféle,f0f4ab41ced52ecf1f3f7af9b1ad75c86c73aa44bff33eff23b483e050df68d4
többféle,b15c07e533f8eb47d546817fe9ca60003192ecf266c45f541ceb6e08b5692eb3
8878/ 6100/,8e3bea9b9eb84bf6ee0804447a0061ca55e4048ba00f77f616a0f4c83db20499
90/100g,8e3bea9b9eb84bf6ee0804447a0061ca55e4048ba00f77f616a0f4c83db20499
többféle,fb332f0ad8eadff98306e45d6ca187367b679c467db6d1757a0f6697d9677099
többféle,173cb663014fb87c5721a8a4ecf5ae36d0e0286b5601441782f748d2b2e5856f
csemege,cb73302a3e0692ceb6c672968148c410e0affa5ca5506cf96e6eb635ca9806b0
csípős,cb73302a3e0692ceb6c672968148c410e0affa5ca5506cf96e6eb635ca9806b0
baconös,cb73302a3e0692ceb6c672968148c410e0affa5ca5506cf96e6eb635ca9806b0
szeletelt,228d1cef4722c7a2295d6126ea9a6e118afe439d5cda0f11768a51abb9bc7dad
csomagolt,228d1cef4722c7a2295d6126ea9a6e118afe439d5cda0f11768a51abb9bc7dad
szeletelt,109820a4e539ee0148807e11b3d07ec7d855467219cc05410b32da2fc4eb8809
csomagolt,109820a4e539ee0148807e11b3d07ec7d855467219cc05410b32da2fc4eb8809
szeletelt,2e49ae0e7ca9758104129302df5e7b6e4d76e9f0df04fd702f7d3fd4e5050f6b
csomagolt,2e49ae0e7ca9758104129302df5e7b6e4d76e9f0df04fd702f7d3fd4e5050f6b
csomagolt,7ead8ff84bbe95baa26fd668c542c8cb8aa4b7a6354418de06411019cdf4c899
klasszikus koktél gluténmentes,ab98545f84388e2af233b88d582bf9874c2158e8ad3844a5a0fd8abfafc0a31b
csomagolt,cb3d7dbee15829b879d5789ccf5d735fe6c8dd060b3ef0d4fd1c283c582f1ea7
csomagolt,eeef76bbe13b6a7012e0157c0cb2225b7ec3970c1ad6a6d4c2064f90ef903efa
csomagolt,a6d9d5d6da14c8bd9f4b41e51685b1977a04d81cbabd1e824acfaaf46dde3ef9
Változó kiszerelésben kapható /kg,06654389a45d50901fd3a51d34678aecc01924f15d2184af4400d0b219d65a18
csomagolt,03e6915394855c8d5325d414e0f4a3a1b479c9ad725438504f8379ef20f78e63
Gulyás-,74c1763c51ca9a554b8956b46bde4365e70c242f2fe9b5614c09fd519425efd5
borsó-,74c1763c51ca9a554b8956b46bde4365e70c242f2fe9b5614c09fd519425efd5
bableves,74c1763c51ca9a554b8956b46bde4365e70c242f2fe9b5614c09fd519425efd5
vödrös,a330a259639da5ad4b7c67b39ac4398c26f0d890121f6a7796065b0315b916e6
Görög,9bba05655141763ed88920044817d3bbfd78f37ca2b528a68de20d92a1a699ec
olasz stílusú,9bba05655141763ed88920044817d3bbfd78f37ca2b528a68de20d92a1a699ec
csomagolt,c2554e4f5b11b49b7e9834709117b775251f70b263771d5d238f07c0e2c7b7a4
csomagolt,d3fc96c0acaf885605d0bb66c40627ae3a8a0034c90f9aa1c165bfcd56fa35e4
többféle,55cc6d10fcd912eb1864885ffbe9a36bc0120e7ef2d1cb7bf48b279f66828171
180,55cc6d10fcd912eb1864885ffbe9a36bc0120e7ef2d1cb7bf48b279f66828171
többféle,779a9437b5ca9e77836116fc4b97bd67eba8e0146b80568ec4a087938f6d1b13
50,779a9437b5ca9e77836116fc4b97bd67eba8e0146b80568ec4a087938f6d1b13
100% gyümölcs-tartalom,1338bfb88ec0c229b673f4c91c4984b29b15c668649fbe8a8d24e55f9a710c65
+50Ft betétdíj,1338bfb88ec0c229b673f4c91c4984b29b15c668649fbe8a8d24e55f9a710c65
többféle,c289c8a38981da88e3dd9d7c02977b192389c3d5998f3b73fce78f94de993eec
filteres,c289c8a38981da88e3dd9d7c02977b192389c3d5998f3b73fce78f94de993eec
50 filter,9c772ce24e9b89f5961528cf09d15742b831d1f376a13d3014f7494c68fa1d7c
többféle,f6234a4edc6eb954d42587d07211ec33f5b387ff5f418275a73b0c365d718b31
50,f6234a4edc6eb954d42587d07211ec33f5b387ff5f418275a73b0c365d718b31
többféle,bb99c616ce7db4b43cb4b86c2a6d4ddb4d350c741efc7018e3d7d680e4cb16b2
50,bb99c616ce7db4b43cb4b86c2a6d4ddb4d350c741efc7018e3d7d680e4cb16b2
A feltüntetett ár a visszaváltás díját nem tartalmazza,bb99c616ce7db4b43cb4b86c2a6d4ddb4d350c741efc7018e3d7d680e4cb16b2
többféle,e9127843c7774d0f8d84a0796d01e6cd50fba9141dfc58ce4325019b55cd52e9
50,e9127843c7774d0f8d84a0796d01e6cd50fba9141dfc58ce4325019b55cd52e9
többféle,1900499d8cbd334ecb0bf428d54262c0d0fd0829f6e0fdea9e38df2e02241c9a
+50Ft betétdíj,f1fb87c6411a59b9f63a906ba0636dd75b29d5271b13638007c4651a62e87a38
többféle,c30b4d74826003f7f425e600a5f93fa9678ff16959fcee874c4e7183cf6a030d
50,c30b4d74826003f7f425e600a5f93fa9678ff16959fcee874c4e7183cf6a030d
többféle,ec7245efd439f311a567b2c4f9b85030a4767096864e11bb917fef33b7fc40c0
50,ec7245efd439f311a567b2c4f9b85030a4767096864e11bb917fef33b7fc40c0
többféle,999d6a769149146a1e4245454a3562f60a715ab0d780c05ac3aba08ec8cf4c5c
többféle,bcba5c9f6f1aef63e174e36ada4e2ffb23b9e7384aad151a519237e61187aeee
többféle,078882467cf9312331c2fddfed4eacd9aa951c54c52aef2765005be0ab601487
többféle 16db/doboz 1 doboz 93.69Ft/db A kávékapszula a Dolce Gusto kávéfőző gépekkel kompatibilis,03950b7ad8e982568ce43d2769213fa5bfae72cb998325d5c0ca735f643d5c8d
Gold,85d4e32db8025fcc87f82b344aeca7435dd88489f50631c6ce8274537dbcc29d
klasszikus,85d4e32db8025fcc87f82b344aeca7435dd88489f50631c6ce8274537dbcc29d
fagyasztva szárított,85d4e32db8025fcc87f82b344aeca7435dd88489f50631c6ce8274537dbcc29d
Caffé crema aroma,f3c8fa82c0772b0932b982b466c7f3be9be5f32f4559c90faa85795bd4a29325
többféle,2eca247f4d8c50bbf98e2c19562e266f68b8e22b1c156e19eb949d1653bd3739
50,2eca247f4d8c50bbf98e2c19562e266f68b8e22b1c156e19eb949d1653bd3739
többféle,c4e9759870960e3719c1750aa0a655b964543e15a58d0f47e858505281bac564
50,c4e9759870960e3719c1750aa0a655b964543e15a58d0f47e858505281bac564
50,bb4480252f0d5b191318facddd25227dbdce2ce59a7dbf93c419b769cd2318f4
50,b16bc1a78d235d122abbdce9cc7a14885b1a489e15f642e8c0f57f49331dbbb2
50,84c67e23882fb981cfcbea9b636f43dc31a6a944a34660dd2156107eb51c28bb
50,6971a57fff26923a677165d482c34005d328d32b1914547c1ace875f5699b2fc
többféle,7bbd394e49d15c9d43a7bcd8fa751cfc9e663538f6d1fdf00f0fca50a7b3dc27
50,7bbd394e49d15c9d43a7bcd8fa751cfc9e663538f6d1fdf00f0fca50a7b3dc27
játékos,596a3112815acb4a36a81b2241bc0842042403719cb8c0f9ee8d14e118e65f5b
simogatóan gyümölcsös,596a3112815acb4a36a81b2241bc0842042403719cb8c0f9ee8d14e118e65f5b
félédes Rosé Cuvée epres cseresznyés jegyekkel,596a3112815acb4a36a81b2241bc0842042403719cb8c0f9ee8d14e118e65f5b
lendületes,8e87318e579d697c6335b9deb5454e276dc5243a8fb2cb7d976b62aa3be88d1b
magával ragadó,8e87318e579d697c6335b9deb5454e276dc5243a8fb2cb7d976b62aa3be88d1b
gyümölcsös-parfümös Irsai Olivér kellemes,8e87318e579d697c6335b9deb5454e276dc5243a8fb2cb7d976b62aa3be88d1b
bizsergető lecsengéssel,8e87318e579d697c6335b9deb5454e276dc5243a8fb2cb7d976b62aa3be88d1b
friss,712d2776ca2a0955d2946d1cf19d45b570a8e6f48c69722119adca9d903e3f21
kifejezetten gyümölcsös,712d2776ca2a0955d2946d1cf19d45b570a8e6f48c69722119adca9d903e3f21
érett cseresznyés-málnás ízvilágú,712d2776ca2a0955d2946d1cf19d45b570a8e6f48c69722119adca9d903e3f21
könnyed,712d2776ca2a0955d2946d1cf19d45b570a8e6f48c69722119adca9d903e3f21
lendületes rozé,712d2776ca2a0955d2946d1cf19d45b570a8e6f48c69722119adca9d903e3f21
krémes finoman tüzes Chardonnay barackos,71c58e7ad2277f2c32bf9d646699526ac257b0ae1ecaf86c654489b34fed3684
érett mangós izjegyekkel,71c58e7ad2277f2c32bf9d646699526ac257b0ae1ecaf86c654489b34fed3684
gyümölcsös Kékfrankos zamatos meggyes,f8994bed57d453460a13cd9d7e6a36347d4c2795ac66e27dc885c0290c039db5
szilvás jegyekkel egy kis fehér borssal,f8994bed57d453460a13cd9d7e6a36347d4c2795ac66e27dc885c0290c039db5
lendületes erdei bogyós meggyes gyümölcsösség jellemzi a bort egy kis fűszerességgel,cfc1b0ba1870e0d24513931f44897a1fe3d118a19db05193923af1e0ffa153ce
lime-mal,403a1c2b83a07fcb26a16b6c6024330a8466bbf355fa2933356bc093eba8726e
izgalmas fűszerességgel finom keserűmandulás lecsengéssel,403a1c2b83a07fcb26a16b6c6024330a8466bbf355fa2933356bc093eba8726e
50,87964ea3654eba8ee7401006dfc13b57db64fed5117dfcc361cea999aaf52d44
50,91222abd6b8b7b35ed41c50e97b5ffa4804afb1e1db320e750bd69b3d981f087
50,4d73ff823014c1ed18af390a0687b41771c949cfc50cb1480b55d696ae22a411
50,d91c9fd2e8e8f9077073f3f00a81fc08103d3c782e8ad8ac6546abc5ee22cbcb
Alkoholtartalom: 5%,f3d65acb377dc40cd7bc618524301341c1e0d3a374d8c7a7d72e7653964b60cf
+50Ft betétdíj,f3d65acb377dc40cd7bc618524301341c1e0d3a374d8c7a7d72e7653964b60cf
50,18fc43ea32cd101bcfdf2e8102b10df80028fc71623e3da62aa098c6c2fd0b5c
50,56991382f0fe9b14b60acc8893c6f32c1e9145e8f95bb63b5c6a1eacde48b87b
többféle,21fef65504239966d1e16f73e7bfb6c1cf919b171d287cab3133f3be200023b7
50,21fef65504239966d1e16f73e7bfb6c1cf919b171d287cab3133f3be200023b7
200,749a5bdd821c6537b8e2e6ec44868ec21227736e5c4e4f9f265b3735cc5ca006
300,0759adc9bb11a2445e4f1a44a34124b355b8ff9b825e6bf6968edc331fb42dd9
világos sör,9c92a49a5634d2b1391404ddcae5d276a994cc468873ae3185294cdf2fc7563f
4.9 % alkoholtartalom,9c92a49a5634d2b1391404ddcae5d276a994cc468873ae3185294cdf2fc7563f
Alkoholtartalom: 4.9%,abb673f0a4399f2b0e3dd247b56a87211cdaf728dac006a532400186373c6f5e
+50Ft betétdíj,abb673f0a4399f2b0e3dd247b56a87211cdaf728dac006a532400186373c6f5e
Alkoholtartalom: 4.5%,4ae4ed4fbc2accf21b11a2ce25da42293f23d8f203661e85bae910062c25d359
0%,4ae4ed4fbc2accf21b11a2ce25da42293f23d8f203661e85bae910062c25d359
+50Ft betétdíj,4ae4ed4fbc2accf21b11a2ce25da42293f23d8f203661e85bae910062c25d359
50,a6599605a8131a4c4f673277d67d4c8dd2af6808fb690650b7c5655661aaedb6
50,a94fc0d37001d6da5364a8106fe55758c07f0cf5979b7af3af44cfb0f4692302
többféle,b898d2eb43ddf1c29e191b1bfe8e93502040acc9cc977aff412ed720d7823116
50,b898d2eb43ddf1c29e191b1bfe8e93502040acc9cc977aff412ed720d7823116
többféle,56f9bb933797ffb4a385854991924860040a48c4fef0163d7a0f6548377319a4
50,56f9bb933797ffb4a385854991924860040a48c4fef0163d7a0f6548377319a4
50,afc1c4054aa89d3d40a4b82c934d64ba5fa19560c5de02e3e881e473835133b8
többféle,a25937b0633bdb125ae49118efd34b5958d39aa208e25d0aa98f546b5d871526
50,a25937b0633bdb125ae49118efd34b5958d39aa208e25d0aa98f546b5d871526
többféle,55c154948e7d99e8085bc5dfa9cec106cc890ea4260f9ad0712812cf212463b8
50,55c154948e7d99e8085bc5dfa9cec106cc890ea4260f9ad0712812cf212463b8
50,2b7f9cab4e2cf67c22b5bc01df738badb2b9a60101c812f9d8ed013d4e97f2d2
többféle,89efe573385a3baa06133b0ddd204186d8370e84ed539ed4a67aeb890fbd3254
50,89efe573385a3baa06133b0ddd204186d8370e84ed539ed4a67aeb890fbd3254
üde buborékokkal,a7f51cf865379c2d7f01602ed1c6ea8997743ab946cf3b66142839cecfb2359f
származási hely: Magyarország,873be5c65807895f78861cfbdef1b40a826493309555857c0c6cf3c4fd6a4173
csomós,23891057ecc698a1680492a50437bf96fd4955f5e809d3ea7f6a296560f4a9af
gyorsfagyasztott,1ffc8856249f98982e7f7159ab173b0bded7b62478ad2b1de0aaebb594c86e1a
sütőben süthető,bf3cd55cbd8c150458db919d65c4d00f303cbeadee998ea043f0d5cc7c889887
vegán,bf3cd55cbd8c150458db919d65c4d00f303cbeadee998ea043f0d5cc7c889887
mexikói stílusban,55e37b2e0144d9d9b89057d6cf96943a33e3d6c80cdcaf8342197547e5301720
6-9cm-es töltőtömeg:,1942cad601ce98963afb7591de53210db9aa8989d3578993214ba18069329227
csomagolt,cfcd8c912e214db861b0f0001be87d1a20c2b1f27ca8003c1a5f797d52358b90
többféle,fa5ad89ccc89ba8f46cab04f596cfbab5e9ad47179e7d4512af18398c4432225
New York sajttorta,0c7295584cc15a6e6913bcc2a6d9865486ed6b5e895ecc9b3eb4262f70684b9e
brownie,0c7295584cc15a6e6913bcc2a6d9865486ed6b5e895ecc9b3eb4262f70684b9e
többféle,15105f4e8b5dce1ed69649266fe725a0a0b49706910599b3ebe00df8a2b1c387
többféle,5ceb85ec9ebecdc6d28c39ad569eaa03881c5b9e42f54cad83d906432622231c
Fehér csokoládé - mandula,3f18e9f2ff2ec44566aa2e5572f1a5c730fe2ff21e935914e027364434bda593
gyorsfagyasztott,6e53277499695e589880082988ea697319a361c8fafae400a9cadcb852877cd9
gyorsfagyasztott,e06b0f422bad43106531b18e7d42412090b6800a0bfb999b4708b87d1f11511b
sütőben süthető,50e2ea12e05c87bdbb377c424ce354ed4766e869790bae6ec52c3180a638e738
vegán,50e2ea12e05c87bdbb377c424ce354ed4766e869790bae6ec52c3180a638e738
mexikói stílusban,ef7d21aafedb7a2f7b17b45a29a5fd8bbd3338efa1b49db3bc1823482582e8a1
többféle,793fcd9ca88d6b28f3a3e4cb2bcb8c793ab9405fcd6721dd11bea6f8a3babd9d
gyorsfagyasztott,b94e3f02f62cffdfc798ac172de7054514c4b23f3a9324ab66f33648dd9fba43
Kávé,20e097ebebd397cf7487f6d7525809f16949bf6fd9a3469e62a691f38bfecbfe
mandula,20e097ebebd397cf7487f6d7525809f16949bf6fd9a3469e62a691f38bfecbfe
többféle,b14a8d7f04c514f9de8f92b24eef571419f100030fefde919ddf34564d73745c
473.5/490.5/500/663/665g,b14a8d7f04c514f9de8f92b24eef571419f100030fefde919ddf34564d73745c
4644/4483/4398/3317/,b14a8d7f04c514f9de8f92b24eef571419f100030fefde919ddf34564d73745c
3166/3056/2998/2261/,b14a8d7f04c514f9de8f92b24eef571419f100030fefde919ddf34564d73745c
szalámis,11207af457d1d48bbb28c93349d4c0e23cede4efe05407c3ba73a0bcf2151cf4
gyorsfagyasztott,82acfd5ac3d7885ecdc1d1ebe05021b3e68494b6b64321f25b2889d8381d4422
többféle,bf42b8358b05bd4beb39d8adf549240a06aaefe52b5f24fdef96b3873cd308b7
csomagolt,2c01173c95f25c21928acc86dce5af41767a5718a26df365b76d4c946144eb1f
szeletelt,2a3b9bb82701e0333bc61f42e43cc1df211e553cea743fbc82bf566a8ce04079
csomagolt,2a3b9bb82701e0333bc61f42e43cc1df211e553cea743fbc82bf566a8ce04079
Lapockából,73d62e1642daff598ec6a6da9067b390c06b70a33a7201ce6cf8b1af56a10791
csont nélkül,6bbcc1afb7e168a4694d3bf308d4513734b8cb5d4237aa9c15c8c380f371ca42
Cyprinus Carpio,7c5fcfdb91ea2ab605763f5e066a960e990c93cbf707e3003c58af0241aed769
származási hely: Magyarország,7c5fcfdb91ea2ab605763f5e066a960e990c93cbf707e3003c58af0241aed769
szeletelt,d54ea2743907a5bb3a2a3cca64dd40e6e1b52cc2361b868e4f1a494b26c301fc
csomagolt,2c30c923a7bbfcef3f7726bd3e5f689f40fabefda04c12a7ca276106ceb4749b
csomagolt,2da3edaff9d7b75c7967e3cf2dcaf68dc23d291e1392442578e667535ee7cfa1
különböző kiszerelésben kapható 6499Ft/kg,2da3edaff9d7b75c7967e3cf2dcaf68dc23d291e1392442578e667535ee7cfa1
csomagolt,eed901a2e12a8261124ae00b99d976e7db4d68a7ec05bbd85d18ad8b1c824e8f
különböző kiszerelésben kapható 6999Ft/kg,eed901a2e12a8261124ae00b99d976e7db4d68a7ec05bbd85d18ad8b1c824e8f
csomagolt,9bbd2b985ec39b847e82609f7dc3406a76f9477cf7d5f5dcaae244c1b8e9cab1
gyorsfagyasztott,f34d08c502342a1639c208b6c44291080e4bfa2c158266345c15f4865d1109e9
gyorsfagyasztott,06a702a10563c33376bcb8bac0a0b770ec9f721acf08e2e4f5f4938a9f4ed4d6
többféle,0671d1b41c2f9c7e854d5f1e49d59fc797a5760f64a451db819b75ab3fec75c5
esetén:,20d4e91f0c6c8fb523b860c40fe28f18da7ad6895259e01a3a5ab6ffc6bdd500
csomagolt,7f53e62a27cc6c35cb7ea5bdf336637ed6fd512ca897c95af9be7f2719aeee01
különböző kiszerelésben kapható,7f53e62a27cc6c35cb7ea5bdf336637ed6fd512ca897c95af9be7f2719aeee01
laktózmentes,4d28f97e9e6d19b7cfd663e04643e04996eb4cfbd7be9007a891ef72d0bb284e
többféle,c4442f35b1ed459465cdbc166cc40baa62993bc75b9602a5c36126dd8b639853
Zsírtartalom: 60%,dddec27a599b36e3e0f12afd3852913c7eba9ddba523565db8c43ccabf12a5ae
többféle,d77b4ce3555874acffa47b2fa195bc81c71542462626165ab537cbebf22a3823
többféle,dfd6cfc37a350746836f00136d14c138afaf0e88751cc1273585159cbf5f0466
változó kiszerelésben kapható,dfd6cfc37a350746836f00136d14c138afaf0e88751cc1273585159cbf5f0466
laktózmentes,67e0608ac59c1a2bc53061f4482a627e6e4c8dad6669be8a2f461421b32b1350
csomagolt,4789bd447c001f37a19f1bfd2cb70d697966738683fca05042a94f12c721a58e
natúr füst ízű,f48be1a66f98325a3e5429ab3bc09d0d87b8a4461dda1fd2bf76b76e047fc0c5
16 hónapig érlelt,6161997c6d0c1f77d11db772234f19b3deb9f73766d9e188f72fd06853084daf
Zsírtartalom: min 32%,6161997c6d0c1f77d11db772234f19b3deb9f73766d9e188f72fd06853084daf
Metélőhagymás,f33b3ae2a4cf8b454b001c2b11c89502063523622129844bf1e09826da695764
magyaros,f33b3ae2a4cf8b454b001c2b11c89502063523622129844bf1e09826da695764
csípős,f33b3ae2a4cf8b454b001c2b11c89502063523622129844bf1e09826da695764
vegán,68bec67b73ba39fd7e73f889d21487d3d9e5b70713377397d615ff5d7948c16e
többféle,cd9149364c3abc73552067c3b8b620439e4b70d5863e2cd018fd34562bd4c738
2.8%,cc5b80f96a89ddade09347be5dff9cf7010e81b1686ae4854576e994312913d8
1.5%-os zsírtartalom,8b7fd0fe5ac54db2070e97b273140ec06254d707e8654f79242396934d35d93f
2.8%-os zsírtartalom,dc5f77eed5f06c984aa80658bd73fe8d6eb850787eb686075f0543e390c6d7c3
többféle,59b3a93d5e199a1ff8f5482897e1a9b961498370f9297deba1b1ad48399f3dc4
többféle,20694f4e05458b9f02b7e0066740e0a63130e786f795eb4212df3f07925b8464
5x /cs,869d79537c7d42ad0742e49eca34cbfa96bb92890b0bb024ef01f359b28bb907
többféle,337957d3d828f299807de36dba7bec43184695f44c1a9f0765787a26c62871e2
magas fehérjetartalmú,337957d3d828f299807de36dba7bec43184695f44c1a9f0765787a26c62871e2
hozzáadott cukrot nem tartalmaz,337957d3d828f299807de36dba7bec43184695f44c1a9f0765787a26c62871e2
laktózmentes,5484a453639c023576442c26211e7c9200012a6616bed846dad099efe70e1f26
Csokoládé,8edc4ddd95c2f3c732743a66058460c1d0a6f7ee10bf7c15b38eef972b84b123
vanília,8edc4ddd95c2f3c732743a66058460c1d0a6f7ee10bf7c15b38eef972b84b123
20%-os zsírtartalom,e43f9ff385e6bea7ceb63f2192375d3000269d2cd1e2b3fa938773db71e82fc1
klasszikus /flakon,c32257ddf0502df5415e8fb853ff89186de269a65d7f9223dbbc6a1dba97f2d3
mérete: M,ef9432fc88755063357f61fbbd274d712e38697efd9d44344042a353f9571965
20 % zsírtartalom /pohár,f3b7951effec4f5419e3ed771dc6a0ffbbe1cac08020d521524d2870298dbd1e
többféle,012ad8f19b575ff4ced99f3a696c814932e34a7b8efb36f8065615d2b2b3ef4b
többféle,a9c1d6105b605b3f33ed4a450daf078087e94b195fd68a783aec6282836d7647
többféle,7b5058d8b5aff59a40b9a23d61f00a25271a4614efbfd962ca36e1cf42c4a3c1
többféle,adfc9eb8fe77485f088b729066c281d15645198dee69012ba5e85f74da7d59f5
250/270/276/300g,adfc9eb8fe77485f088b729066c281d15645198dee69012ba5e85f74da7d59f5
8956/8293/8112/ 5596/5181/5069/,adfc9eb8fe77485f088b729066c281d15645198dee69012ba5e85f74da7d59f5
többféle,8d025c1cc068e38d1bc204a5a3bba2926f8bd59e06f93a4f3affeb53269b0d83
többféle,1daaeaa02fd86b6e0d32b8d26c0462496beae1d7f070515b4b5230ed3e67e9e0
többféle,1f90d191c74d5a016f450863d11eb2278ea880500f0330d312bc53d00095527e
csomagolt,2ba44c5c70033d9ccca2edbdae3b1b1dcdc2a66d7545e4ccdb3fb7d0e8c69bc8
többféle,157e1216a8efa1e1d6ed7c68ba2f5aa726e2f08866501e7414aa812b7d909ad1
többféle,e17c84db303f9203f7be6f29acc0827ec9e4edb56526354fc99eef2e0d0d5b9f
többféle,b4f16c77ba51893d67897bc46fb398b9f43c65ad66b4c40247667f3df8ccec42
gluténmentes,7334b6f22377d51ec08ebb92fe3bcaf656520a552a61b9e33a63f5e8dc659532
hozzáadott cukrot nem tartalmaz,4fb7278397d38980a3d5430bc29d596d47d3cb530721ddf0d1a15a5b80f56928
Mogyorós,17e82fce0de4da1d0e4526fd7a1a7836d22909f2618bfc189ac22f7a0daeae20
kakaós,17e82fce0de4da1d0e4526fd7a1a7836d22909f2618bfc189ac22f7a0daeae20
többféle,1abdd878d6947686b396a8fdacbf710bec8f9c87efeae2a78538328a880c1feb
többféle,39149fdeb266dbeb93ed52f247180453c65b1feabd854bfc5a8aeff5c7ec4572
többféle,26471bfedd031bfea01e8ccc1a59b80343a8f519dfa7b89255c61a793b0e8fbf
többféle,4ec8c97550cb3ed2dfd2d2b47d525121967a3fee9ca43218f0d50a42927b35ad
többféle,ee577a2768cb62989e461f6629096c73c66e2bdb967911d43957e9a8de469ba7
többféle,3429da749b9737db1a00bbc219bb7b79ec9a2b54a3fd2b463af8502b86f20692
csomagolt,d0013b4c18b0e14567503f6b3553ebd74d6c713683c3f65e1ac98e176558ff85
gluténmentes,3fda4990e3d6a7a7ee65bee48d01395eceb8df06c4d5ed150f47dc73a6b63362
gluténmentes,388b0e1e4d7361d7fd2797ac7c5189a496662a613cc882cfa7fdc10121df2257
hozzáadott cukor nélkül,26d701a255effae5d814a2b28c9ce24230b1ee32b17ab1e875c088283a6a24a3
többféle,ad79d4cceda5f75e1a4f3db5d69f2e23fb214417d4c64e7e7a7efae9ba8757ca
fodros kocka,e06f29ebdb482e6314f7c55dc8a50946c064214b2fda1554c88e5e98b6998c5a
makaróni,e06f29ebdb482e6314f7c55dc8a50946c064214b2fda1554c88e5e98b6998c5a
orsó,e06f29ebdb482e6314f7c55dc8a50946c064214b2fda1554c88e5e98b6998c5a
kagyló csavartcső,e06f29ebdb482e6314f7c55dc8a50946c064214b2fda1554c88e5e98b6998c5a
többféle,33e9a77210d11049c36f760eb648f6263d44c3127b7f8a0e27503bd6930e22fe
többféle,df29e7ca725cf102b1d5820500f7c77a35e7b27d9b102dba79254de5417f13f1
gluténmentes,df29e7ca725cf102b1d5820500f7c77a35e7b27d9b102dba79254de5417f13f1
többféle,f1043d67f55d9c47ec31b9f13d3af0ee6fab75904d165f1e4eb85e2e8cbc619f
többféle,7312cf111f28aa993be01a4b663508f1e25395ce441d92afe33e83c2af89c2d4
többféle,9574ebb1befa7a51fead6ec39305483212d72b42603d1e1a4c7a5c2c2b79f4f5
Sóland,463d002f9106635612c970b4a96c8716ff0ff9a59d5ec31490548d6beb26c00c
többféle,3e02fcf94eda9a57fed16d4b3264711f299070c560d37c5f4b94f7c81f45791f
hámozott,589e4dac225bb14c58d7cef2fcf34e1d21055d4d195fea99f04c4d39d73cfa16
felezett,589e4dac225bb14c58d7cef2fcf34e1d21055d4d195fea99f04c4d39d73cfa16
enyhén cukrozott töltőtömeg,589e4dac225bb14c58d7cef2fcf34e1d21055d4d195fea99f04c4d39d73cfa16
szeletelt,4fac4f55679a2f342481fe2fcc7c91f7aca8875dc3c81e87f4732fd19005a3c2
töltőtömeg:,4fac4f55679a2f342481fe2fcc7c91f7aca8875dc3c81e87f4732fd19005a3c2
napraforgóolajban töltőtömeg:,e77a4ea2d2eabc6cde54b74ccec412d8f241e0a59f0441d7d29b07368b5347ca
töltőtömeg,41a1366806d7a0ba91e7b1bbdfeb6c2ab311c04626fc928214b48dd48ae413d3
Mag nélkül,b7d0ec53cd393ef1df88c2315917099bbfc202dff428d4d74ed0ff42dbb55902
Töltőtömeg:,b7d0ec53cd393ef1df88c2315917099bbfc202dff428d4d74ed0ff42dbb55902
serrano sonkakrémmel,523f4ec8d836207b4ee9d920e815f9b2676d14fdada9a12f627a657d9fb9cb70
márványsajtkrémmel zöld,523f4ec8d836207b4ee9d920e815f9b2676d14fdada9a12f627a657d9fb9cb70
magozott töltőtömeg:,523f4ec8d836207b4ee9d920e815f9b2676d14fdada9a12f627a657d9fb9cb70
többféle,09ca6c1837ae258ccc6c4bfa0d04e7dea62955f79317950ad68f1d0965ead045
többféle,5cdfc5a57a680c65e8e32b35197cd5398a0c01dc73e191ef93681ff8b23bfce1
többféle,7b6acc2071e3e8f0a115f410d9f0c717ad2dbe6827b3eee0b7858fc51425f8d1
többféle,7a8441d066da7275e743bc8ae503f66a833f15f17641bf25c9f4b5c015ad832b
többféle,9da3ae180ce3d730b2069d27e7f5b40abe71b54658b130dfa3a54915e4953777
Hagymás-tejfölös,887215f1761a176db4aae7d5053ed34eef545299af7049a5ebd9add4061782ef
barbecue,887215f1761a176db4aae7d5053ed34eef545299af7049a5ebd9add4061782ef
többféle,a6c7e499d831cc4adef6d1f97117db8c029c4fbd65e8e814415a1e0df2ae4249
Földimogyorós,d89a42d6e9a3d2e70b23705c108411275a7b1c1b0169983b22e97b17d487ed8b
Többféle,98a11197d11074f50c1f7a959bea08e90f4695640ce480dca3c4b36507c91cbd
többféle,2ab7f986f398887c6dd3d33f5c7b9dc495c0bc5abb44200ba1972f060ed52a1e
55/60g,2ab7f986f398887c6dd3d33f5c7b9dc495c0bc5abb44200ba1972f060ed52a1e
11255/,2ab7f986f398887c6dd3d33f5c7b9dc495c0bc5abb44200ba1972f060ed52a1e
8527/,2ab7f986f398887c6dd3d33f5c7b9dc495c0bc5abb44200ba1972f060ed52a1e
többféle,8543d5b601f081195254d96359ce42204d3dcb520b83ce6ebdd9d961e2882c56
többféle,a4d95167bc7a119211ef4623d5c382b7c5b0375af1f507b567d25b1f27049719
classic,8f01bc9b3b786ea8eeafda17b32cc8277f22d48a93b48323e3ad1af8b18823d6
többféle,f3a818dad7191a4699c939b8e5c7e62ef787a37805dee01e77745f6fc694988d
279Ft/1 cs 655Ft/3 cs,f3a818dad7191a4699c939b8e5c7e62ef787a37805dee01e77745f6fc694988d
többféle,6559c459022ae710a12b7bc209aaa8fed42b26f34f799be41b27ff729b60161b
519Ft/1 cs 797Ft/2 cs,6559c459022ae710a12b7bc209aaa8fed42b26f34f799be41b27ff729b60161b
28/42g,6559c459022ae710a12b7bc209aaa8fed42b26f34f799be41b27ff729b60161b
esetén:,daf7cb85f64e230cccd5609c27210ecb47f8b24238be2447c13ef8af2eab436e
többféle,86451ff056dd29283114f54c0c5406867fdcc87962ba0b93e6be0b02cec1db95
28/42/70g,86451ff056dd29283114f54c0c5406867fdcc87962ba0b93e6be0b02cec1db95
21036/14024/,86451ff056dd29283114f54c0c5406867fdcc87962ba0b93e6be0b02cec1db95
14250/9500/,86451ff056dd29283114f54c0c5406867fdcc87962ba0b93e6be0b02cec1db95
Húsgombóc,c6b8636bb6f28615fd74e60959f5039d9c0df34ba371f67e3857d584bb29cd00
dörgicsei csibe,c6b8636bb6f28615fd74e60959f5039d9c0df34ba371f67e3857d584bb29cd00
májgombóc,c6b8636bb6f28615fd74e60959f5039d9c0df34ba371f67e3857d584bb29cd00
28-30% ref,28d070377e28aa403db4c0d216044270ad8d9b4ab1fbe6859e4a2e4ab5e0bb52
2972.50/,06277ae09394675fdecf5add3fcb6bddd196852a0267235d5937f66085abdfcd
flakonos klasszikus,f57b16ff53fdf4235f15bb607eeec150bf5ed82ababbcfe0d89c3444f8ef2348
olaszos,f57b16ff53fdf4235f15bb607eeec150bf5ed82ababbcfe0d89c3444f8ef2348
Erős Pistás light,f57b16ff53fdf4235f15bb607eeec150bf5ed82ababbcfe0d89c3444f8ef2348
csemege csípős /flakon,45397ea73a872a649b37454246de0e48ae0467dbf7d990c6d0b9137bc123bf58
többféle,3811f45c37166e7040e061f4f74794c2d88f5751e38e67ee1f5bfdfa81ff2033
szilva,1bf607ca0db3795e89065038ad09406845eaf3fd2731a60a4198fc629ce4ef70
cseresznye csipkebogyó birsalma,1bf607ca0db3795e89065038ad09406845eaf3fd2731a60a4198fc629ce4ef70
csomagolt,e113a856bccd619c676cb9bce2b06cb096577185932d767aacec07ae4c7abc58
szeletelt,efffb3b3d411dc42de41dbbdbf15721c93c3711710859e67150e66cadfd9691d
csomagolt,efffb3b3d411dc42de41dbbdbf15721c93c3711710859e67150e66cadfd9691d
szeletelt,91c511f3a87a47b87d21dfbe4f34bb4c13807a27547d67b6341f87ae53ddcd8b
csomagolt,91c511f3a87a47b87d21dfbe4f34bb4c13807a27547d67b6341f87ae53ddcd8b
szeletelt,72b511b0bbf4a1af6cf84813fbeb3feea0aa64a59bc15ee070cb11b6aa8e1e87
csomagolt,72b511b0bbf4a1af6cf84813fbeb3feea0aa64a59bc15ee070cb11b6aa8e1e87
kovásszal,fe92062b151b2bd14d4476f28904a667a7141375c043ff8a3f801cc6a8b15276
frissen,fe92062b151b2bd14d4476f28904a667a7141375c043ff8a3f801cc6a8b15276
sütve,fe92062b151b2bd14d4476f28904a667a7141375c043ff8a3f801cc6a8b15276
frissen,e14f64a818b61e5255fbdcd6acb093277c25de9fb4b5df7ab3d852c8ffde68ec
sütve,e14f64a818b61e5255fbdcd6acb093277c25de9fb4b5df7ab3d852c8ffde68ec
natúr,0e7a9a7d0003d38ade65b73a0fed0a1d763b217078a736f2ca1ef8895afb1ee5
csomagolt,4a0f26a0b4ecd69650cfb54cf0269dbb96e82613ad6e06aa65db880f8c71a70b
frissen,b441068e82a1ebb3a51b76c200095b5fa59b6bfa8b3ae03f13855886a17e940c
sütve,b441068e82a1ebb3a51b76c200095b5fa59b6bfa8b3ae03f13855886a17e940c
frissen,4a4e4d74791d1ebd1c6389064b89b4750958add67defbe56d3d4ea6f5a0b5b5a
sütve,4a4e4d74791d1ebd1c6389064b89b4750958add67defbe56d3d4ea6f5a0b5b5a
frissen sütött pékáru,21061697694773e15fd6d789d2ce2754aed5ede8513277e5fa20c3534795fcf0
frissen sütött pékáru,077002b6b201ac7806b3a3949266ee8cc7ef6f518792c2e0f92283d583680774
többféle,21875ce9fafc945a65cdd96e1eea9ef07f1395b44a87a4eefbadf8ffffccadb0
frissen,b0c13f6b313637040935ab5b2d77ac58fa9a9780cae5ef03db281073163ebd64
sütve,b0c13f6b313637040935ab5b2d77ac58fa9a9780cae5ef03db281073163ebd64
frissen,de1f9d517c07ef60969788ec31b755d88b1d3f3e447964e2f63ecd318ef9debd
sütve,de1f9d517c07ef60969788ec31b755d88b1d3f3e447964e2f63ecd318ef9debd
frissen,577d179558d07590f2d3cf67c9d4c50ff3a794b162f9bf0449ccd1303bb872bb
sütve,577d179558d07590f2d3cf67c9d4c50ff3a794b162f9bf0449ccd1303bb872bb
kakaós,37892a006dac630578b8b296e96105c6ad6aca671ba4f55424bd83b9337e01f6
csomagolt,37892a006dac630578b8b296e96105c6ad6aca671ba4f55424bd83b9337e01f6
csomagolt,a79801ecd76e16a707687539ced01fcf72b131f99688668fef08ba8b9bf7fdcb
SAJTTAL TÖLTÖTT PAPPADEW PAPRIKA KOCKÁZOTT KRÉMFEHÉR SAJT,a464f86f6e1ca09abefbf41a448bb89758f14dd4e769641159bdfd2b6e5cc63c
gyorsfagyasztott,d4c7bec3ec1e4717a633bea384a7913c3365c2bba5ae2c05fc530ad50205b4ed
többféle,4f802f3778a4bc40680d053fbdb0e1d9557f7c0d2a6d10a3b0902234b3d396a4
gyorsfagyasztott,b15acfbc42b6f548f2fd0269eee7b9b663227c028474ede184239316134c398e
szalámis,a3926d8eab8ddb1d9e996bca456cce0815c5174c4b9400fb3ce90a412f85f647
juhbélben,91817ab5e67f69842eff50d86e402cb9baeea2359087cdf38934a46f96f472f9
bükkfával füstölt,91817ab5e67f69842eff50d86e402cb9baeea2359087cdf38934a46f96f472f9
csípős csemege,b9547c2780b76a1c1dc864c6f68ef8f9a2c5404e843d86532b1367e35ff30fc0
szeletelt,345f2ba0873221926c9d157695762a6d27eae5eb749cdaca9940305308117aa4
csomagolt,345f2ba0873221926c9d157695762a6d27eae5eb749cdaca9940305308117aa4
csomagolt,8f5d027b69547c9a8f4d7f25c4838e1ad4fa533519db402323f510008d2cbc35
debreceni,8f5d027b69547c9a8f4d7f25c4838e1ad4fa533519db402323f510008d2cbc35
light wellness virsli,8f5d027b69547c9a8f4d7f25c4838e1ad4fa533519db402323f510008d2cbc35
szeletelt,b7ec6dc48def13e5095dc99d5b53e3342f86e5300da265dcdc9d032c76e3d914
csomagolt,b7ec6dc48def13e5095dc99d5b53e3342f86e5300da265dcdc9d032c76e3d914
csomagolt,f5a5ea17c229330b9a9e6c1ed4b942aa3271818901d4a91c651ffb4e7c35acfd
szeletelt,8706206cb4a2a6e14c19720ec4e665ec54cf506745bce26665bfce91ad9dc552
csomagolt,8706206cb4a2a6e14c19720ec4e665ec54cf506745bce26665bfce91ad9dc552
csomagolt,3bec7a28e6fceecbfd589633c877c79de080814b424f8ca2b83cf46eb3daee68
többféle,2f13cc170ab72a8ef3db435500c0da9519c2b8aae04bb32b1b9c1ef98940fcb1
többféle,f0f4ab41ced52ecf1f3f7af9b1ad75c86c73aa44bff33eff23b483e050df68d4
többféle,b15c07e533f8eb47d546817fe9ca60003192ecf266c45f541ceb6e08b5692eb3
8878/ 6100/,8e3bea9b9eb84bf6ee0804447a0061ca55e4048ba00f77f616a0f4c83db20499
90/100g,8e3bea9b9eb84bf6ee0804447a0061ca55e4048ba00f77f616a0f4c83db20499
többféle,fb332f0ad8eadff98306e45d6ca187367b679c467db6d1757a0f6697d9677099
többféle,173cb663014fb87c5721a8a4ecf5ae36d0e0286b5601441782f748d2b2e5856f
csemege,cb73302a3e0692ceb6c672968148c410e0affa5ca5506cf96e6eb635ca9806b0
csípős,cb73302a3e0692ceb6c672968148c410e0affa5ca5506cf96e6eb635ca9806b0
baconös,cb73302a3e0692ceb6c672968148c410e0affa5ca5506cf96e6eb635ca9806b0
szeletelt,228d1cef4722c7a2295d6126ea9a6e118afe439d5cda0f11768a51abb9bc7dad
csomagolt,228d1cef4722c7a2295d6126ea9a6e118afe439d5cda0f11768a51abb9bc7dad
szeletelt,109820a4e539ee0148807e11b3d07ec7d855467219cc05410b32da2fc4eb8809
csomagolt,109820a4e539ee0148807e11b3d07ec7d855467219cc05410b32da2fc4eb8809
szeletelt,2e49ae0e7ca9758104129302df5e7b6e4d76e9f0df04fd702f7d3fd4e5050f6b
csomagolt,2e49ae0e7ca9758104129302df5e7b6e4d76e9f0df04fd702f7d3fd4e5050f6b
csomagolt,7ead8ff84bbe95baa26fd668c542c8cb8aa4b7a6354418de06411019cdf4c899
csomagolt,cb3d7dbee15829b879d5789ccf5d735fe6c8dd060b3ef0d4fd1c283c582f1ea7
többféle,525b2a0657d5400d69bd9ed7d86f1db24fbdb45ed0ded133e9ebeab15a73eb25
paprikás csemege,89a8aaf9a6aad8b28e02379d65bbda74cc962f5615fd909a59acdaaeeb58ccd4
csomagolt,eeef76bbe13b6a7012e0157c0cb2225b7ec3970c1ad6a6d4c2064f90ef903efa
csomagolt,a6d9d5d6da14c8bd9f4b41e51685b1977a04d81cbabd1e824acfaaf46dde3ef9
többféle,c9a5e9e5fad2aac1a7e4d10b7bba16e72b44cc86fcfd2f99efc72dff090cb464
kockázott,bfcdbcfe23d49131ecd238bb622a1db7309607d0025f260277d5fbec1c6d9c92
védőgázas csomagolás,bfcdbcfe23d49131ecd238bb622a1db7309607d0025f260277d5fbec1c6d9c92
szeletelt,991a7b1cb33f6d3c39f84ee46ea3ebf004df6cdc7dbd8c9f49888fc13433690d
többféle,20a9a2a92f5ac4d92a7afd51a5c51eb2d509202c285843b69f46b1b09747315e
134/181g,20a9a2a92f5ac4d92a7afd51a5c51eb2d509202c285843b69f46b1b09747315e
9619/ 6560/,20a9a2a92f5ac4d92a7afd51a5c51eb2d509202c285843b69f46b1b09747315e
csomagolt,03e6915394855c8d5325d414e0f4a3a1b479c9ad725438504f8379ef20f78e63
többféle,f6bde7d9952a6526940ba976d9c1fc5a221be7558ea9eec0fdd0068c26376ce4
300/320g,f6bde7d9952a6526940ba976d9c1fc5a221be7558ea9eec0fdd0068c26376ce4
6197/,f6bde7d9952a6526940ba976d9c1fc5a221be7558ea9eec0fdd0068c26376ce4
4330/,f6bde7d9952a6526940ba976d9c1fc5a221be7558ea9eec0fdd0068c26376ce4
vödrös,a330a259639da5ad4b7c67b39ac4398c26f0d890121f6a7796065b0315b916e6
csomagolt,c2554e4f5b11b49b7e9834709117b775251f70b263771d5d238f07c0e2c7b7a4
csomagolt,d3fc96c0acaf885605d0bb66c40627ae3a8a0034c90f9aa1c165bfcd56fa35e4
többféle,55cc6d10fcd912eb1864885ffbe9a36bc0120e7ef2d1cb7bf48b279f66828171
180,55cc6d10fcd912eb1864885ffbe9a36bc0120e7ef2d1cb7bf48b279f66828171
többféle,779a9437b5ca9e77836116fc4b97bd67eba8e0146b80568ec4a087938f6d1b13
50,779a9437b5ca9e77836116fc4b97bd67eba8e0146b80568ec4a087938f6d1b13
többféle,a1209fea24b9abed87b5f006de4eb0a5e81254986f42fb50915e17d2d2df7f5b
12%,a1209fea24b9abed87b5f006de4eb0a5e81254986f42fb50915e17d2d2df7f5b
többféle,a8018fc50023fac924427f3697331c7328dde0fba551ee4cf60aab45dd2fc5c5
100% gyümölcs-tartalom,1338bfb88ec0c229b673f4c91c4984b29b15c668649fbe8a8d24e55f9a710c65
+50Ft betétdíj,1338bfb88ec0c229b673f4c91c4984b29b15c668649fbe8a8d24e55f9a710c65
Többféle,8e05c12b71240a7f9f6768cb614321e6af15ac4185b813900b98f1b73db71a9e
+50Ft betétdíj,8e05c12b71240a7f9f6768cb614321e6af15ac4185b813900b98f1b73db71a9e
többféle,3835ace9f25fc629e8f9a6a971a9147539488e5093a206c544938784af45718e
20 filter,3835ace9f25fc629e8f9a6a971a9147539488e5093a206c544938784af45718e
43Ft/filter 30Ft/filter,3835ace9f25fc629e8f9a6a971a9147539488e5093a206c544938784af45718e
többféle,f98740a129966665b4ab57ec3b3b4def7548a2e60577a7c84b2a9da69d907723
20 filter/doboz,f98740a129966665b4ab57ec3b3b4def7548a2e60577a7c84b2a9da69d907723
25Ft/filter,f98740a129966665b4ab57ec3b3b4def7548a2e60577a7c84b2a9da69d907723
22.5Ft/filter,f98740a129966665b4ab57ec3b3b4def7548a2e60577a7c84b2a9da69d907723
többféle,c289c8a38981da88e3dd9d7c02977b192389c3d5998f3b73fce78f94de993eec
filteres,c289c8a38981da88e3dd9d7c02977b192389c3d5998f3b73fce78f94de993eec
50 filter,9c772ce24e9b89f5961528cf09d15742b831d1f376a13d3014f7494c68fa1d7c
többféle,f6234a4edc6eb954d42587d07211ec33f5b387ff5f418275a73b0c365d718b31
50,f6234a4edc6eb954d42587d07211ec33f5b387ff5f418275a73b0c365d718b31
többféle,bb99c616ce7db4b43cb4b86c2a6d4ddb4d350c741efc7018e3d7d680e4cb16b2
50,bb99c616ce7db4b43cb4b86c2a6d4ddb4d350c741efc7018e3d7d680e4cb16b2
A feltüntetett ár a visszaváltás díját nem tartalmazza,bb99c616ce7db4b43cb4b86c2a6d4ddb4d350c741efc7018e3d7d680e4cb16b2
többféle,e9127843c7774d0f8d84a0796d01e6cd50fba9141dfc58ce4325019b55cd52e9
50,e9127843c7774d0f8d84a0796d01e6cd50fba9141dfc58ce4325019b55cd52e9
többféle,f3e411a5d5910b19d6ab6f7dfbcbae060f3b1b874e89d945997abd457dcbc01f
: 798Ft,f3e411a5d5910b19d6ab6f7dfbcbae060f3b1b874e89d945997abd457dcbc01f
+50Ft betétdíj,f1fb87c6411a59b9f63a906ba0636dd75b29d5271b13638007c4651a62e87a38
többféle,c30b4d74826003f7f425e600a5f93fa9678ff16959fcee874c4e7183cf6a030d
50,c30b4d74826003f7f425e600a5f93fa9678ff16959fcee874c4e7183cf6a030d
többféle,c47d65005d90407b175c7cbe8d7e5258fc5e95225546e2cad7231cfca77febe7
: 858Ft,c47d65005d90407b175c7cbe8d7e5258fc5e95225546e2cad7231cfca77febe7
többféle,ec7245efd439f311a567b2c4f9b85030a4767096864e11bb917fef33b7fc40c0
50,ec7245efd439f311a567b2c4f9b85030a4767096864e11bb917fef33b7fc40c0
többféle,999d6a769149146a1e4245454a3562f60a715ab0d780c05ac3aba08ec8cf4c5c
classic,37617f033df1c26e72eb9a15e7e4d5718ac5847ef353896c592e94374ce60e37
többféle,bcba5c9f6f1aef63e174e36ada4e2ffb23b9e7384aad151a519237e61187aeee
többféle,078882467cf9312331c2fddfed4eacd9aa951c54c52aef2765005be0ab601487
többféle,c4b5c199a2fb5d90d54fbab7663c29208f3591150362bf5f81dd12a5f0692d68
többféle 16db/doboz 1 doboz 93.69Ft/db A kávékapszula a Dolce Gusto kávéfőző gépekkel kompatibilis,03950b7ad8e982568ce43d2769213fa5bfae72cb998325d5c0ca735f643d5c8d
Caffé crema aroma,f3c8fa82c0772b0932b982b466c7f3be9be5f32f4559c90faa85795bd4a29325
többféle,ceeb7c219f404f202f65229e27e04fcc102c06dc5ec8482b9563549747ee3488
többféle,2eca247f4d8c50bbf98e2c19562e266f68b8e22b1c156e19eb949d1653bd3739
50,2eca247f4d8c50bbf98e2c19562e266f68b8e22b1c156e19eb949d1653bd3739
többféle,9fc727fd9f9069494fa952a59a6e1f432d4360e32f0d5489007e43e6cbdda20e
szénsavmentes szénsavas,41100e391c8c9eb79159629655fb785ba38fc0f8ed77b4695975de6cc9f14a25
: 139Ft,41100e391c8c9eb79159629655fb785ba38fc0f8ed77b4695975de6cc9f14a25
: 474Ft,41100e391c8c9eb79159629655fb785ba38fc0f8ed77b4695975de6cc9f14a25
többféle,c4e9759870960e3719c1750aa0a655b964543e15a58d0f47e858505281bac564
50,c4e9759870960e3719c1750aa0a655b964543e15a58d0f47e858505281bac564
50,bb4480252f0d5b191318facddd25227dbdce2ce59a7dbf93c419b769cd2318f4
50,b16bc1a78d235d122abbdce9cc7a14885b1a489e15f642e8c0f57f49331dbbb2
50,84c67e23882fb981cfcbea9b636f43dc31a6a944a34660dd2156107eb51c28bb
50,6971a57fff26923a677165d482c34005d328d32b1914547c1ace875f5699b2fc
többféle,7bbd394e49d15c9d43a7bcd8fa751cfc9e663538f6d1fdf00f0fca50a7b3dc27
50,7bbd394e49d15c9d43a7bcd8fa751cfc9e663538f6d1fdf00f0fca50a7b3dc27
száraz vörösbor,330854e771b1a03f480215a8dc1e3269fd52d22a06e6d282fbde2e8ea0d3a675
SZÁRAZ,330854e771b1a03f480215a8dc1e3269fd52d22a06e6d282fbde2e8ea0d3a675
16 - 18 °C,330854e771b1a03f480215a8dc1e3269fd52d22a06e6d282fbde2e8ea0d3a675
LIBA- KACSA- SÜLTEK MELLÉ,330854e771b1a03f480215a8dc1e3269fd52d22a06e6d282fbde2e8ea0d3a675
játékos,596a3112815acb4a36a81b2241bc0842042403719cb8c0f9ee8d14e118e65f5b
simogatóan gyümölcsös,596a3112815acb4a36a81b2241bc0842042403719cb8c0f9ee8d14e118e65f5b
félédes Rosé Cuvée epres cseresznyés jegyekkel,596a3112815acb4a36a81b2241bc0842042403719cb8c0f9ee8d14e118e65f5b
lendületes,8e87318e579d697c6335b9deb5454e276dc5243a8fb2cb7d976b62aa3be88d1b
magával ragadó,8e87318e579d697c6335b9deb5454e276dc5243a8fb2cb7d976b62aa3be88d1b
gyümölcsös-parfümös Irsai Olivér kellemes,8e87318e579d697c6335b9deb5454e276dc5243a8fb2cb7d976b62aa3be88d1b
bizsergető lecsengéssel,8e87318e579d697c6335b9deb5454e276dc5243a8fb2cb7d976b62aa3be88d1b
friss,712d2776ca2a0955d2946d1cf19d45b570a8e6f48c69722119adca9d903e3f21
kifejezetten gyümölcsös,712d2776ca2a0955d2946d1cf19d45b570a8e6f48c69722119adca9d903e3f21
érett cseresznyés-málnás ízvilágú,712d2776ca2a0955d2946d1cf19d45b570a8e6f48c69722119adca9d903e3f21
könnyed,712d2776ca2a0955d2946d1cf19d45b570a8e6f48c69722119adca9d903e3f21
lendületes rozé,712d2776ca2a0955d2946d1cf19d45b570a8e6f48c69722119adca9d903e3f21
krémes finoman tüzes Chardonnay barackos,71c58e7ad2277f2c32bf9d646699526ac257b0ae1ecaf86c654489b34fed3684
érett mangós izjegyekkel,71c58e7ad2277f2c32bf9d646699526ac257b0ae1ecaf86c654489b34fed3684
gyümölcsös Kékfrankos zamatos meggyes,f8994bed57d453460a13cd9d7e6a36347d4c2795ac66e27dc885c0290c039db5
szilvás jegyekkel egy kis fehér borssal,f8994bed57d453460a13cd9d7e6a36347d4c2795ac66e27dc885c0290c039db5
lendületes erdei bogyós meggyes gyümölcsösség jellemzi a bort egy kis fűszerességgel,cfc1b0ba1870e0d24513931f44897a1fe3d118a19db05193923af1e0ffa153ce
lime-mal,403a1c2b83a07fcb26a16b6c6024330a8466bbf355fa2933356bc093eba8726e
izgalmas fűszerességgel finom keserűmandulás lecsengéssel,403a1c2b83a07fcb26a16b6c6024330a8466bbf355fa2933356bc093eba8726e
50,87964ea3654eba8ee7401006dfc13b57db64fed5117dfcc361cea999aaf52d44
50,91222abd6b8b7b35ed41c50e97b5ffa4804afb1e1db320e750bd69b3d981f087
50,4d73ff823014c1ed18af390a0687b41771c949cfc50cb1480b55d696ae22a411
50,d91c9fd2e8e8f9077073f3f00a81fc08103d3c782e8ad8ac6546abc5ee22cbcb
többféle,af020404752c2ec4ddbf97ad52079146b10e1d2160c2dd042b33f71ab65627fc
Alkoholtartalom: 5%,f3d65acb377dc40cd7bc618524301341c1e0d3a374d8c7a7d72e7653964b60cf
+50Ft betétdíj,f3d65acb377dc40cd7bc618524301341c1e0d3a374d8c7a7d72e7653964b60cf
50,18fc43ea32cd101bcfdf2e8102b10df80028fc71623e3da62aa098c6c2fd0b5c
50,56991382f0fe9b14b60acc8893c6f32c1e9145e8f95bb63b5c6a1eacde48b87b
többféle,21fef65504239966d1e16f73e7bfb6c1cf919b171d287cab3133f3be200023b7
50,21fef65504239966d1e16f73e7bfb6c1cf919b171d287cab3133f3be200023b7
200,749a5bdd821c6537b8e2e6ec44868ec21227736e5c4e4f9f265b3735cc5ca006
300,0759adc9bb11a2445e4f1a44a34124b355b8ff9b825e6bf6968edc331fb42dd9
Alkoholtartalom: 4.9%,abb673f0a4399f2b0e3dd247b56a87211cdaf728dac006a532400186373c6f5e
+50Ft betétdíj,abb673f0a4399f2b0e3dd247b56a87211cdaf728dac006a532400186373c6f5e
4.3 % alkoholtartalom,01057df8219381955057e2fd9224c7de336be9e30bace9dd0a7fb49dd8bfa3f3
5%,ed19cc322d09bff98ea575e0193a9c91e661aaa858bdbd154ca818cc5403ce06
898,d4c84cf78e353675df88cad01c9c7323b231fb6ec85691d016d5bfcb1029a40c
Alkoholtartalom: 4.5%,4ae4ed4fbc2accf21b11a2ce25da42293f23d8f203661e85bae910062c25d359
0%,4ae4ed4fbc2accf21b11a2ce25da42293f23d8f203661e85bae910062c25d359
+50Ft betétdíj,4ae4ed4fbc2accf21b11a2ce25da42293f23d8f203661e85bae910062c25d359
50,a6599605a8131a4c4f673277d67d4c8dd2af6808fb690650b7c5655661aaedb6
50,a94fc0d37001d6da5364a8106fe55758c07f0cf5979b7af3af44cfb0f4692302
többféle,b898d2eb43ddf1c29e191b1bfe8e93502040acc9cc977aff412ed720d7823116
50,b898d2eb43ddf1c29e191b1bfe8e93502040acc9cc977aff412ed720d7823116
többféle,56f9bb933797ffb4a385854991924860040a48c4fef0163d7a0f6548377319a4
50,56f9bb933797ffb4a385854991924860040a48c4fef0163d7a0f6548377319a4
többféle,db6e36da12631250b394c25a3820f9be74d930469bd4d54cd1584621d413c6bc
50,afc1c4054aa89d3d40a4b82c934d64ba5fa19560c5de02e3e881e473835133b8
többféle,a25937b0633bdb125ae49118efd34b5958d39aa208e25d0aa98f546b5d871526
50,a25937b0633bdb125ae49118efd34b5958d39aa208e25d0aa98f546b5d871526
17 % alkoholtartalom,78e5b4decd99bd9449ed147ec85cd4d51e975cfe61f23bfad5592486ac8ca81f
tejszínes,78e5b4decd99bd9449ed147ec85cd4d51e975cfe61f23bfad5592486ac8ca81f
40 % alkoholtartalom,a5fbcc8095b741f7c5091ca65d29a9c6a8a864f7c7f86dc21dc324e1ac646ac5
többféle,55c154948e7d99e8085bc5dfa9cec106cc890ea4260f9ad0712812cf212463b8
50,55c154948e7d99e8085bc5dfa9cec106cc890ea4260f9ad0712812cf212463b8
50,2b7f9cab4e2cf67c22b5bc01df738badb2b9a60101c812f9d8ed013d4e97f2d2
többféle,89efe573385a3baa06133b0ddd204186d8370e84ed539ed4a67aeb890fbd3254
50,89efe573385a3baa06133b0ddd204186d8370e84ed539ed4a67aeb890fbd3254
üde buborékokkal,a7f51cf865379c2d7f01602ed1c6ea8997743ab946cf3b66142839cecfb2359f
származási hely: Magyarország,b39b02ed9fd262c731950e0a88738451f906df4cb904f01d766efc9062786452
származási hely: Magyarország,2dc1585054444b0c3b32ee931a7572e2926c614df6df9f34c7b60c537380c194
I. osztály,c0b99dc04b75c3205fb15aa1ef9641d1bf3ce0f2ea7e7cc73c44ac09df50e885
gyorsfagyasztott,31d76ffa969150666717b0aec4f28bae4bfad24219ed63eb2834e019e4327c25
gyorsfagyasztott,242b66c19b39d81031d948ee3528ebd2c6c9efd222056350ec943af3f59576ad
elősütött,5dd9de727d627ba32af137115359a2a9b3114645a43b7e98a0b60e40f456927f
gyorsfagyasztott,5dd9de727d627ba32af137115359a2a9b3114645a43b7e98a0b60e40f456927f
classic,228e1fa7f89585bf2d16c6ed9e9e00e9dabcefc480b0c0a99434e37c732cd1fd
kínai thai,228e1fa7f89585bf2d16c6ed9e9e00e9dabcefc480b0c0a99434e37c732cd1fd
többféle,a09a818c9e0fdfd6551a737c6244e478180d1302147cd7ce6a4bb8f1d5a9dc5f
csomagolt,78c8ce091db3397d781a94282f1800637eb7fd4f33bf102e133e57fcc7671821
többféle,287d9b34aaaa6ec7ef31c053e664aa35bce8a91eeb1c0098f663bac7e3599409
többféle,1c978717d6ee02e0536daf3858d76571790f5f24e2b42f74309da986daef10a7
származási hely: Magyarország,27b262315d89e9a9728e260cd539e797ad7b7ea82f69fa9f7c99bcce40abed42
csomagolt,44aa74d447c695891a7d38667a2a866c513f255d7b2425f2f6c143e2afccea49
Crotone,7672b3a6954ff8e53477e3d4309ec2fbac290e88cea51ecc1aa5e45502b4bd98
Firenze,7672b3a6954ff8e53477e3d4309ec2fbac290e88cea51ecc1aa5e45502b4bd98
csomagolt,0a5be3fb30b81c957590826fb0acc48992c80b107bd365533a60c0931e6467f0
faládában kapható,29bec29ff0be50510d9c53c39c4ab2168966f88f6b463bbefe45ede11e3ab82c
panírozott elősütött,e55d7c7b9c7cb9d9acfa4997c2064b8f1fbd0969b4cfedd30f2600e712530ddb
gyorsfagyasztott,e55d7c7b9c7cb9d9acfa4997c2064b8f1fbd0969b4cfedd30f2600e712530ddb
Pisztácia,4be2d1051de5cd0a7a9366f0be90382269069e02978b97a51485eefa8120241d
étcsokoládé sós karamell,4be2d1051de5cd0a7a9366f0be90382269069e02978b97a51485eefa8120241d
többféle,74a7a848f700c47fac11e7d0f5ae5c6c9060f370c87e7d0e0182255d2ccc5a02
többféle,8a424ef8006be24bad1fd3b15ad182f43e600c5f6176eb199e5b92aa97c06ed0
335/410g,8a424ef8006be24bad1fd3b15ad182f43e600c5f6176eb199e5b92aa97c06ed0
4773/,8a424ef8006be24bad1fd3b15ad182f43e600c5f6176eb199e5b92aa97c06ed0
3281/,8a424ef8006be24bad1fd3b15ad182f43e600c5f6176eb199e5b92aa97c06ed0
többféle,e1c3871eb27aa3eed488272f3c3a7612220f8f09ec61af95d1eb568250528520
többféle,e6f58893d4c19daaae485bcdcdaae09fd4e8e0f840f2a6e7d634aefe15e3f18c
többféle,5698a73874f2c66434b9e7953f816742433be76db0050f1b267114ecfc9e9e16
sonkás,4ee2826c1e65e29c7b844a33346fa7b1b9fc25d723404472a0f3df5d30347509
pesto szósszal,4ee2826c1e65e29c7b844a33346fa7b1b9fc25d723404472a0f3df5d30347509
szalámis,4ee2826c1e65e29c7b844a33346fa7b1b9fc25d723404472a0f3df5d30347509
négysajtos,4ee2826c1e65e29c7b844a33346fa7b1b9fc25d723404472a0f3df5d30347509
speciale,4ee2826c1e65e29c7b844a33346fa7b1b9fc25d723404472a0f3df5d30347509
epres vaníliás csokoládés 846522,f10c4c64ee3f8b8e011727cf2251926a641013a5716a2cca14312d3ef4e51dd0
csomagolt,19cd42889f79fa34ed00367a8a418a948c3cb8a9a14e9874b6a024e601603136
gyorsfagyasztott,0c0a9579f5d81cf68ea2e4db5c7da28ee030d46954a652056d1d38280f070bea
tölcséres,c4b3713cf7d600badd0753ab27f1b39757a903ad196e6ce66c045e86cd279930
tasakos,c4b3713cf7d600badd0753ab27f1b39757a903ad196e6ce66c045e86cd279930
pálcikás jégkrémszendvics,c4b3713cf7d600badd0753ab27f1b39757a903ad196e6ce66c045e86cd279930
100/120ml,c4b3713cf7d600badd0753ab27f1b39757a903ad196e6ce66c045e86cd279930
9990/,c4b3713cf7d600badd0753ab27f1b39757a903ad196e6ce66c045e86cd279930
7490/,c4b3713cf7d600badd0753ab27f1b39757a903ad196e6ce66c045e86cd279930
gyorsfagyasztott,cc41fdb4bac8dc2d3761d5e204278ba4f49c0d6aa6d44cca2539bb6c9190a42b
elősütött,7d4536aaab2422d5a86548bc5f38428c9ee1ea42048d161c28f1dbd02075cf5e
gyorsfagyasztott,7d4536aaab2422d5a86548bc5f38428c9ee1ea42048d161c28f1dbd02075cf5e
Többféle,95bb29c39f8a03789fed30e8db0e9b3a68f034723dc0371f5b2ed5c82c8f2986
4x90,95bb29c39f8a03789fed30e8db0e9b3a68f034723dc0371f5b2ed5c82c8f2986
classic,8951d7cf8fc55ff69863b899a65892da39910b043c806529ad62224ce9c38a71
kínai thai,8951d7cf8fc55ff69863b899a65892da39910b043c806529ad62224ce9c38a71
többféle,668b9d0e98692ed5ca31ca44da65b8cb4e0ec850b2c39ed6d618f6e59a1e8de7
többféle,a888d3ca70da3e6f9c15932842e10862e1628b84794715fbd29ff64de951d809
gyorsfagyasztott,c59c94f34aa53624281dec9b6f71e2ca57a8b88963cfc1c60ce72afdce5b3887
pálcikás,58cbb096e565cae83622da5d2698eb310308e63abef108a607e06d60b716c853
tölcséres jégkrémszendvics,58cbb096e565cae83622da5d2698eb310308e63abef108a607e06d60b716c853
készre sütött panírozott,d9b315656a79d60a83b727efd407b797f8520f86fe76509045fa7be68c2030ec
gyorsfagyasztott,d9b315656a79d60a83b727efd407b797f8520f86fe76509045fa7be68c2030ec
panírozott elősütött,7dbeb761c6205bab873dd39fb68049bfb1cb63b0926a3b9f09af6fd8029bf473
gyorsfagyasztott,7dbeb761c6205bab873dd39fb68049bfb1cb63b0926a3b9f09af6fd8029bf473
készre sütött panírozott,17404b42d5067f12da3dca92447db29ca6fbaea85906360a6e1aee84af0ffa23
gyorsfagyasztott,17404b42d5067f12da3dca92447db29ca6fbaea85906360a6e1aee84af0ffa23
védőgázas csomagolás,bbb13e0d6024a1d37fefc250ac44fd23db0a8f43621040c9315f44bbc70c9c4c
csomagolt,d064dc1fb782eba84eccc94e210597b0860aa03d0d6c90f29c3c3f6f5a0eef5e
max. 20% zsírtartalom,5536f02f12c301a9fe4f9d4b4c8adf65df509a9f97a75a02afb1fcdfe48abaa3
védőgázas csomagolás,5536f02f12c301a9fe4f9d4b4c8adf65df509a9f97a75a02afb1fcdfe48abaa3
csont nélkül,bfa2cd2863ac1102e9a1ea3f1d71fdf0073368c0d97671304ca03e16b68ded6b
darabolt,bfa2cd2863ac1102e9a1ea3f1d71fdf0073368c0d97671304ca03e16b68ded6b
csomagolt,bfa2cd2863ac1102e9a1ea3f1d71fdf0073368c0d97671304ca03e16b68ded6b
származási hely: Magyarország,bfa2cd2863ac1102e9a1ea3f1d71fdf0073368c0d97671304ca03e16b68ded6b
védőgázas csomagolás,b1e053bb7e0753f5b5df967bd88eedeca36622d0b3d221516ddedb3bbe788162
származási hely: Magyarország,b1e053bb7e0753f5b5df967bd88eedeca36622d0b3d221516ddedb3bbe788162
védőgázas csomagolás,eb642fdbb76ee9ca1432328f7dfdb2704ae8b3dc946faf36210cadf5098e6710
származási hely: Magyarország,eb642fdbb76ee9ca1432328f7dfdb2704ae8b3dc946faf36210cadf5098e6710
GMO mentes,8eec954406618c83159fd68d66b1a292eada36f10eadfc6e727a0353df92c4e7
védőgázas csomagolás,8eec954406618c83159fd68d66b1a292eada36f10eadfc6e727a0353df92c4e7
származási hely: Magyarország,8eec954406618c83159fd68d66b1a292eada36f10eadfc6e727a0353df92c4e7
Farrésszel,52b51fc60d390f7e148219c77214ffcb1098c12fd4e339c8c23418274f52f73f
Változó kiszerelésben kapható,52b51fc60d390f7e148219c77214ffcb1098c12fd4e339c8c23418274f52f73f
védőgázas csomagolásban felső- alsócomb /kg,5f48f7b960dbab2ee9fae0501bbea289f9db4b8afe7c42d19138081136cac114
védőgázas csomagolás,95dcc48f5cd7c0bf4a785436828633dcd74ffbda1fef71f0c1d840ef2a021025
fokhagymás-zöldfűszeres ízesítésű,c9076b6023982e6c1d14c2664394e65313397610b7242eac167f2821be25fda4
GMO-mentes,c9076b6023982e6c1d14c2664394e65313397610b7242eac167f2821be25fda4
csomagolt,e01c65b7ed2410d709eaf5b35f43e62737ea395be7eccc8293e4d5ce0eb89c3a
mellfilével,0a015aba927bcb07120d8f84e659d9d60a7e4c050a81a8be112abc18af8016f4
csomagolt,0a015aba927bcb07120d8f84e659d9d60a7e4c050a81a8be112abc18af8016f4
light,7debb77771b2ec56b0980e55b0c985883cf3d257946c1f413f23703740afc034
csont nélkül,af3c064beff276f0ec01e44118637ad398ab36cf7c298a457cb33686544f4895
kockázott,af3c064beff276f0ec01e44118637ad398ab36cf7c298a457cb33686544f4895
védőgázas csomagolás,af3c064beff276f0ec01e44118637ad398ab36cf7c298a457cb33686544f4895
zsírtartalom: max. 20 % /tálca,aa26def7ba6f9ced904581a52bc9f2a07e19157ed98564f2779416c44a5f4312
darabolt,13e5005556f286f34bded00153ddc23dc0ca9c529afd8ac4a5fec82a2ba216d1
vákuumcsomagolt /kg,13e5005556f286f34bded00153ddc23dc0ca9c529afd8ac4a5fec82a2ba216d1
csontos,4dd40c93ad1f2239b370066abfac27599a820a7fd8f7daf32ce826b731d047bd
vákuumcsomagoltan,4dd40c93ad1f2239b370066abfac27599a820a7fd8f7daf32ce826b731d047bd
származási hely: Magyarország,4dd40c93ad1f2239b370066abfac27599a820a7fd8f7daf32ce826b731d047bd
zsírtartalom 30%,b4d8021d45017f154e9b5b02399aa708d21050bc8833bcceaed3732bcb1cdce0
csont nélkül,54294b5a2883b98b262b19b50f919ae198fa41fa0c18f5bb10d34b19191ea895
darabolt,54294b5a2883b98b262b19b50f919ae198fa41fa0c18f5bb10d34b19191ea895
védőgázas csomagolás,54294b5a2883b98b262b19b50f919ae198fa41fa0c18f5bb10d34b19191ea895
származási hely: Magyarország,54294b5a2883b98b262b19b50f919ae198fa41fa0c18f5bb10d34b19191ea895
csomagolt,7d5fe66bf32c979534d3512d5cdee91599f5d35b3c3275cc95d73d0399b30f42
bőr nélkül,b036c0bf0c023cff24a8d48512eb0a5b040e21f67c20c75df43f785088e140f1
Claris Gariepinus,b036c0bf0c023cff24a8d48512eb0a5b040e21f67c20c75df43f785088e140f1
származási hely: Magyarország Szlovákia,b036c0bf0c023cff24a8d48512eb0a5b040e21f67c20c75df43f785088e140f1
Cyprinus Carpio,8763750230470bd6f09e958337b7616bae7b4e4063c40f5e6df8cdf94d10d735
származási hely: Magyarország,8763750230470bd6f09e958337b7616bae7b4e4063c40f5e6df8cdf94d10d735
édes-fűszeres,497c6b52f1ed3ff6d47002848c26e5f757dfc30bf4168d7e4328d58e26b4d66f
thai-chilis fokhagymás,497c6b52f1ed3ff6d47002848c26e5f757dfc30bf4168d7e4328d58e26b4d66f
csomagolt,497c6b52f1ed3ff6d47002848c26e5f757dfc30bf4168d7e4328d58e26b4d66f
csomagolt,5ffa41c40dab49796ece0ae2387dd686f73759042a6a2036dcc133792859d4e8
panírozott elősütött,3b548b5c1f84131ead5696d8d161057b222b80d451e080b2b5fced16d4c11494
gyorsfagyasztott,3b548b5c1f84131ead5696d8d161057b222b80d451e080b2b5fced16d4c11494
készre sütött panírozott,1d93b64384504a3dc836c05e79dd0702ce78e201d312c84ee0b1b7bdd6153d52
gyorsfagyasztott,1d93b64384504a3dc836c05e79dd0702ce78e201d312c84ee0b1b7bdd6153d52
készre sütött panírozott,62f19292f79c71d27bd67942dc3113479de47dfbbcf684740a81ecfa01beade0
gyorsfagyasztott,62f19292f79c71d27bd67942dc3113479de47dfbbcf684740a81ecfa01beade0
többféle,cc579bcfd932c53a3cbd22aad019ba8553fa289dc72599ba12703bed03d6d81f
többféle,5223c828827e0af09d2a8c71b6026f51443e68bdb09263056b2a6c0e72a805c3
többféle,e827e4bd166d05b5847e0aeb115e28d78e896a1d0738f223b9d135bfa001c897
comb mell,96a442ef4c4db21f07528e8117e03bcd56d06558ce6d946a5f023bf3d1cbcb70
csomagolt,96a442ef4c4db21f07528e8117e03bcd56d06558ce6d946a5f023bf3d1cbcb70
származási hely: Magyarország,96a442ef4c4db21f07528e8117e03bcd56d06558ce6d946a5f023bf3d1cbcb70
csomagolt,4f0c5c6d3189537166d3127fd5c2ea75ad8bebaba19fa1a0faf44b17666a67d0
származási hely: Magyarország,4f0c5c6d3189537166d3127fd5c2ea75ad8bebaba19fa1a0faf44b17666a67d0
csomagolt,1d983354137f4246319cc352b0d980a5e8cfb2f763952a11c970bde329d5ae99
származási hely: Magyarország,1d983354137f4246319cc352b0d980a5e8cfb2f763952a11c970bde329d5ae99
védőgázas csomagolás,27ea0f732378859b755e85e9d0e8d0671b1d36b4038e0979b16f7dfd43c4531e
származási hely: Magyarország,27ea0f732378859b755e85e9d0e8d0671b1d36b4038e0979b16f7dfd43c4531e
többféle,1133c62e84e6796bb453961153e20bb3d0834a719ca9654899897e696f1e7abb
többféle,4f4b921947a48e486b541780ffdfa0c3a1a8e6c2ee084942af5553c139e66efa
3.5%,5498c5cd1f086a497f5185e584b418535b62ebae9d9f12cc0634d3ce1b4e3010
GMO-mentes,656a6e2b2d0e60415680444aa638aa40027f694bba5be6d609857556f2d3c3e9
többféle,714f11faa69de56778a7b9c4c143ac8165ee68e21d032c1e8badc06ddc3c3d9a
Többféle,e828bd7ccba482f5c42ada349ff01cc658a4603ebe7fa14b4428d81564796236
többféle,7d72cb4f45e91b487f3599e52586242e408de15b14ec583fc9932b0d535d798c
többféle,c83a755e9ab315c48e1975f60cdce711f468301872771569401efaabc6d021ad
Laktózmentes,8de6eeb1cf789d2fef9a033273dae2ef143d5dbbae329f192b1258c6376668d7
csomagolt,fd7770cfc5c34f89a68bf9f72d1f8180958deb33456d7c7181ec340fdf27541c
különböző kiszerelésben kapható,fd7770cfc5c34f89a68bf9f72d1f8180958deb33456d7c7181ec340fdf27541c
füstölt BBQ fűszerezéssel,a2c28ae67cf12b93cb85c397040362247653bad5f705a210dfcd844fdef28a29
natúr,5ec178d96e29c11254647fab46976af51f7ffb8be49a62bea0dd856d3569a1b4
többféle,b977c35997798380df5154e4f1189f0ee52d72c05c58f9e2ac6ba6e1854892af
többféle,67017cd6ef67fe8d7ea37e2c67308bdee00ceed2aca4a5c9a7d01d44ffa66f5b
csomagolt,0a665b7196d96b0df963d2121a1a52fe8d5785e526894f2428e16d102aa8d51e
változó kiszerelésben kapható,0a665b7196d96b0df963d2121a1a52fe8d5785e526894f2428e16d102aa8d51e
többféle,b1d8852577a01d88dee2d515c0bf15de950a579b87196f2d76e87d18d4597845
Zsírtartalom: 50% 2742Ft,fa9ab5851f46852b25611e7f567362037fe87c0f24e97b91944f67f3c3669a1c
füstölt natúr,92cfb472ebb81632b779db9f229b8d22186871f15d15e2976094ba65f20ea0d1
többféle,706e0ca7d96f927904b0f38b704b5cbedf2518ac532ca88a622fa1a20ef833d1
többféle,832a26047faaf890c801157e2e89d1d5c0e18523e580df3ec2a6a83c1a8d1411
csomagolt,832a26047faaf890c801157e2e89d1d5c0e18523e580df3ec2a6a83c1a8d1411
többféle,eefe6bfca7edc2dd4ceda68a2f96762acc8d68780a9d9da3fccb8ec8f0263542
többféle,5c2e491d187db62f679b0f239c08484e0cf8a7c2dc1dd8f01cb1143148554a21
Parmigiano Reggiano,62378359f1f338327bac092873cf63945a2cd2f3c0437363e5e9d6dd4b71b76d
Grana Padano Zsírtartalom: 40% 125,62378359f1f338327bac092873cf63945a2cd2f3c0437363e5e9d6dd4b71b76d
szeletelt,8c22692a882c33f98f6701c1a8c7e3d2e53d2c463375a37d8c8bc6444235a01e
reszelt,eda62068866418a880cdf23455a91f396f3c2c3284162054d205b3852bfbe1eb
mézes-mustáros,2e1bf0eb7d6a014485711210564185642146562cb9c2c6048fd0308fbce3b6a4
natúr currys sáfrányos,2e1bf0eb7d6a014485711210564185642146562cb9c2c6048fd0308fbce3b6a4
többféle,f50ca881c190af5703fe88c667b18d76793735f8683961344672ea6fa668ec16
82%-os zsírtartalom,312f846d08180a1aece868ad4b4fdf8cd2efd6853c7ffd2dff5e844fb1a5fdaa
póréhagymás,c4a8f96496703ba7b66b2ded7b754dc55735b02674404f2243672a3746e81645
többféle,80d987e7a98adcd5a2b00038795bf70edb9d57fdddd3538d1f77c7f624eb0295
Zsírtartalom: 2.8%,a02150d687421d1f0331aef98dd8982f23b16b64d0de6133707faca8dc000544
0.1%,2db09301b727f21271e9eb1f3b566ff02fd847aba0af984d2aa2e672b66651be
3.5 % zsírtartalom,39ee8678161fbd8aaade92d5de40f81ac97e35e3534e31c14defd5d2997d2c8e
csavarkupakkal,39ee8678161fbd8aaade92d5de40f81ac97e35e3534e31c14defd5d2997d2c8e
2.8%-os zsírtartalom,29e864210b0d38456d381697a89983a307af529e5602ca81da279a09f18764aa
Többféle,7691a15b3b3c494c49452c465a7523b3394b1c2cbc4a5dd4f66b2b446471a43e
400,7691a15b3b3c494c49452c465a7523b3394b1c2cbc4a5dd4f66b2b446471a43e
382,7691a15b3b3c494c49452c465a7523b3394b1c2cbc4a5dd4f66b2b446471a43e
873,7691a15b3b3c494c49452c465a7523b3394b1c2cbc4a5dd4f66b2b446471a43e
914,7691a15b3b3c494c49452c465a7523b3394b1c2cbc4a5dd4f66b2b446471a43e
Többféle,30294e4a2b887a9ad741793836b5b9fcfdf70723d24955269ee101a72610280c
többféle,8f91e968c87fe1161669c37522b5df451be46ad71adeb36c157b2df8333584c1
többféle,706ab22976704f152040560170d1f571e08b3f9a91664aaa324a582e53a705ee
többféle,93ff2742ba010adb574d16ae50bb47d7ba1cd1e852dd5b5a172f829e124ac1b4
többféle,ec3d00d14bd6c7bc30f5688da1515acd780fc40481da572b1d09d6419561c7ab
hozzáadott cukrot nem tartalmaz,ec3d00d14bd6c7bc30f5688da1515acd780fc40481da572b1d09d6419561c7ab
magas fehérjetartalmú,9e0ad2ca2dca5316a5e0db9517d476450c140bd443c69318ddb3943ad177e4a2
hozzáadott cukrot nem tartalmaz,9e0ad2ca2dca5316a5e0db9517d476450c140bd443c69318ddb3943ad177e4a2
Csoki-vanília,a73f0381685600402042b55d8cf9c158ea94e0a6ea25f5b110e82811b4aeebcc
vanília-csoki,a73f0381685600402042b55d8cf9c158ea94e0a6ea25f5b110e82811b4aeebcc
többféle,a84096fc240b96779ca8e8a1de4846ebc5bb342d36510bbe884162724a1ec958
natúr,230f5034e5c73a7368e8c76ca12d7ac2fd4870cd14a81f31f1e708a2bd18463d
többféle,9097333f2a52d0c0f542667a593b2521b6d03fbc41a8620b3b0e427fdf3d7fb4
4x90/4x115/,9097333f2a52d0c0f542667a593b2521b6d03fbc41a8620b3b0e427fdf3d7fb4
2747/2150/,9097333f2a52d0c0f542667a593b2521b6d03fbc41a8620b3b0e427fdf3d7fb4
2081/1628/,9097333f2a52d0c0f542667a593b2521b6d03fbc41a8620b3b0e427fdf3d7fb4
hozzáadott cukor nélküli,7265c5f29997ba3c2bfca6d8c127b9a019b8b40c31413878c24cf14542f0125a
pisztáciás,7265c5f29997ba3c2bfca6d8c127b9a019b8b40c31413878c24cf14542f0125a
többféle,9cef0a70de0612689c178792c60f8248826aaf4c019ef88801180b512fe9d11b
10%,15230bda50044c3b4b111e13bcea7bf21d540579ce12e57901af23166b4e84b6
20%-os zsírtartalom,4d7d0e21f94ced4b20dfd35750fbe841b87a238f9e23b9998e4c5ec41a8cdde8
10%,6c674e165d8efdcfcb1c747bd3ab4f90923be263dc982318fb00fa6ab8cf5ee2
20%,631da7c077a925d2adf3b1230097d03c9511f62858348850a49d1958303865c3
félzsíros,3c9cef17ad6d55029df937eb70d29be683dd961c46c91c740a971a39ccc4b7fd
min. 25 % zsírtartalom,3c9cef17ad6d55029df937eb70d29be683dd961c46c91c740a971a39ccc4b7fd
félzsíros,5a794ebceb70da95df4f8ca782978b09a38351f8e2d74531858629905fd1d6b5
laktózmentes,3e15322ad8308dab44778a403e86550a826824a47b9429c912370a1224929f0c
többféle,e2212046185ce39245c007bf0e45dd7765ea17898afcb8376da6643699ef4ea0
280/290g,e2212046185ce39245c007bf0e45dd7765ea17898afcb8376da6643699ef4ea0
7032/,e2212046185ce39245c007bf0e45dd7765ea17898afcb8376da6643699ef4ea0
4996/,e2212046185ce39245c007bf0e45dd7765ea17898afcb8376da6643699ef4ea0
többféle,15add22408502cf0a8058b54901920a5c5819bb5bc73e3a07150199151f90a36
85/87/87.5/90/92/95/100g,15add22408502cf0a8058b54901920a5c5819bb5bc73e3a07150199151f90a36
8224/8034/7989/7767/7598/7358/ 5871/5736/5703/5544/5424/5253/,15add22408502cf0a8058b54901920a5c5819bb5bc73e3a07150199151f90a36
többféle,afdfba238640bba15dc4169e0a1bb4f026e76920b9e8945480111a4e56e09029
többféle,d29b933bd383523533963641cd7d999d6fe004ad78864b865cc7073d2bb3c1dd
265/275/280/290/295g,d29b933bd383523533963641cd7d999d6fe004ad78864b865cc7073d2bb3c1dd
6411/6178/6068/5859/ 5279/5087/4996/4824/,d29b933bd383523533963641cd7d999d6fe004ad78864b865cc7073d2bb3c1dd
többféle,7df599c1ae0af81556fc519d73c6c805bc2e514fcec0cd4a3fd32ecaac53e06f
29/33g,7df599c1ae0af81556fc519d73c6c805bc2e514fcec0cd4a3fd32ecaac53e06f
többféle,9522c9aa94d1ee25714d81b00179b606d35f21a21e1fbddf8092ebe52068e1b6
többféle,13e3ed0fd2170b4397c1c9dde4d7e7cbfd0fee5cc4c1300b23156049ea6f8d02
többféle,d0a3072e5400b76af501b444fe30d3ffd084e3c146b98226d6c2b29ecb9f95d2
többféle,5a33eaf27a9a4aa063f1b40fefbcef19e3bad5cfa1d00b49c05e264fa4419171
magas fehérjetartalmú,5a33eaf27a9a4aa063f1b40fefbcef19e3bad5cfa1d00b49c05e264fa4419171
többféle,238a283b4aae5dfa4a53c0006f8ee990505d8eb93bc72b0bec1df92031c55752
többféle,41e8d9cdd4fee8904316f4b9903b855cfc5d396405fe4be876d761266b543173
többféle,a64ec46b0e5026f9d968b923b73ffc6b815f4559b1ea5aa7f1fa660a16e303ab
3 x 43,90fcd72ba2bc00aeb619311722f61200668c55a976f0246922debe4bb85fa3ad
Többféle,b220cbfc965921e15bb0f1e18b204b9960a0a1bb9a9f93a5334946883c6c9f3e
265- 4902-4404Ft,b220cbfc965921e15bb0f1e18b204b9960a0a1bb9a9f93a5334946883c6c9f3e
többféle,383eb4127ae70ce0268e70360e1679114c8a48f63754936778925639fbbd86eb
többféle,9911ab9cec88f86afe027c046280d973c4b7bc8822bbca353abcc5bf322bcb90
többféle,30864bbaac49058fa2d893ae18b91a44ef279f860976d769cad113d4d62d8d1d
többféle,7256efd9afa3d298a38418cc9badf2dc08875c95cc6f35e34099d7a76c6257b7
többféle,cfbf0e788d66e1123b7938bfc500bd92ea65e483c68e5c0f37de69b39b192b62
többféle,28c21588e6efdd8be454f1ef8947eb28e243880ee35dda70cc63764840561491
többféle,d322d5c03ae2643c7d605341c4fbef34e0acca14bb0c1db3fb3aa7fcd27ccc48
többféle,1daaeaa02fd86b6e0d32b8d26c0462496beae1d7f070515b4b5230ed3e67e9e0
többféle,709151845b3f0955ee3bbd8fcb92ef0c2db357c142f807b0011a52125685d291
többféle,19545a8c2c555e7895694754b4fa19b8811feeddc1f39acc34cc796d8d8f2dd4
többféle,9a74d828adef3014ed25d80efe6961ab594d3fb47422c138f0333ac2c72a92a3
többféle,378432690222eee32093c507022cd0ab1680204b19c3faea2848b125743d0c8e
többféle,b9ed4c260b3806afe6f15da33c818809bdf8fb84d4215a457a46d8617412039b
gluténmentes,0728171a8e7f9b4346bf487fc7ae5f1677e43d3bb7508010a497f8875bd6f5f9
többféle,0b9e31416a7aa1952f15bea3c94d58bf56136bee41081821196bb33cf45870e6
többféle,a9e5e5253a4f311c4cc055db7b0b93a4e5ee4072c7ba2875b6ca844a63a01120
400,f5396f683fe4edc85bca3161299bd24c1aba56e708c912322c11c5ae3d4962cc
többféle,62b576081e4720040668cb7b3f6c4dd1061043b89f4fb0e5ef85bfb6ec1b5bf2
csomagolt,a3c1e9737fcfa6b86d16211e444c9532b24037f17e2466cd438256ac4415f371
csomagolt,987c71c7e0abfac1cf3d847a6140932108403f63254b232e989a4c697f6cc46f
csomagolt,f363245c5c59d4163b6be7d4eb89a5f5f4fc6f1aef42be0e762c6613b3a579d2
nagyszemű,93fbfc95d374c4ecd2e41687c3f276d3a0bdddf72e8ecef69a503700825a4c65
többféle,dfe2361c0cd5c1f96e489712fe6d62e38a23f6102d3745945d6f797d35977571
többféle,5ea566921973675b4cfc6451f111f819c844cce5260407b0c7120ed792b5ffbc
340/285g,e3acf2944a7326e16cb5f8b42d43b3e357c83249798521c35d98e9c64a85410b
1938/,e3acf2944a7326e16cb5f8b42d43b3e357c83249798521c35d98e9c64a85410b
1174/,e3acf2944a7326e16cb5f8b42d43b3e357c83249798521c35d98e9c64a85410b
többféle,1d2cd49f69a72447efdca2294a7f5c0e757e21380adb8c39aa5a2715bc8647c1
Töltőtömeg:,f75c5655c7844472d5fe3a23fe6dcdb314b94dc72f9a080b0e1ca375bb5ee5dc
többféle,e7b68af3984de0e18ba30ff82a4150712d9846f6a870c6923461358380d50edf
spagetti,8073fdb03fa9bed43387414ec0d3ce2505fa80927990431d63c86f93011b835b
szarvacska,8073fdb03fa9bed43387414ec0d3ce2505fa80927990431d63c86f93011b835b
nagykocka,8073fdb03fa9bed43387414ec0d3ce2505fa80927990431d63c86f93011b835b
tarhonya,8073fdb03fa9bed43387414ec0d3ce2505fa80927990431d63c86f93011b835b
többféle,f91022e7b6aa984fa3858a5f237a0334006b579cdefd1cc1c47207602dee1651
szarvacska spagetti,1a7be27daa911bda8b8fb9c8693751389c0e6ae36258d4cabd4f18f25150ef3e
többféle,e90eb8a7b57dd88b5a3b507c2bec52d2e2ffe5c179fad73ed3db13515a710b70
többféle,70d3ee90a1f979303562cbb36f5072f0f15037d6e8fa117c25dc7da11b9a9deb
többféle,5ea4cfeaee679fca4113384ed9879ae8890d6da12fc2ac9f516aecff321943b3
többféle,18629631e63a91c311a1f1e528f0a0f6eb0359665ea013d592ff18b2b3a33f4b
többféle,c4b8be8b8767a74ae71bc34f9d7e5fb384930ff49211398e5943aa46fb38b219
többféle,bd7a1e4d7eaa10d32ff9e7989f59c230688609d35f3bcd0bb1c3574474b7f893
többféle,d7bbb8c7aa92d9c95f84450be1cccb9be059b0d0479652d32302a065f46e4d8e
többféle,c3bf798ce0baafa4a58f4c890f3105aff91dee2471b5dc058bab17263b795ccb
többféle,13d36d8748e79d2f017970b1eb324073ed737f65ed5fa1666897de1953c25cd6
350/375g,13d36d8748e79d2f017970b1eb324073ed737f65ed5fa1666897de1953c25cd6
4454/,13d36d8748e79d2f017970b1eb324073ed737f65ed5fa1666897de1953c25cd6
3140/,13d36d8748e79d2f017970b1eb324073ed737f65ed5fa1666897de1953c25cd6
felezett töltőtömeg:,b284741e831d86a02f0f08089249113366287bd7cb6d9ae9ae84f443af9b95ba
magozott,2e521d82e1f41782b1473ec77b211d5b2bdeef6ba4bab64e3035ee0c65b4057e
felezett,2e521d82e1f41782b1473ec77b211d5b2bdeef6ba4bab64e3035ee0c65b4057e
700/380g,2e521d82e1f41782b1473ec77b211d5b2bdeef6ba4bab64e3035ee0c65b4057e
1213/,2e521d82e1f41782b1473ec77b211d5b2bdeef6ba4bab64e3035ee0c65b4057e
999/,2e521d82e1f41782b1473ec77b211d5b2bdeef6ba4bab64e3035ee0c65b4057e
szeletelt,1d95524cfb21046bb8932f3f071f7fd734303a3bf3c7cb2ffc7e8f6e1663a15a
560/340g,1d95524cfb21046bb8932f3f071f7fd734303a3bf3c7cb2ffc7e8f6e1663a15a
1784/,1d95524cfb21046bb8932f3f071f7fd734303a3bf3c7cb2ffc7e8f6e1663a15a
1516/,1d95524cfb21046bb8932f3f071f7fd734303a3bf3c7cb2ffc7e8f6e1663a15a
820/475g,fdbbe0db54e7b7b3342a1dffcf01228d21cefac66159ebc0788fbea784e2c2b1
2194/,fdbbe0db54e7b7b3342a1dffcf01228d21cefac66159ebc0788fbea784e2c2b1
1828/,fdbbe0db54e7b7b3342a1dffcf01228d21cefac66159ebc0788fbea784e2c2b1
szeletelt,c170aa52ef83136a561c48a43c31bc3d005816c45b26b7828ba11bfbc929cd94
660/330g,c170aa52ef83136a561c48a43c31bc3d005816c45b26b7828ba11bfbc929cd94
1726/ 1362/,c170aa52ef83136a561c48a43c31bc3d005816c45b26b7828ba11bfbc929cd94
kocka csík,db990a8dbae8d3087efd0d67405f47698cc878fd899e9c12c4843d9501d60f79
520/330g,db990a8dbae8d3087efd0d67405f47698cc878fd899e9c12c4843d9501d60f79
1344/,db990a8dbae8d3087efd0d67405f47698cc878fd899e9c12c4843d9501d60f79
1152/,db990a8dbae8d3087efd0d67405f47698cc878fd899e9c12c4843d9501d60f79
szeletelt,6dc67e7ca806a03b4777326b13b5a5cd0043ad5f03b8016ee8ce41607d91ccfb
350/170g,6dc67e7ca806a03b4777326b13b5a5cd0043ad5f03b8016ee8ce41607d91ccfb
2626/,6dc67e7ca806a03b4777326b13b5a5cd0043ad5f03b8016ee8ce41607d91ccfb
1997/,6dc67e7ca806a03b4777326b13b5a5cd0043ad5f03b8016ee8ce41607d91ccfb
többféle,09dde6ccd38ceef830c985e7c72ace2a32d8c1f460452aeb4add7f8bcc80fb18
többféle,52d51fb13da060d3d038d64c76e583cfbe46960841757f0731177fa98bde4b87
növényi olajban,b378e5c21253918efbe9c4435d7ba60bc893eca22c167c19f444bdbeac223e68
többféle,baee58b26f7b260d73fe6f719f816d3c93b5e0ee4f6274ad5a1e515c53592296
500/570g,baee58b26f7b260d73fe6f719f816d3c93b5e0ee4f6274ad5a1e515c53592296
2080/,baee58b26f7b260d73fe6f719f816d3c93b5e0ee4f6274ad5a1e515c53592296
1798/,baee58b26f7b260d73fe6f719f816d3c93b5e0ee4f6274ad5a1e515c53592296
édes-savanyú,cb30c03030e3b892614a799ad555af38a5c94e1e0a9a820c398fc8a0289b0bb0
töltőtömeg:,cab027638b430b8642785413375b684736cbfa254b3e17a7ec2e64bad1fa0651
többféle,d67973c7d8e4835812e99bdc948b2c090d193e175b3a9e039e79cd345607bdbc
töltőtömeg:,d67973c7d8e4835812e99bdc948b2c090d193e175b3a9e039e79cd345607bdbc
többféle,9dd474d24ae92be93e8b64616a651b5f93441bf4acca2ae866c95e18d70b99f4
többféle,84c865066ba291cb04ad9aebd741a8930e04e1a15f31b0ee9d4f48911e17a910
többféle,1f01cfe52cd47ffd503d634a2e1c4c45c67b98e68a03cf0e2357604d6aeace61
többféle,8e4e408162755e8cd830784f0d6d21e7c283d22a4a83b5428ac8d0e390a8394b
többféle,9efd7bba51520f8e3f83f4314c6d791890c80f0e7599e5688b0a56970fef0f3c
többféle,742ae4c3379e795df266df72f0bc271cb8c71a1f380e6cdd40bdb1019264a127
többféle,870de0a754bf9583f804b75cede904f54d85e0406b58606a8ea802cad2327439
többféle,c15240463743394f8e1c27f2c99cdfb783d017cf5196f1fcb454413ac1274e86
többféle,cedfac212d99a68573f3b19e0b6c1d5b5192362b8812e30221daf8b15dd0a22a
többféle,869004188879196ac708044bf7dd548688038c77b83b87697f21d3a33affd7af
többféle,95c4c64329edfbe08418a371eeb510596f2f47a948248bc42bc849bd3233d466
többféle,7212ab4accb6bf7c92a097eada774feff7a15cc3e204c783d161d35933bcab7c
többféle,5d3f23b3caa518c80162450fb5316ea921961b003d79f55e114635f01e233510
gluténmentes,a493c4a0cdcc96fbd6b5946f59a13a038744ef884653b45bc72b49c0e10492f0
bio organic,a493c4a0cdcc96fbd6b5946f59a13a038744ef884653b45bc72b49c0e10492f0
többféle,60d5abaa9eaab0ec4a053caceaffd3766548258cc4ada6f18d5e4a25aabe1825
többféle,3771b0405aeda8c626a494cae7ea59dcc8c92b86902806c4a841118a18f6e1b3
többféle,7d12e7e953c924efc2d62105bf54a984a2d14c708ad7cff4a31ab1bad8b15873
többféle,08d7a5b61c3f244a4f8d8d69dc5b4b961961c9302309de96c577dec46a271ccd
33/48g,08d7a5b61c3f244a4f8d8d69dc5b4b961961c9302309de96c577dec46a271ccd
többféle,c8bdac023e93875395176d808f852197b7ceec6f94503e9ff3c724cd3d3c3a1b
Többféle,afac57d0eb8cab241073ea53ec8f65b249c113269779aead2a3313e6f885dcbf
59-,afac57d0eb8cab241073ea53ec8f65b249c113269779aead2a3313e6f885dcbf
többféle,455da94630b63a97209dd7955adb9891de8d5d9ce2ac75c242d3d12e5978b470
többféle,cc7223b890ebf426a85ed3cd6cbf46801ac67d890b3c7f811515d23452450cfe
8048.39,cc7223b890ebf426a85ed3cd6cbf46801ac67d890b3c7f811515d23452450cfe
8457.63,cc7223b890ebf426a85ed3cd6cbf46801ac67d890b3c7f811515d23452450cfe
többféle,9e12a5ab2c1bc97925095638e8095fe23a7328095fd18aafaf609954bc9f1155
pikáns,7986d0b9be493c7d148d1aa0fd69ffe687884dfbd4cd2fe8e9b4859cdb38d9b2
többféle,d956486aecf94c895347a3776e6ad61a82e692755d9b23f85f4016039ae47aa1
többféle,46831daad9068d03ec229b51a70928be5471dba03237e8e42192f829ae43d667
csípős,e2e215e6426d50a76966a486274119c23835974ac7e5cfa886f58c57feafad2a
csemege csípős,6fda8f770cbaafc7d940839e6de73300ac57b02e2803418a026f09260fe40956
originale,c51c25aa908339512aba8ba5c70e9a7ed33ada4df710e9fce870ac47581c01f5
flakonos,001a14d68566eeb5a91605dd17a38335f59b34f19d43d6cf81315a23a411d1b8
flakonos,521d27b76406e48878d0768a8bfd96730b85d4eeb34e7bffb56f475f3dbbfbfa
E-szám mentes,70256ba893722765a8b210df46ea7baf45781674d9e3799c126b2e0a4f937d0c
mogyorós kókuszos,91322c44417607af092665957429c48f6c3e775acd176130a1ec6636c886437d
kakaós ét- tejcsokoládé,d0daa42931259537f240c0009aa787ded9631934d2f3843fec0a60c4a6daa18c
szeletelt,3d264ff786ec061d8d48beecb741b40b23fccea414e4f5f599220b98eaccb793
csomagolt,3d264ff786ec061d8d48beecb741b40b23fccea414e4f5f599220b98eaccb793
többgabonás rozsos,7b5abcfc093b6956bc6c01904a313b8db478f1242958bb0465815f35391955a7
szeletelt,7b5abcfc093b6956bc6c01904a313b8db478f1242958bb0465815f35391955a7
csomagolt,7b5abcfc093b6956bc6c01904a313b8db478f1242958bb0465815f35391955a7
szeletelt,0d8ddb6b2bcb5bdc81814bd74321cc28bab4ef48d576994bf5db9c96224d064d
csomagolt,0d8ddb6b2bcb5bdc81814bd74321cc28bab4ef48d576994bf5db9c96224d064d
szeletelt,8b3b377c38a37e5411327496f2a19cba685e1784054bcd45434208a22780b969
csomagolt,8b3b377c38a37e5411327496f2a19cba685e1784054bcd45434208a22780b969
frissen,05c9aedce740c2d1c3043f64bccb6e89cf0c530fbd023a81c6577f3e8f67a3f7
sütve,05c9aedce740c2d1c3043f64bccb6e89cf0c530fbd023a81c6577f3e8f67a3f7
olívás,ba19c13703e46f4b460d5c2b602d8f6fb2dad7808d22c1a50583adc834412401
szeletelt,ca9a52b9b47a1e9b5feafcf1dafeeb16f08c944248779b30872e44bb4322428b
csomagolt,ca9a52b9b47a1e9b5feafcf1dafeeb16f08c944248779b30872e44bb4322428b
fehér,ba848529bfc54feb6d67710c8f22d006cb16252edfa8026efb314f25546bac7b
szeletelt,ba848529bfc54feb6d67710c8f22d006cb16252edfa8026efb314f25546bac7b
csomagolt,ba848529bfc54feb6d67710c8f22d006cb16252edfa8026efb314f25546bac7b
szeletelt,c6df14c9a8d02ee9f9c41b8433402cbb4ad001a55a13e1864dce6aab04ada75a
csomagolt,c6df14c9a8d02ee9f9c41b8433402cbb4ad001a55a13e1864dce6aab04ada75a
szeletelt,163e080af97145a96ac277c7397563bcc6be1e7f84f1c8f0d4183d903d100a86
csomagolt,163e080af97145a96ac277c7397563bcc6be1e7f84f1c8f0d4183d903d100a86
teljes kiőrlésű,a17fd01da8153aca1b64b7bb314c2b763d835e5cf79f68ad4f140760c23b27de
szeletelt,a17fd01da8153aca1b64b7bb314c2b763d835e5cf79f68ad4f140760c23b27de
csomagolt,a17fd01da8153aca1b64b7bb314c2b763d835e5cf79f68ad4f140760c23b27de
frissen,9a7f8778fd0dbfa75820949b4d024095818b3f5843e8244c9c5beb7cb5217f61
sütve,9a7f8778fd0dbfa75820949b4d024095818b3f5843e8244c9c5beb7cb5217f61
frissen,faf0cf8d461b1afe5fa2e9fe1afaec0a3aab7ec7a72420cb5e37497ecbc32b05
sütve,faf0cf8d461b1afe5fa2e9fe1afaec0a3aab7ec7a72420cb5e37497ecbc32b05
frissen sütött pékáru,f62e4d00a14023f24911919e18573c55a50e1a0d913fc69b9d1afae7ad10d324
joghurtos,1b835d92eb3f48748cea743b86d01e11dc0b79f77d700b78646c6c1e85d49db9
frissen sütött pékáru,e8716d54986c38944aa1e942cab1f089dd06cfc3703a0e64da735cd5251b7e56
színes,9305c92cbb75f717e825c23d32ff726775d3b536a9f23c7c9ef4b5644490da40
Csípős,31b701a3d1c618950bc235e2f01bfede4bacaac58461b89baa4a04aa76b0e2fc
többféle,b7f61b4013fc291d2d01a6b8a4ce9989aefa767422934daf8a0425d557c3ea41
csomagolt,b7f61b4013fc291d2d01a6b8a4ce9989aefa767422934daf8a0425d557c3ea41
frissen,8c3a960f9fc9c820fb133d5f952b9087d75fcce6915e656083586544e4fabddb
sütve,8c3a960f9fc9c820fb133d5f952b9087d75fcce6915e656083586544e4fabddb
lisztből teljes kiőrlésű pur-pur lisztből készült,acbfd74503ce0f59cf2e80e537664f30b6adabe684dd8e7d35872c175df96724
classic,eda60478582aaacaa23aba2d1e761bb5867bf31a41dcc7a2f45c433c9931c4a6
csomagolt,e80af0c7e679af3e16083db33f8a8864c960615eff336d5e745588f319891229
szezámmagos,4f40aed32ed1986bc798cffb60e086589a9df2fb9af39b95cadfab18140040e5
sokmagvas,db31ad6bcb27b275966b914f5e2a0f0e229c79ef9acd48bf86fc7e56aa2d1af4
natúr,467bd5ca3967ffadd5ebeb72549bbe9aa6a6ffc176aeed806fbb083c4bf57aaf
csomagolt,dc80259d09b55308cfb71d77448a2855ab2c29120149eb60b20dcc1711ce778f
többféle,c5725a240a06d1dbe28eeeefd402b2812da62bbce95e47a148ce2650d59fe0a7
többféle,5f4f2de147f920d18b1accc636e578c76ed1a7e2cd07c7af29434e10ad202e5d
szezámmaggal tengeri sóval,1c2e3f5186b4c2f8efc186768b5f4a01ff31115b9f828fbc8b0362497de52d56
csomagolt,1c2e3f5186b4c2f8efc186768b5f4a01ff31115b9f828fbc8b0362497de52d56
többféle,5f81770da5b1698c1c4391582dad3b8cecb73c85960bb2adef0e1f518277687e
180/200g,5f81770da5b1698c1c4391582dad3b8cecb73c85960bb2adef0e1f518277687e
5383/,5f81770da5b1698c1c4391582dad3b8cecb73c85960bb2adef0e1f518277687e
3750/,5f81770da5b1698c1c4391582dad3b8cecb73c85960bb2adef0e1f518277687e
többféle,72b2ad022202217780216c5ea72bd1dc70e9cd0524f71a439bec5a312f4dd022
csemege csípős,d0c7f17b426e9f93c35292da3ceb4889cf3304e3eb246640e4353285dee62db7
panírozott elősütött,cfb5950a8b82da2ebb30a597482e7a3c1ed1a369447f72df3bcdf9f0d40c41fb
gyorsfagyasztott,cfb5950a8b82da2ebb30a597482e7a3c1ed1a369447f72df3bcdf9f0d40c41fb
többféle,658674727603f9286393a804dfada7d930c59d305ceb7e730c9a1153eb1856f3
335/410g,658674727603f9286393a804dfada7d930c59d305ceb7e730c9a1153eb1856f3
4773/,658674727603f9286393a804dfada7d930c59d305ceb7e730c9a1153eb1856f3
3281/,658674727603f9286393a804dfada7d930c59d305ceb7e730c9a1153eb1856f3
sonkás,1affbc590f045517ef055d56d21d482e9b093e3d4a0bc7b0f785809034f7ba15
pesto szósszal,1affbc590f045517ef055d56d21d482e9b093e3d4a0bc7b0f785809034f7ba15
szalámis,1affbc590f045517ef055d56d21d482e9b093e3d4a0bc7b0f785809034f7ba15
négysajtos,1affbc590f045517ef055d56d21d482e9b093e3d4a0bc7b0f785809034f7ba15
speciale,1affbc590f045517ef055d56d21d482e9b093e3d4a0bc7b0f785809034f7ba15
Csemege,4cd163bec29ed37ae78d4c74e103974534575b3c745c8598a84e3f0d9fa84245
paprikás,4cd163bec29ed37ae78d4c74e103974534575b3c745c8598a84e3f0d9fa84245
szeletelt,4f8e31870225475fe0b8f8c059d55f22c70bf874f3a15e5f67c4bcdaa2f30afc
többféle,424359b2b530d7fa42aa0915ab3b3625ebd114566937ba496d5e1e66c031db2f
90/100g,424359b2b530d7fa42aa0915ab3b3625ebd114566937ba496d5e1e66c031db2f
8878/,424359b2b530d7fa42aa0915ab3b3625ebd114566937ba496d5e1e66c031db2f
5322/,424359b2b530d7fa42aa0915ab3b3625ebd114566937ba496d5e1e66c031db2f
többféle,19555da7dfaea1295d47fb732e37a2b5e3b04c02cb0c6319a4c3e02ae0ba9e42
8878/ 6100/,8e3bea9b9eb84bf6ee0804447a0061ca55e4048ba00f77f616a0f4c83db20499
90/100g,8e3bea9b9eb84bf6ee0804447a0061ca55e4048ba00f77f616a0f4c83db20499
szeletelt,bf5f2cdbf5d97b3fa02f496294f42b31eb2be0b7dba23c6267051a62300494b3
csomagolt,bf5f2cdbf5d97b3fa02f496294f42b31eb2be0b7dba23c6267051a62300494b3
többféle,289e4e1cfefcc482b065e91048cacd3cf10c9ddd2aa3bfafa9b2550f7bde68b4
szeletelt,94145dd6c72bdbf3ba14d2df2733216898b006d1b497966c13ceb87066dab5d1
csomagolt,94145dd6c72bdbf3ba14d2df2733216898b006d1b497966c13ceb87066dab5d1
csomagolt,eef1a0c7c96035e0d5012bf15f2abc8e299ddc0f2c942ba1d3e319c60507e131
csomagolt,fa82b1df3ef30a6e80732e72f1cd7ca7e4c789fda08ef66296c4edc0bdfa6a6a
többféle,2206576c7b6eb31cc5d90e7f59140881a2f0d176ce81bbb5dca5e17e8aa5f168
többféle,82a22cde636ae1e0088712444e09d79e7f98fbcce02294dc52bd6690f5525275
többféle,4bba64465220397e5f38900a1691eb3b9071c34b9326ec8c828e61b46e158e98
csemege csípős,2ebdc4c7b6894585c5469461752118b848be04ea5a4af892f00dbd6bc797e860
92 % hústartalommal gluténmentes laktózmentes,7251c726a6ea2ff191f18e44f812e7ea15d8feb0665b0c455219632e77c01ca5
szeletelt,c4dc9c8232d223ec5e4e4f23d587060158345d378b95d09b749672ec02fc2b5f
csomagolt,c4dc9c8232d223ec5e4e4f23d587060158345d378b95d09b749672ec02fc2b5f
4990Ft/kg. A termék a csemegepulttal rendelkező áruházainkban kapható,c41530b90e1eea6bd1681ad4d73eb7e4613af0824fad4ce1d95bdf2afdc96e40
szeletelt,1ecfc7193ab2e83677b5b43ea11c0e5bb7c49f45763a8cae5d60d099e208218d
Comté sajtos szelet,85ad8774018e918009a14202053c3fd5589e3fc322a51cb96b3cee2ce781dee6
chorizo,85ad8774018e918009a14202053c3fd5589e3fc322a51cb96b3cee2ce781dee6
bagettfeltét,85ad8774018e918009a14202053c3fd5589e3fc322a51cb96b3cee2ce781dee6
parmezános 5390Ft,85ad8774018e918009a14202053c3fd5589e3fc322a51cb96b3cee2ce781dee6
Szeletelt,0129d7d2b7836fc28fce530ee30d936a4753e4ff4f85699e947efcbbd9c2d67f
többféle,4a05e4442769245c97eac2ee1ddcdb9ad68f2681742e5f9faf92628e8eb68177
szeletelt,4a05e4442769245c97eac2ee1ddcdb9ad68f2681742e5f9faf92628e8eb68177
szeletelt,f2a33faa8b3d985ab785c6f9db71b790d972482fba7d19bb02ffed486ff19045
Milano Napoli,fdc2951d906ead0a2854f16e0061316f6c2f504c8ddabc7a7de12c8794db920d
füst ízesítésű,037a48e308153e1971642e3753c85b36d437d69b5f5a79ba817ac48fbf80e6c6
szeletelt,bc1fe353e2c382c276f76654e2abf54866da30496e0bee1d90bd9ff7466db685
csomagolt,69c54c8eb3d1e053dfeb4e2590a5bc514b06ad7d1bf54964194d71258e1333b3
többféle,390e778840e885b24b44096c801dd5717a23fbe9704f10c1e0c6b55442dbf3ae
80 % hústartalommal,ebc3a9c142480291ac8471b8954eac7658fc0e86c25f291ae81414b59c9f352d
gluténmentes,ebc3a9c142480291ac8471b8954eac7658fc0e86c25f291ae81414b59c9f352d
laktózmentes,ebc3a9c142480291ac8471b8954eac7658fc0e86c25f291ae81414b59c9f352d
12 hónapig érlelt,56c6e477c65b0ed580c6db2512d31fe2229cc45def4036489bcd6fe401305ccc
szeletelt,56c6e477c65b0ed580c6db2512d31fe2229cc45def4036489bcd6fe401305ccc
csomagolt,c9782ce6ad8fb2e9ea7a0b45ef21d2ca906ba442dec6d0aded6efaceebc4a30d
többféle,e55d39f468eb99e4dc8607aea843bf16b6ea69aabc50bf4b35ceecc51073c949
szeletelt,2fd48ae6df14563aacee7e90d9f587802a7a3d69ed3607a980b97b8bf1f95059
csomagolt,2fd48ae6df14563aacee7e90d9f587802a7a3d69ed3607a980b97b8bf1f95059
darabolt,d0f3c4de9d524ed5b0ff63edd971f5eb3b1177f55aaa565c554c579fd68c3d5d
csomagolt kiszerelésben is kapható 3990Ft/kg,d0f3c4de9d524ed5b0ff63edd971f5eb3b1177f55aaa565c554c579fd68c3d5d
szeletelt,3206040bb7d737b5a1648ee834466dbd4549b14b42dd94255690eab88bf6b4f2
Aki,c0719b15877c0396be02e1aa812ed691e19be8c917d689fc8b30633cbb36b092
Toshi,c0719b15877c0396be02e1aa812ed691e19be8c917d689fc8b30633cbb36b092
190,c0719b15877c0396be02e1aa812ed691e19be8c917d689fc8b30633cbb36b092
Haruto,1b88cd2a77a51968563815c499ec434d85cf2f2453926c210589dbf9aa4482ff
Noriaki,66f824225d7a2afc297352f521ad7df84f88ee11239661096fcef27bbd17dbea
tekercs + szósz,2e3df89f59feeaa1ea3f8d3f5b2bad84c4d5dddc757add4cbf08fce4f3128a3b
KÖRET fehér vadrizskeverék zöldséggel steakburgonya 1 adag,df9c3eefcfcf853273357d1ae04c6f2f9659001f95844a56fd00073faca497e5
csomagolt,ef460551f15e81517d1212b4385b82d54077a9fed7da59432a1832d3c7a045e4
Mexikói,d7d5467d78ec32feaa081235cd6e91795837cfcd4bd6934a1d91a51ee49d8fa7
mediterrán,d7d5467d78ec32feaa081235cd6e91795837cfcd4bd6934a1d91a51ee49d8fa7
pikáns mexikói citromos mártásban,ab64bb97ea3b7bccafe764b9b02a73e9e032a1468c370f7c3be96d3b018ed97d
többféle,06827a6d356c56cced4c5472d934b23b08fbfedd0762c1fd05fd20adac8151da
csomagolt,7e7fb4a613a19c5a80ef50fafe60def2934539c3806f28e1b5199a16c064c58f
sajtos,70672028b9cf030a2b014f088af48f26c25bbe872083a7d5472f408aeca695bd
tricolor sonkás,70672028b9cf030a2b014f088af48f26c25bbe872083a7d5472f408aeca695bd
sonkás,70672028b9cf030a2b014f088af48f26c25bbe872083a7d5472f408aeca695bd
csomagolt,70672028b9cf030a2b014f088af48f26c25bbe872083a7d5472f408aeca695bd
csomagolt,ff199b2dfeb02db5cc99b19feedf994687256df5712837695a32c1dc0cdb8680
többféle,2f42745f120b24a29013e1df4a88c85fe097e6274c4a853f7cca7c0d94839374
többféle,75d20ac1a96b0e852abe5a0d20e79bb354d9f05f2556e9f2f0fdeb905856ed7f
többféle,f57f5368ef40d39a26c427a9a3665b8b4b3ea72b37acaa9c03e680303936a6ad
50,f57f5368ef40d39a26c427a9a3665b8b4b3ea72b37acaa9c03e680303936a6ad
többféle,1623c2bae047abf935dfaae7659b7c5d5cda58d176fdca6c7df899b660dd64f0
többféle,2a1a31ad7164164cbb9fadb0c58e4bea2cf5c6d9c339ccf0491d92eea61c9bdf
alma,a0e3bfe05a90172232df379c7ccd170c41c24f39cb36d0382b41be77c0d228c3
narancs,a0e3bfe05a90172232df379c7ccd170c41c24f39cb36d0382b41be77c0d228c3
szőlő,a0e3bfe05a90172232df379c7ccd170c41c24f39cb36d0382b41be77c0d228c3
rostos meggy-szilva-alma,a0e3bfe05a90172232df379c7ccd170c41c24f39cb36d0382b41be77c0d228c3
rostos alma-körte,a0e3bfe05a90172232df379c7ccd170c41c24f39cb36d0382b41be77c0d228c3
rostos multivitamin 12%-os gyümölcstartalom,a0e3bfe05a90172232df379c7ccd170c41c24f39cb36d0382b41be77c0d228c3
többféle,0fed712a4fd93fd2762501adb08200ded969ba7e07a6cbaa9c46f2565a8e1f6c
többféle,4d1c67e91e3de02e114ec9e662191577bc848c36baafeb93d93349eea7ff0bc3
többféle,c94160e399d3031376a5ad5e4c6cdc9762b8fa10dc68cc95b1dc0fc6b8f30b8f
3-12%,c94160e399d3031376a5ad5e4c6cdc9762b8fa10dc68cc95b1dc0fc6b8f30b8f
többféle,a8018fc50023fac924427f3697331c7328dde0fba551ee4cf60aab45dd2fc5c5
többféle,a362df7074937e2255aede028e9f50a9f732a449e89050aca16353bb66c0c4ab
többféle,e8ea6dbc164ca99ab6e2b9998a18a13e938bf959284b87ed6560322f5cf28f0e
többféle,8fc4c6e7ac7e41f82b35067acdd7500ebb4ea69287a58394c74e88c909278e67
100 % gyümölcstartalommal 728486 vegán,ca2f8765cde5c96bbf4e86eef2a8361b352a8b4e39114f78349127447ff1fd0c
Gyümölcstartalom: 51%,727ab53b58c1d69fd6b65fea66db8f78b93c3668e1e10e5bc82e81395811c8a9
többféle,95639bd0a28127fab47b5e1f2025a9901f7e8dc7ff8476c7157f4ac03b14869e
25-100%,95639bd0a28127fab47b5e1f2025a9901f7e8dc7ff8476c7157f4ac03b14869e
: 999Ft,95639bd0a28127fab47b5e1f2025a9901f7e8dc7ff8476c7157f4ac03b14869e
: 1298Ft,95639bd0a28127fab47b5e1f2025a9901f7e8dc7ff8476c7157f4ac03b14869e
Alma-mangó-maracuja,c1b39484713f5362387baf30cd962dbce1a8264e9e151848e65350c4d8cd47b8
eper-banán,c1b39484713f5362387baf30cd962dbce1a8264e9e151848e65350c4d8cd47b8
+50Ft betétdíj,c1b39484713f5362387baf30cd962dbce1a8264e9e151848e65350c4d8cd47b8
többféle,f038c27bf62d2c77360b717b5a62c80f8582e53451b1159321d3446bca8e53dd
50,f038c27bf62d2c77360b717b5a62c80f8582e53451b1159321d3446bca8e53dd
többféle,58594a342fd926af7b5e4cf251c96d50e42361773f7dd0d3413ea1339b2df3ca
50,58594a342fd926af7b5e4cf251c96d50e42361773f7dd0d3413ea1339b2df3ca
többféle,cb8dbe683a5885de02a005d2e3286b4e933cb2dfcb54bde055b405b5600700e3
MIRINDA NARANCS ZERO,cb8dbe683a5885de02a005d2e3286b4e933cb2dfcb54bde055b405b5600700e3
7UP ZERO MOUNTAIN DEW SZÉNSAVAS ÜDÍTŐITAL,cb8dbe683a5885de02a005d2e3286b4e933cb2dfcb54bde055b405b5600700e3
többféle,be10148ba2110d1076dbab9b35131eff18df293e478c8768332cdc1c798b442f
többféle,744f2ea73072baa772dbc5a8bfae2ff7e1ee10940e8a7295be23bb815252c385
50,744f2ea73072baa772dbc5a8bfae2ff7e1ee10940e8a7295be23bb815252c385
50,d8b58c24c4d7f3e25ef1b21e0156888a94a7d9d5c96da85d1a6dc85d2f6bac4d
többféle,812d66d621add818819de2baafdef36884c8265e795186044ea97e172b9fe82e
50,812d66d621add818819de2baafdef36884c8265e795186044ea97e172b9fe82e
többféle,d6bf58346b05864f3dda47b82dfcd4575cd31aeccd60d2bd7976ff419225ba8f
többféle,d7c2a37dfca89a8eb1c40022ce2fe0fdb9233d18d001e4f0021c5f83be35eda2
többféle,9678dab255973427b148f64c41a11f021945edc4c736b3fb60242672cdd83a8f
többféle,c3b6190dbec05981ab867b3d54382099806a86f0fe231d2882d609e61905ab5c
: 729Ft,c3b6190dbec05981ab867b3d54382099806a86f0fe231d2882d609e61905ab5c
: 838Ft,c3b6190dbec05981ab867b3d54382099806a86f0fe231d2882d609e61905ab5c
többféle,393ef71d5220b546a5d7e83cc3bbdd09f398bf3061bab680061da9b19ade54f2
50,393ef71d5220b546a5d7e83cc3bbdd09f398bf3061bab680061da9b19ade54f2
többféle,7e91b1255d6d6fb6d8241a116160840f768f1f625be926c5aa7d12556309f458
: 319Ft,7e91b1255d6d6fb6d8241a116160840f768f1f625be926c5aa7d12556309f458
: 916Ft,7e91b1255d6d6fb6d8241a116160840f768f1f625be926c5aa7d12556309f458
egzotikus,27e943010d7670f717a6c88add61156e392a6cc2788ec8087a8857f86a7629c2
őszibarack,27e943010d7670f717a6c88add61156e392a6cc2788ec8087a8857f86a7629c2
meggy,27e943010d7670f717a6c88add61156e392a6cc2788ec8087a8857f86a7629c2
Klasszikus,3b7992a0cc27a02608505810b4735f4fb7a1b36ab0d8fe350ddf66fdd2b62509
1596,3b7992a0cc27a02608505810b4735f4fb7a1b36ab0d8fe350ddf66fdd2b62509
többféle,a26fbed779311d52ee64a50bad2da7dac88d20ec25a4aa8082852a80d2e7cf66
többféle,738db99da585de41c463ecd04a280f9a8e0ca61c0a8301fd9ee31dbb91622eaf
többféle,20c387819d6e883fc1fa80754b783e0e23846ddf566150072de6bada74c2df2b
többféle,2dff755f5a5936725980f0b3d1b99783112dfe3f435530e391c418c01cdc1591
többféle,c5f4d305187f70bbb7c1b68dde34e6568133ed2f67efba84e277e024bf2aad85
többféle,f0026c1121aec2af3f8d088cb687150522573c205d88687d19f4c1d9f1d659dd
20x8/,f0026c1121aec2af3f8d088cb687150522573c205d88687d19f4c1d9f1d659dd
13744/,f0026c1121aec2af3f8d088cb687150522573c205d88687d19f4c1d9f1d659dd
10306/,f0026c1121aec2af3f8d088cb687150522573c205d88687d19f4c1d9f1d659dd
többféle,ee34213dd819c7ad23abb18f2e3e8b6f6713d287c3bfad28249c5c902b6a0e97
többféle,410f5efd2d6b1558043fd876596b59fe83c332aef8057af1749d69062967ec46
többféle,d1e2dad8acce85965e4d7bb96e0bd54d3ce402d8f44f347b2ad49b83ba35328c
1 doboz 3 doboz esetén:,3007c671af94f36cac93fc2500d95ee1683088294c757b7b657740bdb9322919
instant kávégranulátum,ba2e0798a5651cc372a6db4548c6e4a7c55bd9d439749fee4698c47dea698920
többféle,f6a53a45c8df18e4257cb9199b606e700946228604735b311f20ccdc2f5b050e
12/16db,f6a53a45c8df18e4257cb9199b606e700946228604735b311f20ccdc2f5b050e
200/,f6a53a45c8df18e4257cb9199b606e700946228604735b311f20ccdc2f5b050e
158.3/,f6a53a45c8df18e4257cb9199b606e700946228604735b311f20ccdc2f5b050e
többféle,cffd7ac67c5b83b834db57485eff0efc3b89fa9c584ce31e63bebb8b1b580535
50,cffd7ac67c5b83b834db57485eff0efc3b89fa9c584ce31e63bebb8b1b580535
Ajánlatunk a Szentkirályi extra dús termékre Egy Csepp Gyümölcs termékekre nem vonatkozik,cffd7ac67c5b83b834db57485eff0efc3b89fa9c584ce31e63bebb8b1b580535
50,77b56a55cf7d714e925b71e818f1177fcfe6bbb0ce1d3b8b00c5df85624a26ef
többféle,7ece707cf20d2b098ae2e8213326f79eb60c82502932acf4156c4a1c7b769faa
: 834Ft,7ece707cf20d2b098ae2e8213326f79eb60c82502932acf4156c4a1c7b769faa
többféle,bee7f8d2134d6efe01d02292effd24947cb55a24bd9e2dc43f8888da6ad31a71
50,bee7f8d2134d6efe01d02292effd24947cb55a24bd9e2dc43f8888da6ad31a71
50,b8fed8a222c8c8949bc94e28597c2662e6ad5f132e9a2c1c5ffe3d886f0b99fa
50,8d2c52dca00fd44d7bed328159badc785b95967650233729dacc8459adeed0a1
többféle,c7fb2c214184216525cd9e8e719c603145f8705303ddd673dd40a08ad55ffca9
többféle,0f6291c57132435a75fe4de9cda37168894b280f656af427adcfef51ffe29f68
többféle,85469c57eeff74a40cb8553467feecccfe7ddf05d8cba56fcf633b7117ddccc0
50,85469c57eeff74a40cb8553467feecccfe7ddf05d8cba56fcf633b7117ddccc0
1732,a0c4c47d7727cc21a695c2d1373599be967517f189c9a8161b37f7957229a817
50,8b3fa2e5dc1c2d8900f7c4f6df9ec041f8575fb61ffe6a37271a1c5b6b641050
50,3b588b3221c4783fc4f935363ea0f843373ea00f6e2f5854eb49cada07db9893
50,1a00702ebdda400faecd68f546d88fbe184a9bacc921d6f03f13992d20c8794a
50,ed8adf9b63e0f8f0d7f4449d5fd9623aded6b885b0763e827581cbaca75a29ce
50,66a14df96f1a6d525aa00903abc7372086e242dcf3f3cf42e2f61f1c935f2529
50,a7dd82ba291ab093cb3f798299407c996aa21e42f81658ffc74524b82694b8a0
többféle,09a7437142548a4a01ea7efa76033950a894c4d7076cf3e7e57d1104d2eb1711
50,09a7437142548a4a01ea7efa76033950a894c4d7076cf3e7e57d1104d2eb1711
50,ef5d5d103df2d23052e34d1f5e849b5cf4fcf688d6ab43ee7f3a72818e92ab91
Alkoholtartalom: 4.6%,05f846b55848a2d163e3fc1fc0398e373c55e4debc941bc4108e75bf0a8de39d
+50Ft betétdíj,05f846b55848a2d163e3fc1fc0398e373c55e4debc941bc4108e75bf0a8de39d
Alkoholtartalom: 4.3%,b97de6791456e0dec8afa419b4f3918b8f7de279a4472a4954b4dc4dacb0bce2
+50Ft betétdíj,b97de6791456e0dec8afa419b4f3918b8f7de279a4472a4954b4dc4dacb0bce2
Citrom,b06386626c741c57382ab124b20d35c8de1653f6e81a076e2ad5e6e5a0257dc5
eper,b06386626c741c57382ab124b20d35c8de1653f6e81a076e2ad5e6e5a0257dc5
meggy-szeder,b06386626c741c57382ab124b20d35c8de1653f6e81a076e2ad5e6e5a0257dc5
klasszikus,b06386626c741c57382ab124b20d35c8de1653f6e81a076e2ad5e6e5a0257dc5
Alkoholtartalom: 0.0%,b06386626c741c57382ab124b20d35c8de1653f6e81a076e2ad5e6e5a0257dc5
+50Ft betétdíj,b06386626c741c57382ab124b20d35c8de1653f6e81a076e2ad5e6e5a0257dc5
Alkoholtartalom: 5%,08188a2cb833543a36d2884a775e7e33ae51c2da5578ceb38aad80c80e8bee0e
+50Ft betétdíj,08188a2cb833543a36d2884a775e7e33ae51c2da5578ceb38aad80c80e8bee0e
többféle,61ffdd81c7427bf7aa97c90f063dbe819fd6c2e2c5690825e7f11e8f92cc2602
300,7024a2d63a67d09168e6e4da96e24a8873e56941e73abaa5be15bd401e143d43
50,319912600a89b2a62642b83b6a7f2dc96e4a5d2a8d2443eecace5622e2ba6f80
50,6a24dc820f984f32e5cedfd98d6340b015de4014375ae9095160297a638e6e4a
50,0259983476ea9b3d3b4279625b04a9d462a87f241b912800ba4694325764e621
50,4c79689d3d6a22011886c97bbe47e1dee819358b5d32cbfc755e757862d503d7
50,4c69ae9da5d66537652683daf8c66c7f23a11694982373590954162e5d91b09c
többféle,61659ba654152bfd7fb84908d6dd194859d820fa37a2847a951e75827f589b1a
50,61659ba654152bfd7fb84908d6dd194859d820fa37a2847a951e75827f589b1a
ROYAL LIKŐR,93b7babf10f31bc4e4e672b9ca7297b6f25fdf6597be62ed9b35688f8c11dd84
többféle,93b7babf10f31bc4e4e672b9ca7297b6f25fdf6597be62ed9b35688f8c11dd84
többféle,9163888dfc631293e0afded1f6ea6cf8f950611a13a107547221b8a4a93e1c85
50,15d129fb06d2c243426af49c9e9d761f3304e9fe60ff13094e2b1ccc85db62f4
+,72606f294d10e4b9c05452b6ee836356c6a36775e290d1af398f177c3ab9d384
50,72606f294d10e4b9c05452b6ee836356c6a36775e290d1af398f177c3ab9d384
50,d373c161e900d519319cce04123a2469cda884a8253161a07c3c3a94b030116b
többféle,835e3abfb466aaae3e7dc51101d013dc5ff007a1dbf1da1cc301f7e846f50d09
50,835e3abfb466aaae3e7dc51101d013dc5ff007a1dbf1da1cc301f7e846f50d09
4570,d53e723b0337411d80cac958add5acfc743765c243043e031bea5cfeeee2d565
többféle,7278fc7a038738798dc47c1b52e131633988948512c506ac338a82accfb3f25c
50,7278fc7a038738798dc47c1b52e131633988948512c506ac338a82accfb3f25c
többféle,e387b26ae400e5a1ead19e19c4c36e29d39d1723e45f95fa1e9c3d7be5bd924b
többféle,ef5a56aef99ccd62453660bcccf4d9445566662b8c13e54f2551a14885e37cd5
50,ef5a56aef99ccd62453660bcccf4d9445566662b8c13e54f2551a14885e37cd5
