tulajdonsag,ertek,egyseg,darabszam,egyedi_hash
tömeg,0.25,kg,1,e0240db69cbe9fbfb74a74f1be64428583fd0b2f56a9f359133609c36982f348
darabszám,1,db,1,e0240db69cbe9fbfb74a74f1be64428583fd0b2f56a9f359133609c36982f348
tömeg,1.5,kg,1,913f1f74ba19202112114464533801686849dcbf1b899842214a09ab8a2cd0b0
tömeg,0.45,kg,1,0b6cf779d2bdf569c7d26042507cde69f0f93112052c575e7417f80753b35003
darabszám,1,db,1,0b6cf779d2bdf569c7d26042507cde69f0f93112052c575e7417f80753b35003
tömeg,0.75,kg,1,1696f7a0a3c726930c62de4b51e112cf3f8408fff28f8a158d27ffb5bba2c2df
tömeg,1,kg,1,870bee4822fc19457dfb71a64b11171e0d889176b033158eee5554e7fb064558
tömeg,0.5,kg,1,ed1b6513a5e1f0d25c3b15a2b816a37e0a3865deba2ccb72d48bf9da5b9b93ff
darabszám,1,db,1,ed1b6513a5e1f0d25c3b15a2b816a37e0a3865deba2ccb72d48bf9da5b9b93ff
tömeg,1,kg,1,ed1b6513a5e1f0d25c3b15a2b816a37e0a3865deba2ccb72d48bf9da5b9b93ff
tömeg,1,kg,1,4f492918ad2d353e602c1d6615ad38fbea0cc4d4c5558d574b14c7b989e0abf0
tömeg,0.4,kg,1,0e758c364f51394e55639526b972f64353057ec4e17a91428c0cc0bbf925aa7c
tömeg,0.5,kg,1,c5d020153fcf4b63c1c350c07b3a1df52c377c3d495016a8297a2afaa5007158
tömeg,0.3,kg,1,d6499c5b5a35b48fc526399a78fcd19e793aca651ac5401b289ab0660d607c50
tömeg,0.5,kg,1,d6499c5b5a35b48fc526399a78fcd19e793aca651ac5401b289ab0660d607c50
tömeg,0.25,kg,1,2d090e8af4d6338771dbba04da42a2c27ab3a4e3825bb4772992ca48e27ea82f
darabszám,1,db,1,2d090e8af4d6338771dbba04da42a2c27ab3a4e3825bb4772992ca48e27ea82f
tömeg,0.5,kg,1,54fa8bcd7581ff9ebaecb31757e28675b399bb209cc49f9fdae999e6ee550d8b
tömeg,1,kg,1,c56992ecff85d2fa96f405f3ad65eb2c96f74f2db42661af3419479374e99b38
darabszám,1,db,1,c56992ecff85d2fa96f405f3ad65eb2c96f74f2db42661af3419479374e99b38
tömeg,0.11,kg,1,56897a0c4a3a9b87a52c7e6ead51f37031b6219ad111fb7104ff674cb27bea1b
tömeg,0.19,kg,1,cb9bb7ff77a4d957055c5d185bdff98497fd8c1dd8e63047e32a6a94110dc5e6
tömeg,0.2,kg,1,f07673ed64482ab675fe59a6e0d16f17f4f1a0fcdc4e31b85c2da2d6e0c6fdee
darabszám,1,db,1,f07673ed64482ab675fe59a6e0d16f17f4f1a0fcdc4e31b85c2da2d6e0c6fdee
tömeg,0.125,kg,1,47ef2bb8425b2b3ccc042968d7f9b114dc474dfb5938baf17a400f30b31a8f54
tömeg,0.5,kg,1,ba22aac3de17078e0c5d2f3b7bcbfed9d5ab1b9221f279bcef06b62c40a27738
darabszám,1,db,1,ba22aac3de17078e0c5d2f3b7bcbfed9d5ab1b9221f279bcef06b62c40a27738
darabszám,1,db,1,2e4d575d0ec1a13b96d5e927eea73b1edbddeee4e760b964aa61708f93490133
tömeg,0.7,kg,1,afeececd78f05507e7e5a318ecf7c56b75b5f1ef6fd89ccf4f2481aaa402da2d
űrtartalom,0.12,l,1,20d8e444d7eb21a2802878509a514330770084aa0d2960d3084ff1e2f6b547d4
űrtartalom,1,l,1,20d8e444d7eb21a2802878509a514330770084aa0d2960d3084ff1e2f6b547d4
tömeg,0.6,kg,1,56846703b7a74d60d21ff514687faf107b5aca34e62519580052cdea6c42c365
űrtartalom,0.47,l,1,e4f17ba4c57decc6a7d9aa9e4ed13ed4636b6ede5c91ae71ad23c8d7f4c1f8c8
tömeg,0.5,kg,1,dbf76d6450228ba85ad6e915c6307151f64be7535a33e257277faa79d36280fa
tömeg,1,kg,1,dbf76d6450228ba85ad6e915c6307151f64be7535a33e257277faa79d36280fa
tömeg,0.4,kg,1,b464b4f52a1ca8d44617bd4aeb90452c4727ce25d41051f6812851a86d76de84
tömeg,1,kg,1,b464b4f52a1ca8d44617bd4aeb90452c4727ce25d41051f6812851a86d76de84
űrtartalom,0.5,l,1,cfab9d8e0f9fbed8450695d2f7074d4f8d364293c41058684163d4e9f9154c57
tömeg,1.5,kg,1,c232900f8fc84e947f874fad7adb94fc21bcdebd83b5dc49dccc01d8851b4f07
űrtartalom,1.4,l,1,c913532a0b9ec59801388cf379aea7c48a7ad8c44b31c6bcee33af94f86b34ae
űrtartalom,0.1,l,6,8e0a392ad2d6b7ae57cce72c836df5de14978d9953c51c5b8c8b7ecb3b8f1b50
űrtartalom,0.1,l,1,8e0a392ad2d6b7ae57cce72c836df5de14978d9953c51c5b8c8b7ecb3b8f1b50
tömeg,0.25,kg,1,fc63e33496919daa4c356ea7ba5511d974f29c7da1eaee98322b85a2bf03bc41
tömeg,0.8,kg,1,7d1721ef86b56e23ea11072b488cbad7e55b31e9a3f6d29a7636b33ec20b8120
űrtartalom,0.11,l,1,9b406a5f6ffff83356bf81eb3f323e4ba48cc2870e3a4d33901ac819e9686550
űrtartalom,0.05,l,6,06b9b2ecb65d80e44ec251266dae2eba52adeb0985a8a815f4ed01df8f4403b4
űrtartalom,0.05,l,1,06b9b2ecb65d80e44ec251266dae2eba52adeb0985a8a815f4ed01df8f4403b4
tömeg,1,kg,1,4df1896af432861fbfb12cde09e51e69c26613d91c856e466039d89b06f9fce6
űrtartalom,0.825,l,1,a5e319e5d3e5baeba411bcfa9c3a845134794b0232be238835d4f555c4911a14
tömeg,0.18,kg,1,468ad52688e484db47b6238be5e769f5b3f60ac2590e0e5d527a90a1760ac9c0
tömeg,0.45,kg,1,ba37270295156fe52423d58eea4acbd63df3d97ee1b8366ff5064029b67855f5
darabszám,1,db,1,ba37270295156fe52423d58eea4acbd63df3d97ee1b8366ff5064029b67855f5
tömeg,0.3,kg,1,cc35036c635d1a82f031b12ca1deaf962027768c73c8ac23d61b785e6e4a8449
űrtartalom,0.2,l,1,0f7668b2f6516a5a53dc1b241e1eb9318f4a48eaeae87f3ad85a805ad6a1ecb9
űrtartalom,0.2,l,1,43294eafb927c2f5f2e1ef3265bde93851fa402fb47bb9720b8c53e25949e227
tömeg,0.22,kg,1,e9d021473955e8af057076bdb64c0325ad4bdcea12a7ced12e386be9086a6025
tömeg,1,kg,1,e9d021473955e8af057076bdb64c0325ad4bdcea12a7ced12e386be9086a6025
tömeg,0.3,kg,1,1e500e60d4188667b89dc0d507d5177e998b4d59b5dc1136d67cc874264b4495
tömeg,0.75,kg,1,fd338442d04b4348aa05b84e185f0ec9cbfe30683a50086003ef025239d3d65e
űrtartalom,0.07,l,8,52da7c63cc6d23891d9c6efe4c1f05c2c9613b6127813af89032b19e44b5d106
tömeg,0.4,kg,1,c2876a5b3b11f296d5701b1ac52de0737732148aaec8fd946bb4a07b6c1da2bb
űrtartalom,0.09,l,3,cbd736b4ac8fe5157e3f2586e9ab6ecd980f755544c3d21e7a659140c2703fe8
űrtartalom,0.12,l,6,4c913d49d42056830d85d8e8d20f7138be72645c804b4f23474c344af28968d1
tömeg,0.75,kg,1,a47f7b84bba5670b4eaadaf40c181620936595d105e402cef6a95727fc8774a3
űrtartalom,0.9,l,1,0b0dcca36bbd747f06025343121dca160762c6db303364882360f87f791d0fbf
tömeg,0.54,kg,1,18028f7570700a1e53389fe669bf501d64bded1834374aa6aef285cee99f10cc
tömeg,0.5,kg,1,4863c318d836fba65d1f0de49f1d24d79135390dc83b77dc502aef367c185958
tömeg,0.9,kg,1,d4c1c3e7ee98c900259d16afae3edf56e351ebba8f0e1ea574400bd23fc93d07
űrtartalom,0.75,l,1,4d8d3c4d1db01b1e783b2062b9548fcb85cea4d1f97a1c49b9b2600e105a52e3
űrtartalom,0.825,l,1,e70905fdaf05eae41121ef0d28ab7f0efe2db0733b7bb802a6a8559f2cbbd931
tömeg,1,kg,1,56934d96c53089a81c50d536dd0f01d80d0e13fd048bd84fdce3a28dcf88d4b4
űrtartalom,0.09,l,4,f4da285ed03d48122d0d5aa0bd12be4fac3bb613e2c64bef5a1407f6c06bf910
űrtartalom,0.09,l,6,f4da285ed03d48122d0d5aa0bd12be4fac3bb613e2c64bef5a1407f6c06bf910
űrtartalom,0.09,l,4,f4da285ed03d48122d0d5aa0bd12be4fac3bb613e2c64bef5a1407f6c06bf910
űrtartalom,0.14,l,4,f4da285ed03d48122d0d5aa0bd12be4fac3bb613e2c64bef5a1407f6c06bf910
űrtartalom,0.1,l,3,4c514dd7e09f9da914fe628301d266b07645123646e07b8b64c40f5c289e2033
űrtartalom,0.5,l,1,0150793829156a99414f124884d28304a3bad5ca5de2cba05db51ffb8fde9f24
tömeg,0.5,kg,1,c2bb720bb6d3d306ea146c9f14b05d3a49efdb94621af2ef83552fada2c136d1
űrtartalom,0.09,l,4,cdf50b6e5730c9c65dc67c5402dd5a218e11038d54f4885dc063daf7bbda6a59
űrtartalom,0.204,l,1,71cc9efd0a0fb14b122f007cb3f8e6171e4f1a6827491eea23a65f522a4332cd
tömeg,0.64,kg,1,462d48b389e1d34e882b19ad7ada61dabe6835d716e12ba9c63de2443ae0d7bb
űrtartalom,0.465,l,1,a2b8cc014144e4014ec9a65039492fae5e0a4cec62f9e8276e9c734bc9596538
darabszám,16,db,1,39382dd3b21ad088a8187e41e09f3061c8bfd33e1b849ca604d4e20816b08678
darabszám,1,db,1,39382dd3b21ad088a8187e41e09f3061c8bfd33e1b849ca604d4e20816b08678
tömeg,0.95,kg,1,39382dd3b21ad088a8187e41e09f3061c8bfd33e1b849ca604d4e20816b08678
tömeg,0.4,kg,1,2fdfe9ec20460675bdf93c0c0fb92d5c75c9e96e5ce4f7871990ff56b1f518ac
tömeg,0.25,kg,1,c3b817a8b14195f3b0503503e6f0cfd135de8c7d6648793daba6cd29fa897773
darabszám,1,db,1,e0fde2ee9f50e290f20538c0a693ac50229624057d0846617156591dd57e216c
tömeg,0.5,kg,1,c6de0fe2eb7d17a8b82b20b6bef5ceffa1a425cb9171333006285837b22550b1
tömeg,0.1,kg,1,61f168d4f9b47dbd6435b29e9db4af9b2f92b992d21fe8e7ae33db45169ef5a1
tömeg,1,kg,1,61f168d4f9b47dbd6435b29e9db4af9b2f92b992d21fe8e7ae33db45169ef5a1
tömeg,0.5,kg,1,dfe0d16b9e36ebf6818e78940e39d10940e9bea1e9aa58063ed541104a5a0b6a
tömeg,0.5,kg,1,3531014bdd15da9f1253ceabbee37c61857044ab0b4c8fe5a85178c33af8a0ac
tömeg,0.6,kg,1,4df8c88b6194b143882e304fb8cad6638708281a9211bcb0284cb12cf5c3abc3
tömeg,0.15,kg,1,9c10883bd65844e7d8413ecb40faebbbad23337f6a44e090fa84bf6d4fbfc59d
tömeg,0.54,kg,1,3032510cfbd37ad2848c1c2f6cc0ece5e3db0d06443da7e8a393a0e222041165
tömeg,0.25,kg,1,a1a0971df89efb505b840a7bd1b37d67b13f1183c678ddf33bc63b1654e52117
tömeg,0.18,kg,1,ec2c8ec5d4e5046d5e8dec115494d2a4d52741d9e1915e8ac48449d422a3e2b8
tömeg,0.22,kg,1,df31fabe68be09f205e4d45ec0a8fd1d79b6cea9552475785f1afbafc232b0a7
tömeg,1,kg,1,df31fabe68be09f205e4d45ec0a8fd1d79b6cea9552475785f1afbafc232b0a7
tömeg,0.54,kg,1,05030e60b4b2c911e76fa18c36a04a685925d56adc59bb636f700ccb5b05e4c2
tömeg,0.4,kg,1,db87af6f1b9e6b672c961df5f46d52c4b92b42e06c614a238962e1a947fa9501
tömeg,0.8,kg,1,3a7149f75d44fb0e8b80c0b7b37937e00d338e755e3f333becd4c9e521933c8b
tömeg,0.75,kg,1,42c6ef4a8bc29f98df5f80fb3fe13bd4867a669e239fe5ef818303cb5f5b76ac
tömeg,0.5,kg,1,ab6765727866ecb9cf78319444b491dd8adab85b743c84f5da8fdbea40e70bdc
tömeg,1,kg,1,1d08f00efaecd5f0cb58e4efa7906248be7828ef90db65d6a167d815ba232e5f
tömeg,0.5,kg,1,8199ba75545a888771bc4274f7ec256ba4b5e8a793e8e1cbd632c1399f49fd7a
tömeg,0.64,kg,1,e4a035e4d6b42f50fab9bf53c449a45ee5568e735be1ed3adc7cd53c8b1978aa
darabszám,16,db,1,b80411eedee61f4f9dcdbdc4932b76a0d9440e47caaaff5aa3db94ca28ec080b
darabszám,1,db,1,b80411eedee61f4f9dcdbdc4932b76a0d9440e47caaaff5aa3db94ca28ec080b
tömeg,0.95,kg,1,b80411eedee61f4f9dcdbdc4932b76a0d9440e47caaaff5aa3db94ca28ec080b
tömeg,0.21,kg,1,529f7b0e74a4363d67d20cc0613476c139f4fa7cdce454406f504bd09bf9cb7c
tömeg,0.2,kg,1,6a758aee6c1080d23034d2078bdd33ab03a9ac3cf5f6fccddc52f957feac6ad9
tömeg,0.4,kg,1,3919f0f52d4193195ec25a539cc94c0ff7ffb9145605ed8e9a5cb2154a0f9378
tömeg,0.09,kg,1,cba68defea3b035553f5d81115a0e3ad7518f465a6307d4ce49efc56136ca0bf
tömeg,0.2,kg,1,87f78f48f13f45bb68e5af8111b450c50943fce1694ddb1b582e38e7cc64b669
tömeg,1,kg,1,87f78f48f13f45bb68e5af8111b450c50943fce1694ddb1b582e38e7cc64b669
tömeg,0.25,kg,1,10380aff3639eee0da2adf60cbe9851eab2624a019b67abbbefa1399e1ed9358
tömeg,0.34,kg,1,0082dfdd892b4c3cd89c4329730b1794237ccaf51d876a6aef88915b00694243
tömeg,0.3,kg,1,b8e3a86baf6571d84e4b040299898d12b0d973131a9e2c5a25926d2d9f44d882
tömeg,0.36,kg,1,9382c70902c3579f2a3427630621ab68382c1061778baa1d10fcaf240a96d333
tömeg,0.45,kg,1,7c505548b0017e0af2d9cb538cc8d4478b7993209b3fd07ee0227a6309d53c30
tömeg,0.5,kg,1,0ce68db90b232d83fc02cc00389db88cd42e1fd9a7c458b36b819b48772899dd
tömeg,0.25,kg,1,c9d815c4ce739b3047a3b98dece4224c354e4fad302bf2ded8be3228335aa9ba
tömeg,0.33,kg,1,e2d1d6ebd6d7b84d7c07d1a4395770ac8f37c6b60dfa508fd5290f4842cb501e
tömeg,0.1,kg,4,838c2b5a2d8a63434ca8dc21ed445ab3de6de51a97f934ba1f185686f06cbc92
tömeg,0.1,kg,1,838c2b5a2d8a63434ca8dc21ed445ab3de6de51a97f934ba1f185686f06cbc92
tömeg,0.15,kg,1,3ad4fe06bca86064af062cc9e5018ef507176e7554e2eb0233986cab64ed1327
tömeg,0.5,kg,1,b7b61c7e79fb4eb8c02ca4a739435b265eb1c093836a9346d5589ce2ce361253
tömeg,0.9,kg,1,ce308151111f296d894234c85e43ddc660628ef2515aa483a2dfe6fe82e449a2
tömeg,0.125,kg,4,b9fac0b0b99c1451cbd25a206f4cb7cc0b551112167c9de105ee624bb3bfc4b9
tömeg,0.18,kg,1,a5b42a0f21b1e2927d8f2f8aa836dbaf06615bdc3e8ce1755e735840fad1e08f
tömeg,0.15,kg,1,749aeb2340c54e554df74773ad9f41c52f92329ac7d192605428b1c356d049ec
tömeg,0.1,kg,1,891626d8a9a4f3fa80354ddf03daa4e203f4d00c4fc9e57f1d9a08a4061df9c0
tömeg,0.24,kg,1,024b1de0bcd180323baa68a008b09dac92b6dfbe14eb17ff299418524d719105
tömeg,0.15,kg,1,cdbf9c3af50f701401f67659215f030cabf9f88841d3fa17d3e2cc861c6ef4cd
tömeg,1,kg,1,28efaa851208103171f5c06d1c8ece90da94ffef2b7cddfdbc4f805675287891
tömeg,0.08,kg,1,2edf6db95b11a4c3eddb00de17b95044c1cf61a790db4913e8ca8a371b5ad230
tömeg,0.075,kg,2,0e4bf0f0b4c19fb453b25898e4e181680c814079b9b4c24de55152fbcbd6d271
tömeg,0.1,kg,2,4aa1813bf48cb7d90cfbb74b1a9d63619a775d37faa442547892cc6c3defe2a1
tömeg,0.2,kg,1,7c943fc387bd6e6890308aedada3f9f17eeeb1a8020e57635201fcfc87733295
tömeg,0.075,kg,2,677f1802d1d5f42c760f0e83de9b2b13d6eb21742bdef3a6215236030dd22faa
tömeg,0.24,kg,1,dd8d4a89c746a31396a249712797caaaea1b02267cadba6bd4e1574e55266eac
tömeg,0.4,kg,1,23084994b38269cea187081aa0a1efb03ca0cb5628360ad26cfa45507c4059ab
tömeg,1,kg,1,23084994b38269cea187081aa0a1efb03ca0cb5628360ad26cfa45507c4059ab
tömeg,0.17,kg,1,23f3c998cd4ab4e50aabe98f25a0186b1ff87572c335a16545d50522286955c8
tömeg,0.25,kg,1,f108a8306d1f11f5ad7337c902b1b9190c2b2223b2751eed646323a5833d3f03
tömeg,1,kg,1,f108a8306d1f11f5ad7337c902b1b9190c2b2223b2751eed646323a5833d3f03
tömeg,0.6,kg,1,65238d8894a93beae7994cb37cd0ece609167ba11f864070d75b2cc732b4f532
tömeg,0.45,kg,1,70475cc42fe034ea0f8be05942d9399dee8897ea7aec0da922ca59602400978e
tömeg,0.5,kg,1,165afa9cbbe546a8282020b606f8f83cb126349c617d4323538ac7b7f87b14bc
tömeg,0.2,kg,1,3d3163f4e841be4435418a1f19251daf32b7e79dbbfea4fe5c2597737e4b8ab5
űrtartalom,1,l,1,0e89b373b69d6f0b833fa6992c45dad20d18436c4b659c079398bca22c72f73f
űrtartalom,0.25,l,1,e6de4c2727af9c461b7dcf49b0c7c19c90682f632e9459d91c35701effa4df8e
űrtartalom,1,l,1,5b12c66a532c6fba5df5ed7f0c68ee6823f0935d71adfd85c6cb89994d100983
űrtartalom,1,l,1,485401bdd90436090ca39e1c7bb9a1c4cd9e10e424127038ee19148465e37b0b
űrtartalom,0.45,l,1,1d4a05e62a421470432346e82b343162df0a30826a0ebd75101c734d729f2d2b
tömeg,0.125,kg,4,e805d65dde1e7a9214bf30dbf3043a49ab1e8042836c630d7da52e9fca7275d7
tömeg,0.125,kg,1,e805d65dde1e7a9214bf30dbf3043a49ab1e8042836c630d7da52e9fca7275d7
tömeg,0.051,kg,5,ed17b37165146b0844d9647b08fa79ec7545559d5d602dfd690cc50f2b5254c0
tömeg,0.051,kg,1,ed17b37165146b0844d9647b08fa79ec7545559d5d602dfd690cc50f2b5254c0
tömeg,0.2,kg,1,7a89359ee97349affd697e32029b3282db35c62c3f62cb3e903dda51d867abf7
tömeg,0.051,kg,6,c4ed1e32a909dc7235c4ec076b45af4d1b4615beba142f54998da957bd47c312
tömeg,0.035,kg,6,c4ed1e32a909dc7235c4ec076b45af4d1b4615beba142f54998da957bd47c312
darabszám,1,db,1,c4ed1e32a909dc7235c4ec076b45af4d1b4615beba142f54998da957bd47c312
tömeg,0.82,kg,1,229c7959ad289b950c4ec27fc5eecb5586aca596a637756e65b3e446d3501c84
tömeg,0.051,kg,5,ddd80a35b88af0cf2c8f8f18c57f7a43504fd0e35414c9d0a7d654ae6b30c08d
űrtartalom,0.25,l,1,1f929abf3f624396c6df2e144a78c31e544677a1447a183e8c2ab0041b1d8547
űrtartalom,0.25,l,1,dbd613e0d3951f1ff375bb29dcdb6148d9d71a138eeb7209f69975bbe41447ca
űrtartalom,0.2,l,2,d22bd43eed94405b4280d579206e3bb3f75063cb3b8052fdbfae7ecf999d3178
űrtartalom,0.2,l,1,d22bd43eed94405b4280d579206e3bb3f75063cb3b8052fdbfae7ecf999d3178
űrtartalom,0.2,l,1,e1907f506842b8c859e2bb4dcb355fc75fce5543d2070db2d57f7376b9c533ed
tömeg,0.25,kg,1,9429b32f2a98c779de8f1d0052774ed73b34be35de893edf80a4f73c2dca4e6b
tömeg,0.8,kg,1,7feb708461e0554d0201d877f6700a2257ed27c2b0e197a070e303b513e9e3a6
tömeg,0.8,kg,1,ea1bb696cc9639af82e1e91cc4738d57f330a465759205c83bf70fe70a9aaafa
tömeg,0.45,kg,1,82388d563abb143d0c621cdf8cce958807c9de31de2cc080fd8970042a2db7ed
űrtartalom,0.2,l,1,f67ff808575231e05f8bfc78209a784e2648f0730fca59df786fcc2f2b855674
űrtartalom,1,l,1,f67ff808575231e05f8bfc78209a784e2648f0730fca59df786fcc2f2b855674
tömeg,0.3,kg,1,c6ca8ece0b491240f2bf00757c67e9acdb028d44694b90fbdf82738c2038c578
tömeg,0.05,kg,1,70eba68886d24373af84bc2977a1d7800695d11688042d2a25204bac076b4fcb
tömeg,0.097,kg,1,7e8a2166d92491e2c84800d71b4d29e8f58674f8f280d3b3ea8b10cd2dde0493
tömeg,0.051,kg,1,d394be11c39c8df40ed727ed44f3a8ed132cf98fcc64a89af700bb54e59ddb42
tömeg,0.066,kg,1,57dbee1b7efe1c0f6ebf0ae96d1d1445289333f3ba5eda2cac9dd3b2ce333587
tömeg,0.14,kg,1,7f8b034c851e01ac05b8127d086db8c15bcfc4822694b5509353b1a030701782
tömeg,0.099,kg,1,983c9a1a7aacf2fe4e59e909df44b25e88ea94542aa48c6ba64f62d727239e86
tömeg,0.045,kg,1,206158c4e8c9e463f60678b3073e8a3006452f216b51e7a8d5ac77d12426f0c7
tömeg,0.043,kg,1,6831f96a6a1a10650512cff4e26aac944b9c00c774b700a22a5c92837fe75a9f
tömeg,0.125,kg,1,15ea1101df055388b6234dcb359b027b524b8c3ae6cc23d86d8c1aef41cfe0c2
tömeg,0.3,kg,1,1fc511a6a8f3cf7b77cdab564b251559115a6bdd9fe1c2c337b65bd095b1e535
tömeg,0.027,kg,1,467cc34e7cfd31eac8905d21ff2deaafa9f5bb342066814e0c08185a96485de6
tömeg,0.03,kg,1,b1cccc2194af90a4e09c13bc73edfed28b1b8ac69bcf072d466bec14a6ef922e
tömeg,0.045,kg,1,cf7326f2df0eae2741fb918be4dca34a5117fa64b4bcfb00b3d490d457f448e6
tömeg,1,kg,1,cf7326f2df0eae2741fb918be4dca34a5117fa64b4bcfb00b3d490d457f448e6
tömeg,0.1,kg,1,d9bd246591b646fa02acabd6bae7898d5a31f35c4e4a8f43a8e9c676f540be0c
tömeg,0.02,kg,1,6b9bc269a6efc09ca90e1d69cd0ecf1b8e3e1f0ee9b5545c6465baac131ab0b0
tömeg,0.021,kg,1,b2e1fc89c083ffc9b07daeb3fc9b039ceee7eac729fd7638cb8f427ce898598e
tömeg,0.025,kg,5,a07a5abd6a9d3d707fec3e5f408693dbc35e2e2539e204229b841e9fbfc2c0dc
tömeg,0.025,kg,1,a07a5abd6a9d3d707fec3e5f408693dbc35e2e2539e204229b841e9fbfc2c0dc
tömeg,0.03,kg,1,eac83f53944bf36a14941ae04adc98d665fb178634400e961df2e4bf529c3adb
tömeg,0.154,kg,1,addb2e7bb1859690140e3919f5037881e57ff2ac7cd85de437f012fd15707b49
tömeg,0.15,kg,1,b0dc1d59a008d20e700c6861c3cacb5ada6c4c3bd8a40f9d02c2da94cb4097db
tömeg,0.16,kg,1,4c967448813ab5a370d7b0ecb89710b9a32752b2c258d5cdd122ad64f806a9c5
tömeg,0.147,kg,1,203d0348e3bf746227566c45898f9c770f93da6c785f7622685d55dab3858273
tömeg,0.15,kg,1,a9a83156a8f5a04790e75de4361ffa666477712b1b4943e53d066647f1a16afb
tömeg,0.25,kg,1,25215fe7ff72fbc8f890a79b1e7e94eacd7bc5ebcd9ea2a04c11714a60597f4a
tömeg,0.18,kg,1,62d861a88010a32d35118a82741f4e50940b5c8a78a016644fc6850853f870c6
tömeg,0.15,kg,1,2efab11c03d2624b59ef74873bfc16551ce59ad3073da9f272ea6244367e415c
tömeg,0.18,kg,1,688ea0058b0751282a3d3eb444ec7869d3402d0ce248931264b5c66c6bf9c36c
tömeg,0.3,kg,1,00b83cf7f010b752287123236b45209c098f62dc7d029ca5439dc97f6b3b22b5
tömeg,1,kg,1,d136022c4dab75531e6c795c776b6551cae256b38b3043e6d2edab402d40717e
tömeg,0.2,kg,1,b96dd8580d1d7ee5de624026994cf3ea11d561a4f344c1cba69c12c4d4b59254
tömeg,0.125,kg,1,7101f421641cea27b3ff8326ed34980a152ea51681778dbab75d37220eabbe91
tömeg,0.25,kg,1,0055e32f454c75c1353f83dbd83c060617c7cd17422c4ca8cd2c5a7865c3a37c
tömeg,0.2,kg,1,a5a48318437053c13b30a8fb1c02ccc936b857685b7c35f7305b770dcba5fd18
darabszám,3,db,1,ffcd43e6332a676f1f1ca2b7e462099cab4924971d1a777d726b8c1786e8d94e
darabszám,1,db,1,ffcd43e6332a676f1f1ca2b7e462099cab4924971d1a777d726b8c1786e8d94e
darabszám,1,db,1,ffcd43e6332a676f1f1ca2b7e462099cab4924971d1a777d726b8c1786e8d94e
tömeg,0.27,kg,1,192def64c432655097d56ed4ee431fc04d77a77e626764fe525fc8e7b4066d18
tömeg,0.03,kg,1,3301d267f8b3522deff76f3721e01781e0c7366192975974728bfdf8e5ba054a
tömeg,0.075,kg,1,a1311e1aa2d1da97088555ce0c36d41940ff65c665e175f7277c5c0c266c5bb5
tömeg,0.4,kg,1,ab753031eee2492cca6f065f3804e8ae2a2dd7c2015f3b4e19a6229f676e605d
tömeg,1,kg,1,ab753031eee2492cca6f065f3804e8ae2a2dd7c2015f3b4e19a6229f676e605d
tömeg,0.5,kg,1,9cf0d690465d24ca45c566dc1ce1ddeb386573716fcce0e0d4de7077a5dc4215
tömeg,1,kg,1,9cf0d690465d24ca45c566dc1ce1ddeb386573716fcce0e0d4de7077a5dc4215
tömeg,0.5,kg,1,8b496dc03d03671feb083ce21d1ae982ac5b95e4f93432bdf07b9e6210d83491
tömeg,0.5,kg,1,1a500410e31a1121d3c580e9e6d282070bf4bf00082d8b8aae40ca6ebb0d8901
tömeg,0.5,kg,1,fa049e3c438845a26abb3317895ced9eaa46962f9b3adb6ca8721bc2dd7d4509
darabszám,1,db,1,fa049e3c438845a26abb3317895ced9eaa46962f9b3adb6ca8721bc2dd7d4509
tömeg,0.5,kg,1,1b06c8afa66d74de4b8937ca2ef73263941cd46753f33a97446c545b2c2801ef
darabszám,1,db,1,1b06c8afa66d74de4b8937ca2ef73263941cd46753f33a97446c545b2c2801ef
tömeg,0.25,kg,1,6a6acca6a010ef62cbaf33efef1e86226ee702335f2ce7cb7350a925e3757478
tömeg,1,kg,1,d6388ee2c3c47bda80b01710f92c24cab681a9e90b70876e22d751dcdc7c37ad
tömeg,1,kg,1,87b9d1c6c0adbe7fec61a7ac44f8d7b41d9286a4b2709a61ceb3272dfedf41db
tömeg,0.5,kg,1,214144c40c1dc9abacd90b4638d54f2f0c9a2fa75fe3d3d43901633b45eb31c4
tömeg,0.2,kg,1,b5a6f7c1790fc3105a215620e37c380f399f00d263319be3678f314f2524b781
tömeg,1,kg,1,7fb2de927f58acc784ed7f9c663bf5e2b24137f6fb0cfb7d3e613575e675f791
tömeg,0.25,kg,1,e13efbddc80eb95908c796acfec8bf78ad49b96d0914b166c95e949885981bec
tömeg,0.025,kg,1,66895b65600cd7b9cc7cd445bdf409273c61812ac6b7a20b4f449e843d5a7356
tömeg,0.45,kg,1,dc12a29f0ea9a06d45150965a38cc348ccef85d582d79c292c8e7e567b2f2f28
tömeg,0.018,kg,1,073e8df9b23bbcf45f0d645a1474344a3e59f0cb6695512a5b8497e8bddafe7c
tömeg,0.018,kg,1,eb7a37a3839a5eb11005ed415ac27e2f4a0d43858bbdc92fea3b8729dfa6c792
tömeg,0.45,kg,1,f60098f934b33ed1c110a4216413fb5d1a422169f5eea1e7a250fd50236c2186
tömeg,0.5,kg,1,f60098f934b33ed1c110a4216413fb5d1a422169f5eea1e7a250fd50236c2186
tömeg,0.035,kg,3,e5cdca45faa62381349039383fee1b0821bca07bddc26332abd3c7382d4d2d1a
tömeg,0.035,kg,1,e5cdca45faa62381349039383fee1b0821bca07bddc26332abd3c7382d4d2d1a
tömeg,0.3,kg,1,2d670235dc7a4a797df2cb6a24f1e29c254aed9f08c8b56bad4e37be8623b0cc
tömeg,0.325,kg,1,2d670235dc7a4a797df2cb6a24f1e29c254aed9f08c8b56bad4e37be8623b0cc
tömeg,0.33,kg,1,2d670235dc7a4a797df2cb6a24f1e29c254aed9f08c8b56bad4e37be8623b0cc
tömeg,0.375,kg,1,2d670235dc7a4a797df2cb6a24f1e29c254aed9f08c8b56bad4e37be8623b0cc
tömeg,0.4,kg,1,2d670235dc7a4a797df2cb6a24f1e29c254aed9f08c8b56bad4e37be8623b0cc
darabszám,2,db,1,2d670235dc7a4a797df2cb6a24f1e29c254aed9f08c8b56bad4e37be8623b0cc
tömeg,0.06,kg,1,385c46de1e089f61661c9b91b977c9db29fd4085b6087f7178d188bbec11b9c4
tömeg,0.03,kg,1,8577aaa14a9359a24361f6e17bd759695e9c0b0ead29ee72b15330ed83cce499
tömeg,0.025,kg,1,8577aaa14a9359a24361f6e17bd759695e9c0b0ead29ee72b15330ed83cce499
tömeg,0.02,kg,1,8577aaa14a9359a24361f6e17bd759695e9c0b0ead29ee72b15330ed83cce499
tömeg,0.008,kg,1,8577aaa14a9359a24361f6e17bd759695e9c0b0ead29ee72b15330ed83cce499
tömeg,0.03,kg,1,8577aaa14a9359a24361f6e17bd759695e9c0b0ead29ee72b15330ed83cce499
tömeg,0.025,kg,1,8577aaa14a9359a24361f6e17bd759695e9c0b0ead29ee72b15330ed83cce499
tömeg,0.02,kg,1,8577aaa14a9359a24361f6e17bd759695e9c0b0ead29ee72b15330ed83cce499
tömeg,0.008,kg,1,8577aaa14a9359a24361f6e17bd759695e9c0b0ead29ee72b15330ed83cce499
darabszám,1,db,1,8577aaa14a9359a24361f6e17bd759695e9c0b0ead29ee72b15330ed83cce499
tömeg,0.47,kg,1,59b3f9f071bdac56cbfa870122b0d84bd0b321bce85f5615da5695e3e4679376
tömeg,0.34,kg,1,918e42b5e9a65a61d860e4bc117139522d134d8e074ec84ec347f1d70a974723
tömeg,0.5,kg,1,3c8ef76c04271667b19c0b66155aeb5163bd5f849d041363d8c3e53570a35ffd
tömeg,0.35,kg,1,a4591433eb27a5da9427263d1f487d9119712d81a47e839ad5095a992eea9018
tömeg,0.29,kg,1,82d210efc9676a1145009389f3db92c17181e5b3b1e03bb9b454b2c008923b1c
tömeg,0.17,kg,1,cfb15dc30e5976064ef4d352c4df7a442e86b5a93cf1830dcfde645f80d24101
tömeg,0.105,kg,1,2d48a79d78801d203a662d8a9b686570801782798b15ad8f5b5cc987c296c0b0
tömeg,0.2,kg,1,4caabc1460925023b202c270518e0e1cd940f9138bc0cbea5f24c0ab1c89a90f
tömeg,0.35,kg,1,4caabc1460925023b202c270518e0e1cd940f9138bc0cbea5f24c0ab1c89a90f
tömeg,0.1,kg,1,119b645a2fdc7e80b7af0836ab9c9997b5c3b1bbd2e7df024a2ea1f3c8d18a66
tömeg,0.265,kg,1,78c45e4a8d51360f1ad29a3ca1063d519520dd1f59826555fb7b7d09bb72c298
tömeg,0.42,kg,1,a67a00bec451491e88e3fc6f1a07575c1f53afda9cd2935be23c0ed53e3dd287
űrtartalom,0.425,l,1,b7661a9ce6bb469bddf46840dc602d17bd4d23758cf2a43dd5c03c262246dae0
űrtartalom,1,l,1,b7661a9ce6bb469bddf46840dc602d17bd4d23758cf2a43dd5c03c262246dae0
tömeg,0.24,kg,1,73ec66347460464699ba03f13f49eb0c408c2cebf185671727285b49415fcba7
tömeg,0.4,kg,1,73ec66347460464699ba03f13f49eb0c408c2cebf185671727285b49415fcba7
tömeg,0.4,kg,1,dddff79988b20bd20511ba558387b32eb171c5c3f127d4ddb461173a46164464
tömeg,0.5,kg,1,37c08c74c89d75caba4efa6fbb68f6caa9dc0ba841bccca74527d75b24b3de8b
űrtartalom,0.5,l,1,bd4b81945c8be38fc4c97808b22d756374a71ec8a7cd7ab4c4929d7bc884d976
űrtartalom,1,l,1,e794e3ec5dbc58e56844394d8d42dfa5f409846f8d0286d384361aaccdbb6fdf
űrtartalom,0.2,l,1,ac360fc0ca65998c5549f97a82ffcd1e47d05fc2db138880cba465e11778e1c5
űrtartalom,1,l,1,29d607a63f0ab1d6b3905365e919b2abe4d86f92b1b3e16bd8b070a269513aee
űrtartalom,0.5,l,1,7e2b7ea604e710b6e63c8851a3a3fea714ba9ef5ee5bb486a5c26a14aa73760d
tömeg,0.1,kg,1,82ec2af6bef1d93d93718c839a0dc2e4eaaa79221c4f28d77de454602239d72e
tömeg,0.105,kg,1,030fcf6e0834b39a6fa7c2012ceebeab99e2c0c638918ddd872883ee22fea7dd
tömeg,0.165,kg,1,168145c0e76d7a7fb4020b9974da214e5165f28c45ffa056ba3a1351462d0c30
tömeg,0.055,kg,1,ddff1076ad724991451b9e581bafb0e7c854241cbb2bc90e6633802c2b515929
tömeg,0.06,kg,1,ddff1076ad724991451b9e581bafb0e7c854241cbb2bc90e6633802c2b515929
tömeg,0.043,kg,1,e97851274ac3b8109166c1d87a4f0858dc5ed74bd82aa98239bfb2a1b7c8ca66
tömeg,0.065,kg,1,b3d9bace4f2f37b8ba4757e89ebdbfd677064ab6a8abcd03677818c1ee69fe7b
tömeg,0.125,kg,1,4b6d62b7356cc2bf869c9c3e1d1a413b2b4fa7e6fe8ba74cf5e37cae206eba4a
tömeg,0.1,kg,1,5ea4dbc961aaba7975c194e84e0dce965d29ebe0f064c6c00d57bb175dad384c
tömeg,0.13,kg,1,911668f25b0bfc278b5bcb7bb1c83100befc0c0061a59f4f6cca1b1878f08484
tömeg,0.165,kg,1,18f79214742e47db4cd1025b85eae66ef355cff1e7e415ed04387fc25b419910
tömeg,0.15,kg,1,9201d6b197447150557f5414575748c87b7b3437a57f69bd42d9b668e62d1faa
tömeg,1,kg,1,9201d6b197447150557f5414575748c87b7b3437a57f69bd42d9b668e62d1faa
tömeg,0.3,kg,1,c9beecbc0566db6164ffff81e136ec873d9c3dbf95551cec564f8d429b612b81
darabszám,1,db,1,c9beecbc0566db6164ffff81e136ec873d9c3dbf95551cec564f8d429b612b81
tömeg,0.165,kg,1,4ca21dd00d095a5fa00d09d61de90441a112f3eb10d548863ab47ef4e777534f
tömeg,0.5,kg,1,7aaa9a89ec4dd8d9914e7ae7271f79ff92e63d5cd9adf55c2965934121b9778d
tömeg,0.5,kg,1,14050fbe4aa2b45fd55a11c3ba82a32b4823a1837fa0b4ea1b9d16813fcb3b96
tömeg,1,kg,1,14050fbe4aa2b45fd55a11c3ba82a32b4823a1837fa0b4ea1b9d16813fcb3b96
tömeg,0.32,kg,1,2ef146ff8e91c3eb88fd76a73ddc2d1df78739506dd3614cfc19dd841f54310e
tömeg,0.32,kg,1,5db7d7e33514b5b87db4c17bc07079e56b0fefe984024388481c4cfc3f2dd522
tömeg,0.185,kg,1,32c787ddd0ce86ea6364726ee0d9426b7e51c0865817dcb3d2e8bc19861415f2
darabszám,1,db,1,d74c626f3ed6394d31c5e3f0fa3f6002b8646691aca2da0c1a446e1fb9465a13
darabszám,2,db,1,d74c626f3ed6394d31c5e3f0fa3f6002b8646691aca2da0c1a446e1fb9465a13
tömeg,0.185,kg,1,6d177fab4888d0daa1d7a5875cbf69c90e228b144fda3056125b0d3a9051c5fe
űrtartalom,0.25,l,1,81f81a2fc5671cefbb28cf81585cf73e53f4ab4e85335e504350f5f8704d7cc4
tömeg,0.5,kg,1,e6cc7bed5b10844a47374fa80bea4fabb4af579a03845bae5c2c2da2a5828d60
tömeg,0.16,kg,1,8411fc4ece7d412712170fa69f7e1afd0746db15e95f7c3e0a39e566c0bb3f43
tömeg,0.405,kg,1,5c005a76668568d3656eff9aabd987f46a9002f6f44582e1c4b49192a2e3f3f2
tömeg,0.84,kg,1,387fc7dde65af21e874cbe6621d095ef2e4a59510f2e51ad637fad417c27c4ca
tömeg,0.411,kg,1,b1b0ef567c1a0c54af02e0561c2b4d040e2e5de350fbbe377a1b390f2224b221
űrtartalom,0.25,l,1,8c4f48b88f251e31c471e54d36cc960cce9b8bbf59e3b481cc45149d63564520
tömeg,0.2,kg,1,34aa01265fe272d42e574e65f41d69967368e4f589b1b463b1ab8a05b061aad5
űrtartalom,0.25,l,1,1943dc25d3f7b8e86400a607d2a13250a29d6e769a1e5ac34c1f60aec93e20d2
tömeg,0.23,kg,1,4047795eef5e4ca8ec7db3f61113b1bc044b8b5793dcb503dcc5990e4391d838
tömeg,0.24,kg,1,18e29f7698cee6df69dfe7a937aca76303945ba1a7151b9e3a8317a15e90c182
tömeg,0.41,kg,1,0c9935415bc72fdc60379b77c634f65e739110325976cced858bb6160c69e23b
tömeg,0.51,kg,1,00672bcf2cf8cc5be1131adfa0ae47aff64060b234e82f108acff2142a54e262
tömeg,0.51,kg,1,bbafcb88faee990c2c9c8fcc1332711b6a3c182bf597614ff52f181dbf11baba
űrtartalom,0.15,l,1,2983c2387b4dea01af5b1c27fc9c147f86e6890ad481591ebf4a4f4865a02933
űrtartalom,0.25,l,1,2983c2387b4dea01af5b1c27fc9c147f86e6890ad481591ebf4a4f4865a02933
tömeg,0.35,kg,1,04a23334c293cb140e3e154aa309634c07068b4cb762b2cd711062a822518dfc
tömeg,0.32,kg,1,2b3ddcbdd61dfb040ff2956b3d33cbab831475d8c562f60230deda57cb293b03
űrtartalom,0.3,l,1,e367f888c6f8335e2d1a2656c48d461d1d0994e475d272b1e2de598217511a9a
tömeg,0.3,kg,1,4a5031a19036506ea12e3b0e9e95d76262df75d62373d468304e76f8d3fec461
tömeg,0.4,kg,1,6efe9e7fbeeefe22476eeb11cc18b4ea77bd7fddba04891d36393085e2fb5d92
tömeg,0.25,kg,1,ded80c713d7741e39499b98399781d9d764260ee9f66156a9619252d014d507e
tömeg,0.3,kg,1,87a614bccdc09b9708bcf27fba1ba04b2cd524313fb3c48d362c8f41906150e6
tömeg,0.6,kg,1,48370558216fa9f74fc21e7dbe401accf1df491331bae2c4a93f3dc9a93e74e9
tömeg,1,kg,1,8cce6b86696bc8224330047703f06d397f02868aff9cb60302a96a463098b5bb
tömeg,1,kg,1,c47f918807bb10d6b75de772f6bdb06697c7e47551cc2631b52a54f96f0b3b69
űrtartalom,0.3,l,1,d0c084d215bafab51efc6dd38d885db71a22209aa663900f738a37b5246f7e1d
tömeg,1,kg,1,4dc176069a4d2b8e72aedde38fcf69df1d733067a51e412d71a3957d195b0652
darabszám,1200,db,1,4b3ce1fd2ef3c5a1f0e11670d290815ff10fc11c5b960c295447887a766360b7
tömeg,1,kg,1,3ffc0d9d0824e33eb46521d5835392c6617c570fe8a033ddccb3c5404c71c56e
tömeg,0.275,kg,1,bdc90988d51a16e6d91ada1ed4c0508550f8043a8f48d606fbf2fe89f795cde1
tömeg,0.3,kg,1,6e018b6ad1981b1cddc1f6f71aa603edbaf11ae6819739b2f944dc8d177cc5f7
tömeg,1,kg,1,058fa69054ae66f90d32de28cab3e0dedfff3fc538c9140d0da0693ff3575785
darabszám,100,db,6,f41647c0e77c92d283bee893e09456c47e7b3107ccb6f0e499481958dd673347
darabszám,100,db,1,f41647c0e77c92d283bee893e09456c47e7b3107ccb6f0e499481958dd673347
tömeg,0.33,kg,1,a6d1bc896fed1954d0d0ab9fc75ce7398e62cf3daa4c54d1eeaf0b0b3fa7ce75
tömeg,1,kg,1,a6d1bc896fed1954d0d0ab9fc75ce7398e62cf3daa4c54d1eeaf0b0b3fa7ce75
tömeg,0.75,kg,1,6b9a5ea6f3fb37a4dc3ebbd0796a18caa76b36331a509d043a2fe94fcd3edeb9
tömeg,0.36,kg,1,41dd94225c50c8a84b45a99ecb313c5a482614c18d4e5397dd0a7eb2ad7dc4dc
tömeg,0.4,kg,1,a60a4affc2b569e381b65b71ed3a8c64fbd4c6e23de42734157fc0d8e2b3ce52
tömeg,0.5,kg,1,74f3b6303362a0b8cd8de2ee36f5113cf80be35131b8c4d952348cefffed8de7
tömeg,0.4,kg,1,8b996677ef99c60b635fa6f5ef56a78573d332b57e9f366e477890b078e87017
tömeg,0.19,kg,1,b76dd147cbc4b0707fdbdf7caae9d2f0bedcb8c05481f53ab88b9af734a17a00
tömeg,0.42,kg,1,045b1bd58b4ce86af3ae330010377d701e8f7ab81c1939aac85e922c04793431
tömeg,0.3,kg,1,15802e51b323b109f904b265e5d2164d1789b597604c2f4bceeccb696f0cff08
darabszám,6,db,1,6a4538625adb8250699ff88db8baafbc7c50f9107b2c0a5c802765a712081baa
darabszám,1,db,1,6a4538625adb8250699ff88db8baafbc7c50f9107b2c0a5c802765a712081baa
tömeg,0.3,kg,1,6a4538625adb8250699ff88db8baafbc7c50f9107b2c0a5c802765a712081baa
tömeg,0.06,kg,1,1873b9897ffff0bd80353776ad956634a492f564639c8cea33adc1578076fc5d
tömeg,0.037,kg,5,e5a890046cde7e84b2895f1683ea51be6f4a0d93e17a69e57189c7d63888afd3
tömeg,0.037,kg,1,e5a890046cde7e84b2895f1683ea51be6f4a0d93e17a69e57189c7d63888afd3
tömeg,0.077,kg,1,671e58b9190d6fdf82ac208a543ee2b4744d9b830d16cdb448cf738e8f280262
tömeg,0.07,kg,1,836327e1129c85f35a027d47fdf4dbda3d917b49c9cb03b2a6f26d7e4920aa31
tömeg,0.053,kg,1,2695a3036db9c80f546359dfe3fdc49439fb96d552bd486503b14c929b91e3e4
tömeg,1,kg,1,2695a3036db9c80f546359dfe3fdc49439fb96d552bd486503b14c929b91e3e4
tömeg,0.057,kg,1,1f991e89626674fe613d857991584e29955ba33bb0cf713f6566e0c6abff51e7
tömeg,0.1,kg,1,c098ceb009749859a77a1050ebf4749b1a6929afe7d1b1297879429dd7db76c9
tömeg,0.068,kg,1,de4a20627eaf8bae619ad4a0d8f7e308ac7011fde2066cfcb6b87a1c0d2bdd4d
tömeg,0.09,kg,1,9f91c193f4db02b8ebba8da7ee798d448e3f8b6a984210c72c04b4054af9b76a
darabszám,1,db,1,b7feecb601b8c6b0b963c64f7a0bd64cebe2742ddbebbe6f7d7d9c2bef90ed09
tömeg,0.15,kg,1,8f5107eee04f1d13d864e0106414d0621bb0fe08d6312261b1229382770d291b
tömeg,1,kg,1,8f5107eee04f1d13d864e0106414d0621bb0fe08d6312261b1229382770d291b
tömeg,0.085,kg,1,23d9e16688030105bc31419dc890fb5876fcb8f43179d7287422b2348ffd3a44
tömeg,0.1,kg,1,8ba6606b7433bc77a10fa9f40d45b6c2501d7c0e7688b32735c43755feef410f
darabszám,1,db,1,061c4db5ef2f40dd952ceb81c330520414d338f87223e5437d3a5cc349765381
tömeg,0.1,kg,1,0a5e86b15cc8f4d971fb4f9017b22c6273cec54f20bad1470d7f3e777b8b1d46
tömeg,0.14,kg,1,10295ba720a6ceb871e60f8f551baeef811b8b8921bfe6c6e2e9076a0a475c41
darabszám,4,db,1,ee97b8f6322272e26b9e8dd8d0bb2cb4fa9edaf33dafc0f724cfc487061e4b2b
darabszám,1,db,1,ee97b8f6322272e26b9e8dd8d0bb2cb4fa9edaf33dafc0f724cfc487061e4b2b
tömeg,0.25,kg,1,ee97b8f6322272e26b9e8dd8d0bb2cb4fa9edaf33dafc0f724cfc487061e4b2b
tömeg,0.36,kg,1,7e18952ef39418fa959271e62b0da3f3bfcec37a854941e53c820042710f2e3a
darabszám,3,db,1,78336641e2109f92db676f801d299214f3a8f2b77e8e38774e6d0b7a97d7844b
darabszám,1,db,1,78336641e2109f92db676f801d299214f3a8f2b77e8e38774e6d0b7a97d7844b
tömeg,0.33,kg,1,78336641e2109f92db676f801d299214f3a8f2b77e8e38774e6d0b7a97d7844b
tömeg,0.324,kg,1,69bd6b06c59f20a61ac5cfa2301a4168d0d95c510e172815b6114b4361a73616
tömeg,0.37,kg,1,ec3699e106ddfdc6f1d2426cb35f533932c0c2397565296b94f942adb81fc28c
darabszám,6,db,1,06a9e1de28df442c863b482ff4ede662adbc5ac9103061478846964fb693539a
darabszám,1,db,1,06a9e1de28df442c863b482ff4ede662adbc5ac9103061478846964fb693539a
tömeg,0.216,kg,1,06a9e1de28df442c863b482ff4ede662adbc5ac9103061478846964fb693539a
tömeg,0.42,kg,1,e672b4f0c5be76123f8944e6820fe62a065230e3b1f895c38f4848d96154bf3a
darabszám,6,db,1,ef867961b1db3be45dd3ca18e3602f82c03d70fd231fc8e72f8441e5d2aead18
darabszám,1,db,1,ef867961b1db3be45dd3ca18e3602f82c03d70fd231fc8e72f8441e5d2aead18
tömeg,0.39,kg,1,ef867961b1db3be45dd3ca18e3602f82c03d70fd231fc8e72f8441e5d2aead18
tömeg,0.19,kg,1,89559ba33790e35ce778c32600a923d718704b16569656d3b5c2dc77c1f6dfdd
tömeg,0.32,kg,1,73533a349b5c7b57b8c1e7fe6a17a05b66754f264678d84f5af43b472c1da6dc
tömeg,0.2,kg,1,c0c73279d1834bb3884443cc80c8e591c9d01413ab6acd990a90d9bba98fac1e
tömeg,1,kg,1,c0c73279d1834bb3884443cc80c8e591c9d01413ab6acd990a90d9bba98fac1e
tömeg,0.08,kg,1,c7d9ca1a093e261709d4bcfb038d2cf2d3fa87281cc7b758919ce568b8f16a96
tömeg,0.1,kg,1,f70efce9de8246b7c63884c0846ec96e08836b5b1fa0c38d8765372b7080afd0
tömeg,0.22,kg,1,14b8af62bcc23cb8545231839711ea47d1b99b92ebb17bdfe84c8195e251cb95
tömeg,1,kg,1,14b8af62bcc23cb8545231839711ea47d1b99b92ebb17bdfe84c8195e251cb95
tömeg,0.2,kg,1,674ccd6ef34829489767d41dde0015e5b198ebc3d25792ae9c25a52c686cf8d4
tömeg,0.2,kg,1,c96426b842ba15c9e765fcf4ccc2fed216507d7c3755d4a9547cac13d1c12f8b
tömeg,0.2,kg,1,dfd8bb21205dcef5865e485c70cc14273d7a307305ea0b7de0990e4fa32c6a07
tömeg,0.2,kg,1,fce37ed880f8dda2cd501d684976afc09c4229d9f1fb5ad9b88117f74310f058
tömeg,0.12,kg,1,9765567e03b42b9fa36b4561a3360268b1eb3f7ca32e1d1d6b8483a21fda38f0
tömeg,0.6,kg,1,3a2ec69d73e853d705cc409561f9be4817d438ea14cefd964be1598cf4c7e43a
tömeg,0.5,kg,1,c5c20c352f43e75c246411af937948e0dff587230d45f7f45bec3ce2085344fb
tömeg,1,kg,1,c5c20c352f43e75c246411af937948e0dff587230d45f7f45bec3ce2085344fb
tömeg,0.4,kg,1,1653be5bbe7df638448176147026b0de6cd1ff7ca467e0435d7cc0d6b80c92a6
tömeg,1,kg,1,1653be5bbe7df638448176147026b0de6cd1ff7ca467e0435d7cc0d6b80c92a6
tömeg,0.3,kg,1,a7870e264aa834d1bd384c099a4a580372c90e8c4221684e2d58dd0060f2e605
tömeg,0.4,kg,1,6a22efc83f075c8d3edd866eb894756a9ac2183d517c0d9a20768ca1a7d2a93e
tömeg,0.9,kg,1,81d491cb8369e610543e17d7e5fbbf7e5023a6ee57d0f58d65ad2db397985a54
tömeg,0.09,kg,1,ea0eeac2f8ef18747757006b8fa2f23c86427118fe71b9edbda98dc709c6ddcb
tömeg,0.1,kg,1,6fc02b0a908eeca0c5cf87cd983bba77bfabef77ed731994c6e47f4fd0f6db36
tömeg,0.4,kg,1,7ffc844ab1289465db86007067c82ebf692ced6a71d29fd086b581a06e409994
tömeg,0.1,kg,1,4482b816f611c73f2ea2965b5b16d2ef646019a030b67833ef704f8b1435abe3
tömeg,0.075,kg,1,342b7c26466f300d184266b13135a48ccee506429b61a88455ecbd51f434434b
tömeg,0.3,kg,1,43a2eadac7460930dd04182814beec311b311f62e1e7d25e38b386e8e57d114f
tömeg,0.4,kg,1,08036789497919124dfc61a52d2b24f645c41c31a1ab798f21f2d3ce07b966f0
tömeg,0.5,kg,1,7f2cccf890614566ee24ecf242fc4a49bcbc44ced11a9ea2eb920180367f5066
tömeg,0.1,kg,1,efeb6458b0b64f2694c792210a47bf05e1e402febf867d3f0dd93a7508a46aef
tömeg,0.1,kg,1,1d5c6ee95a110f26e3c528d24acb8b9bdab3e78e1c99400cb6100a80bc4ee658
darabszám,1,db,1,1d5c6ee95a110f26e3c528d24acb8b9bdab3e78e1c99400cb6100a80bc4ee658
tömeg,0.1,kg,1,9a3899ba9b0aa8d4edd79ec4b1e4add6f1c9601e01387bbc86eb53272dd75725
tömeg,1,kg,1,9a3899ba9b0aa8d4edd79ec4b1e4add6f1c9601e01387bbc86eb53272dd75725
tömeg,0.1,kg,1,10b45c69322b46ea96801a67b5cc35c30149d9b11c5b786a958fc61079815170
darabszám,1,db,1,10b45c69322b46ea96801a67b5cc35c30149d9b11c5b786a958fc61079815170
tömeg,0.14,kg,1,1e729dc969ea47186918674e52bf358faa3998713749c01ced79fbbc3d223d31
tömeg,0.1,kg,1,d5a0b25c187ed29ffc3406852dab1c34f2d06c0e3dfbc3360536b4f61d1eedc8
tömeg,0.1,kg,1,e86a34ace60897c742a3bf93cae837f3dd22c2837aaa59a7c1cd5b337e8e876d
darabszám,1,db,1,e86a34ace60897c742a3bf93cae837f3dd22c2837aaa59a7c1cd5b337e8e876d
tömeg,0.24,kg,1,0acdb351e98d282d0eaeb394814f4363e1f94a159aedf75758328d73f1106d71
tömeg,0.1,kg,1,27d80459d8967d2e8de7a825614470dfea915a8e2aedd432e509dbcc14864fbb
tömeg,0.08,kg,1,27d80459d8967d2e8de7a825614470dfea915a8e2aedd432e509dbcc14864fbb
tömeg,0.1,kg,1,35d28861c927fb19b5a61266849e7a7a4474560dc9e64231ebaf742ae1804583
tömeg,0.07,kg,1,45438c4ddc6057497b8cf0031ef6019f9a9aa5610ec0ffa332a0f4e674e9833d
tömeg,0.07,kg,1,ce3241ec496efd6ed6bd2d4267dccc545db70dd8f7a03ea994bc21fada0b1cd6
tömeg,0.2,kg,1,2f9e5346d5200cfeebe6a5b2304bd09c73fff2c81ac024604fa85701e852ae31
tömeg,1,kg,1,2f9e5346d5200cfeebe6a5b2304bd09c73fff2c81ac024604fa85701e852ae31
tömeg,0.08,kg,1,2b5115e201d8c4166348aadce1652236c9a70f306a9cf70d5500fa2bd21e8de6
tömeg,0.28,kg,1,72bea97162411513b54474727f5003444f2c60c1a709c33b26a94b44bf5eedea
darabszám,1,db,1,72bea97162411513b54474727f5003444f2c60c1a709c33b26a94b44bf5eedea
darabszám,6,db,1,c76648dc4a371384393be27ce9c62b7af00d67b390cf437a4a809caacdd5c91e
darabszám,1,db,1,c76648dc4a371384393be27ce9c62b7af00d67b390cf437a4a809caacdd5c91e
tömeg,0.3,kg,1,c76648dc4a371384393be27ce9c62b7af00d67b390cf437a4a809caacdd5c91e
tömeg,0.3,kg,1,17a759ee860a7ba25faf9485bfcd2f45f43fd374a73d5b3c848bcf3207cc6ba2
tömeg,0.3,kg,1,d31d2f7d5db58f236b6694abad0cb359fa3edb0185731334c80658970e09001a
tömeg,1,kg,1,fe0872b5130ad433301b7b46d43cf5520399dda7550ab2b588e34b72bcf8565c
tömeg,0.75,kg,1,9bb2836f70260602b6e0bf1a67d5b7fd551b45c66c9a94054254aad314e1385e
tömeg,1,kg,1,66135ab3d09ad689e124e95e6e27f3c5e29a0c588e2482f9256d8681e07d6253
tömeg,0.2,kg,1,8d86488a33953a58d307433c5b061d67c4c9b3354f60882e42dab18f2164ac57
tömeg,0.75,kg,1,7502207df44bf2c71f1a16531f777ae3895fd73d1cc91667b6257c065173b4d3
tömeg,0.75,kg,1,6dd4d1b3ec566febdb1346f42862d147e5bd843cc6164ce4e5caee202d79eac9
tömeg,0.2,kg,1,6f48028257d91a1c80761a029daba35f4ca035060a977da4e6a8efb932493162
tömeg,0.25,kg,1,1eba14cba7818f0396bd52bc7c6a98a18d5e3f9791ec9a03aff213f7364f2338
tömeg,0.5,kg,1,aac11a8b4b08e92f2e48c4af3388b398af7ff5c5ee91499820898408c0a62728
tömeg,0.15,kg,1,186aaa955eb6c048e00dd37d8c35364e3fe8329fcfddc4e01871d05df19250ec
tömeg,0.2,kg,1,790a132e01b5e3f0d1551e74f9ef05da77f1c05e55d9596a3235883984800f28
tömeg,0.5,kg,1,a788e5a163825c69451659cb4722799b2b9eb00b65b9aa87548f5ecb3e2d9cb6
tömeg,1,kg,1,a788e5a163825c69451659cb4722799b2b9eb00b65b9aa87548f5ecb3e2d9cb6
tömeg,0.2,kg,1,fb35be775641b4e9b325e848b90b3043a786bb7f7790c8a83f822b0eb386f79a
tömeg,0.1,kg,2,9d19bf711e86e3a1e990e34fc8f397190b7c40772510f7f61c3b830ee1bd9d40
tömeg,0.2,kg,1,203a6b5dcec7069c2ec123d19ec5f0f14d47821fc2b9cb7277b8dc2a957aae71
tömeg,0.1,kg,1,7fb660108b7b11ba8dd5a72879a592a5cfc68b35489c7d974abaa108fee4854d
tömeg,1,kg,1,7fb660108b7b11ba8dd5a72879a592a5cfc68b35489c7d974abaa108fee4854d
tömeg,0.6,kg,1,98fbab6241c440b19e290958fa21d500fc9827623d7d88c970cf1541b9492e8c
tömeg,0.6,kg,1,095966509dba84a4af50bd9e9cf02b9540fa0e324543f993d320cc7f665a6229
tömeg,0.4,kg,1,b9c80c7172ed244435769f817e31c22e31f23f60b91049783d28505cbb939de7
tömeg,0.22,kg,1,64ebe2709c0b407727fb81ea0f9005a68f3e10c468e5c91cb92319bfa7691e34
tömeg,0.2,kg,1,64ebe2709c0b407727fb81ea0f9005a68f3e10c468e5c91cb92319bfa7691e34
tömeg,0.21,kg,1,64ebe2709c0b407727fb81ea0f9005a68f3e10c468e5c91cb92319bfa7691e34
tömeg,0.4,kg,1,040e07f81461ea1685564c2034892091008844fbc1c2268484806b4c0ef8227a
tömeg,0.3,kg,1,918bbe6d016da9dedc418afea90802e5ff47fa2af7d53808498059fd333cbf89
tömeg,0.2,kg,1,a554e27581c3d0379f419f90644553d40fbc7149331e2d6069245320390b09e8
tömeg,0.2,kg,1,216683b3e2b83457c6e694e0d7aa34217cf118dd0a334ed2590070c16ae44e1b
tömeg,0.16,kg,1,6b17863c93045ddeb34c08999469919bfb8eb3734960531ccf2925c9e5379bbf
darabszám,1,db,1,6b17863c93045ddeb34c08999469919bfb8eb3734960531ccf2925c9e5379bbf
darabszám,2,db,1,6b17863c93045ddeb34c08999469919bfb8eb3734960531ccf2925c9e5379bbf
tömeg,1,kg,1,a4a64a872031768db438a0fda5ddbb7c3c7a1cadb935c78b619b5cfcb6971619
darabszám,1,db,1,30eb92d3df552599740ccb69aafb2deb3dbdbb265c2c14165aae8a1342aba550
űrtartalom,2,l,1,ff454825091c8354a3ce7e19d53618827a59d129dd0dc9e2aaefb36e67dc19fb
űrtartalom,0.7,l,1,a11e2a251ec797bc98e86153a94c7e256791d7b5849a7ba4f71c482df01bab8e
űrtartalom,1,l,1,95c2c697cf8bb1494891b24ce3fbadb1a4d02963de3b8b38bea4ca911c191ca2
űrtartalom,1,l,1,10978a43f9dab3f654c2c272c9fb3b4afae33cd24d8be163bbb629f14ad1bb26
űrtartalom,1,l,1,ce5d65640ff120bd39bca6952f46a91752016bc9a4309b74c90664fe1e3d2177
űrtartalom,1.5,l,1,5b3203d6fb0d3d38fe682f8c0d3f5f5a744d957d59f94d69524fc0d07c5db463
űrtartalom,1,l,1,dd7f3ded1e41b8aa1c37d37f968ab1ac490969d7c2c42e61d74f0dcf08e55050
űrtartalom,1,l,1,bc49eae27accba5647061c1ddce58d4757b4afb0458a111c6ff61728887d8189
darabszám,1,db,1,bc49eae27accba5647061c1ddce58d4757b4afb0458a111c6ff61728887d8189
darabszám,2,db,1,bc49eae27accba5647061c1ddce58d4757b4afb0458a111c6ff61728887d8189
űrtartalom,1,l,1,7dafa4c5857a684efbe10ef8db3e0896ab9364dd59530b65eb6c6142a581789c
darabszám,1,db,1,7dafa4c5857a684efbe10ef8db3e0896ab9364dd59530b65eb6c6142a581789c
darabszám,2,db,1,7dafa4c5857a684efbe10ef8db3e0896ab9364dd59530b65eb6c6142a581789c
űrtartalom,1,l,1,701db09c35e2491ce4a1c867fe50e1480e6863c46918c56ad869ddaa129a7777
darabszám,1,db,1,701db09c35e2491ce4a1c867fe50e1480e6863c46918c56ad869ddaa129a7777
darabszám,2,db,1,701db09c35e2491ce4a1c867fe50e1480e6863c46918c56ad869ddaa129a7777
űrtartalom,1,l,1,d42ba3b5b5f17902d0a4ff844eb42ce89cbb9b0f67a366936ad2e40089f59283
űrtartalom,0.75,l,1,5f0a7f8a27b216726977b18baa6faa5480b3d267fbd1d829fa3cee301874b8bb
űrtartalom,1,l,1,2186064a7d710b0b3e79021bca2a74b10b2e810ade66aeaacc625add1c27c042
űrtartalom,1,l,1,6af25d357aec0052c5806b106f1c8ee9e602f3ebd2be65e02c06adb4f0ac71ca
űrtartalom,0.75,l,1,f537f65bad05bb7d9e6b64bd2fcb4e7f4708518bd830d1cf3c4e655fc7de0490
űrtartalom,0.25,l,1,8550c821f043014c2e2c2af4aff585bf1cf73bc5e9d6968b2f3f7752564bb5b8
űrtartalom,0.2,l,1,790f278233f798df51937932277b5ceb5e83bb2e4269453eb966662ecfad23a9
tömeg,0.002,kg,20,fa529a108ccad8032d062cb1f138f6b882850d77297c7ab7acdcebb87b503108
tömeg,0.0025,kg,20,fa529a108ccad8032d062cb1f138f6b882850d77297c7ab7acdcebb87b503108
űrtartalom,1.5,l,1,ccedc7c46abf5a4ef66126e9c0352cbb754f098daad80e8fe99d60eb8d23fca0
űrtartalom,0.33,l,4,ffe21cdca6cfff766660ac898aa1764da4876ded815070773c3bd35ff3948100
űrtartalom,0.25,l,1,a50bf612971971d9cc7e97938bec3ff22abbe8ed848b5ea2d83c75165ba12bfd
űrtartalom,2.25,l,1,c4dc5c5226e1515f4f701ca5eaae1fa74183c742be94f3021dcbcf300c24a492
űrtartalom,1.5,l,1,79a96619ca36b537952c47b5666bac1dda728b517ee513b1a416648551017ae7
űrtartalom,1.5,l,1,0529de22599ba0c8a890d15500ade0712b9299669cacb0007e98397c1e95d0e4
űrtartalom,1.75,l,2,dfeaaa5f1799f759275bc412bafb1add5b055ed96ee6c6184bfdbbf1badadc92
űrtartalom,0.25,l,1,346e4a44f88cf9e3ab90c1c4db7fb8058cb6811714c02bcf16eb485c8e1efe00
űrtartalom,2,l,1,a62bb147296c06b69e3448130b8f92f00e5e861447fea0c71e46f00fb8fa6779
darabszám,1,db,1,a62bb147296c06b69e3448130b8f92f00e5e861447fea0c71e46f00fb8fa6779
darabszám,2,db,1,a62bb147296c06b69e3448130b8f92f00e5e861447fea0c71e46f00fb8fa6779
űrtartalom,2,l,1,ec568ae852758e2540b46913db1ea09ce5b8f29b67c7d96a1b530787e8622498
űrtartalom,1.5,l,1,93f88355dea844d7660e6a9f53c0da0c8cfcb2853bf0cc92f29db16ec131cbfe
űrtartalom,1.5,l,1,ec8a76deb126ec489c9989e46c2b0ed007bb67698503f75ca100ef4e81a5ab81
űrtartalom,1.5,l,1,51b830c5f40aa4f55e7475aedb6117070b1c820bd7fa3312ca8378ee9c101c30
űrtartalom,1.25,l,1,51b830c5f40aa4f55e7475aedb6117070b1c820bd7fa3312ca8378ee9c101c30
űrtartalom,1.5,l,1,3d6698842ef5313736b0774da43f0b457d2a77ba2dba8ad37f89e97f4f4694bc
űrtartalom,1.5,l,1,d598edb62bf698d36867b60a8484fb42060a035a3b26e586340aba86da383523
űrtartalom,1,l,1,d598edb62bf698d36867b60a8484fb42060a035a3b26e586340aba86da383523
űrtartalom,0.25,l,1,43d729645b86c623e46ce15c6ef4e90954650f2d3627efff91161b18e1d95fbd
űrtartalom,0.25,l,1,81b06126379715e5b8175b8c039c9191f23d9bd1d5b9fb184c64ae6522f79f81
űrtartalom,0.25,l,1,016d6349479edf349422d361875279919b5cfdd812cc0f537611f80dd104d18f
űrtartalom,0.25,l,1,471e2b61a25959315a7fbf6d482916df0078e5042979a446dafd796a441a668e
darabszám,1,db,1,471e2b61a25959315a7fbf6d482916df0078e5042979a446dafd796a441a668e
darabszám,2,db,1,471e2b61a25959315a7fbf6d482916df0078e5042979a446dafd796a441a668e
űrtartalom,0.25,l,1,e30ded7d449a8b9425eaeba4afbcf22d10f3649f6f6d6291d4cbc04820f03b1b
tömeg,0.014,kg,24,ea8551685de6640cbf56878013fa30864042b33db95c7ac77e01a99511f27fa6
tömeg,0.017,kg,24,ea8551685de6640cbf56878013fa30864042b33db95c7ac77e01a99511f27fa6
űrtartalom,0.25,l,1,ef97ff2afeb4a9bc8f1e29153ed35ec3cae2c45d24b283914f4b7ef19f8205ad
tömeg,0.35,kg,1,55bdf94fd4736e287a593b0e9952154868a5572a15875a326564060bec9a8c6a
tömeg,0.017,kg,24,8658ad310fbedd6303a80f3444d2e21c85bcfe54d2c3a6825a6bf03e500e0b0d
tömeg,0.017,kg,1,8658ad310fbedd6303a80f3444d2e21c85bcfe54d2c3a6825a6bf03e500e0b0d
tömeg,0.1,kg,1,7a40aa1ee822a4bc3a70f1f961334fcb9c2c8476899263a5daa255d461f97887
tömeg,0.25,kg,1,0a5d3b0d67ceb02e83cbca209d820076447a05f44a16026da359cc09304937f3
tömeg,0.055,kg,1,06db4eebf8cf7d7e8ca226ad5cf0d3290eafc2aa453cbcdd4ff09e1589b943f6
tömeg,0.9,kg,1,c87fd12695de7a566a42c9badf2d7b5b7dbcb9d0df1561077c105833edb84378
darabszám,10,db,1,d1429857a776612cbe7700b0909115808f322b21cf03071cb182bb77003e6978
tömeg,0.25,kg,1,e9f32864d4d755d0ef39972982640d8fe74a6c7a53d164804f6139b28427eca5
tömeg,0.5,kg,1,7f7c22dcfd011120cb97d50b2c5d29e3b6b5bb370ed1b8961e3179253a30e70a
tömeg,1,kg,1,203b0d8b04a69b8b0caef4dfabf2bc1b474f559481fcce9f31fb9f7157b04fea
tömeg,1,kg,1,24f8ea7a9c1143b19640995908e9c52a7a73ef5d46ac18f25da413be396cf1fa
tömeg,1,kg,1,0fbf90e0b94883c98e96eaba2f33064dc68bc4a3ecc599c192e9c3244a3c7e2e
tömeg,1,kg,1,7d052d50cbcf82a5d469104c20de9bca34abc03a35d9979bd93dfeb033a81825
űrtartalom,1,l,1,d3ae2c507f559c80437f1131260c58d1b5368c0c1f8940ee75b17d8915f0ae71
űrtartalom,0.75,l,1,d3ae2c507f559c80437f1131260c58d1b5368c0c1f8940ee75b17d8915f0ae71
űrtartalom,1,l,1,212fe2f6cc3be530a1b79b888920f381012e0f238184653635bf8ef85601fd07
űrtartalom,1.5,l,1,9f54dad4deb827fd040e2079d0c5d9eb9f68c677302fa9a726838c3f50cab26e
darabszám,1,db,1,9f54dad4deb827fd040e2079d0c5d9eb9f68c677302fa9a726838c3f50cab26e
darabszám,6,db,1,9f54dad4deb827fd040e2079d0c5d9eb9f68c677302fa9a726838c3f50cab26e
űrtartalom,1.5,l,1,75dca455f93c9367505aec97f74a4666014013ded56ae63670ebab05092d721d
darabszám,1,db,1,75dca455f93c9367505aec97f74a4666014013ded56ae63670ebab05092d721d
darabszám,6,db,1,75dca455f93c9367505aec97f74a4666014013ded56ae63670ebab05092d721d
űrtartalom,1.5,l,1,95d77c9d5529b56c3495b4530daa6a6b5b2bfd70aed40c39385eedfde6c343b7
darabszám,1,db,1,95d77c9d5529b56c3495b4530daa6a6b5b2bfd70aed40c39385eedfde6c343b7
darabszám,6,db,1,95d77c9d5529b56c3495b4530daa6a6b5b2bfd70aed40c39385eedfde6c343b7
űrtartalom,0.5,l,1,36c47480bb019dc9a862339abaee2c7c9101a2d362fdfe30a6695176f58702c0
űrtartalom,3,l,1,ee92cb5ee528d7d7c75ea6dac5c58a7e9430079eea821191c3e7b86332bab21a
űrtartalom,3,l,1,368429b3e8546dfcbcb9c0f580dd005d09b499e1a134f52c79e4ab95ecc21b93
űrtartalom,3,l,1,93ba55fea65a75b98ec5dd3f778a5696d32546dae5ee1edc8e831b61cbd40236
űrtartalom,5,l,1,f75bd24b5ea6596f8ee652925a01172be33ec89e233beb790f7843ff40b2e50c
űrtartalom,3,l,1,ddfb0501e6a606608440742412c3c714c450414018d7e25802dfca2d6c175458
űrtartalom,0.75,l,1,1f3045e0afda8b9d0da509307494f86e838103f4c401c0258812119be76110cf
űrtartalom,0.75,l,1,6ac815e80c929ff3f6f88abe1277f84f5f2afd1e306c0c03ba50213f755401fb
űrtartalom,0.25,l,1,d6e9e6cb65b2e93e83d6fddbb82240014d7eb3ec9daf8966ae347eaf761a823b
űrtartalom,0.25,l,1,632103a14dcb3b3abdd4e0bac6dbf33564d8da206b20e751ca20188752383ccd
űrtartalom,0.75,l,1,49bfa7d09db0926e29da85708a851bed010c00682dafe8472848049ee30bf8c6
űrtartalom,1,l,1,49bfa7d09db0926e29da85708a851bed010c00682dafe8472848049ee30bf8c6
űrtartalom,0.75,l,1,e420ddf274497dd11dd8faa0512b80be7ff2843e3fec19a7e44d07e22daca8b1
űrtartalom,0.75,l,1,c2a804814c7b61b1b0a5aaae9166e7611660688009cd6698ed97f7d0acb12b9a
űrtartalom,0.75,l,1,bd7df86ae67399d3d49385fab329389552cbfc8d4a1741ab30ac1fbb4a38026f
űrtartalom,0.75,l,1,df73f8b204af3717cdfd6cc534806a8d7cf7fb7be672ce3a2e0f4d938fa459e6
űrtartalom,0.75,l,1,29019028bbb90d5345a106fdf321198c59aa5da1622e75032733a8f9393f4fe7
űrtartalom,0.75,l,1,7916f24e34f06db243fbf4b52f0b1ab859cad4f707560c9d3c5333224f371ee3
űrtartalom,0.75,l,1,e46c66b28c687260cbd27a7bb051718de4bcb01e4fab6efb86e2af0dbb2c2cbe
űrtartalom,0.75,l,1,e80659e6e39add1db8d05cd251a334bda5c6630dde169f1e580242192d5e02cc
űrtartalom,0.75,l,1,8629def59430c648a2525beb1aa6da2891d9939fed734129d860d9ec7efdc753
űrtartalom,0.75,l,1,44699cece2cd8f1b9a2f37e0633d47be7ce63a576bad196c51eb203b51d83b87
űrtartalom,0.75,l,1,b512c801b663a41c916ac4a14f4b9b029c8a98333cd85b883c23155c47113049
űrtartalom,0.75,l,1,dfa1f180c5c5baec0a93529f85eeb301841f2c6a7aaf9f9a8ffc635248ba626c
űrtartalom,0.75,l,1,02f3b8601e83db957b023ea03302733e0ac7c54b3a71cc5a156a5c457d7282b4
űrtartalom,0.75,l,1,f3d2cc243f453531a69684123ec2876603a9ce633b5f121444ca8c05a25d194e
űrtartalom,0.75,l,1,3cae43d738baa11eb8038e096a8e84ffcca0a6e5a120eef6d7590797b2a0a14f
űrtartalom,0.75,l,1,f17e4bfe84abfd8b212a1e65f777d0fa0c2cc3f5f67bf402fbf9b3d07cd19714
űrtartalom,0.75,l,1,fd6e9f5c7413f836b9cc8f10ca7371661f598fd44000aa5e84b9d59d6395091d
űrtartalom,0.75,l,1,14d79a6b364f6116e14dfd2a018b37a23f9ba0deb1b9fba200f124fe6753725b
űrtartalom,0.75,l,1,24ca3db53984da90d8e197ed610fbf503130758b440818f003bf71e20bd63abe
űrtartalom,0.75,l,1,8a6d63594ce07d6b365321708d9ffde5b39068f80c948680fe7a845fcfd72e80
űrtartalom,0.75,l,1,dce48ea78f650c99b50abc82cf2e260a78c611a57a53d62d1b5f6ca87f895a65
űrtartalom,0.75,l,1,a032ff86ab6e474603ee6724783cd647adf989b1fbeca0c7011dd52762392b1b
űrtartalom,0.75,l,1,21811783895e7641ca1f7d10b9eb6e3823796770e3417c8871b63faef1c7396e
űrtartalom,0.75,l,1,a312e3bfb1a32aa37e8f36c6cf0b148af28d5ec487194fda082114a8024bb8fe
űrtartalom,0.75,l,1,596a3112815acb4a36a81b2241bc0842042403719cb8c0f9ee8d14e118e65f5b
űrtartalom,0.75,l,1,3b2946719bb59102bb302f615bc6c063521315f65a0c9a4db07f3a70428b611e
űrtartalom,0.75,l,1,8e87318e579d697c6335b9deb5454e276dc5243a8fb2cb7d976b62aa3be88d1b
űrtartalom,0.75,l,1,712d2776ca2a0955d2946d1cf19d45b570a8e6f48c69722119adca9d903e3f21
űrtartalom,0.75,l,1,8b8f56ca3c74a1b1c74bec19a930efff9a74b1b6600da37529839d3c47ee6e6d
űrtartalom,0.75,l,1,0e7b1499c36b5ece7833ccbdb625cd8cebb8cdf1f25f9cd89c887dce00eba1bb
űrtartalom,0.75,l,1,6a9e217bdd858d8656d7e306f297afe55779eb5fe512529a99c8f2edf5e7fbfb
űrtartalom,0.75,l,1,71c58e7ad2277f2c32bf9d646699526ac257b0ae1ecaf86c654489b34fed3684
űrtartalom,0.75,l,1,f8994bed57d453460a13cd9d7e6a36347d4c2795ac66e27dc885c0290c039db5
űrtartalom,0.75,l,1,cfc1b0ba1870e0d24513931f44897a1fe3d118a19db05193923af1e0ffa153ce
űrtartalom,0.75,l,1,0367fc8677133c6ab32d024d4b5768941e5e8ee60add5ce627ea1b7c46411deb
űrtartalom,0.75,l,1,403a1c2b83a07fcb26a16b6c6024330a8466bbf355fa2933356bc093eba8726e
űrtartalom,3,l,1,973546fba7e2145db8d447ea9f36d956ad3d2fc071d74c84676b2009c1cdaed0
űrtartalom,0.7,l,1,1cec1900d7524764df047639150c6500d4ead65d4427cc4a0384e7d01c91aea3
űrtartalom,1,l,1,d0ba6ba84db8d58e75bc7f84fc8967c6adcef61992a25c59985e9cc2b939a2ec
űrtartalom,0.7,l,1,8aced084d24951dad0a1957c25b20bfd7e898c65ce6b90b45d5327a3327877ae
űrtartalom,0.7,l,1,1d521e133d2c4f5d28ec7d3d4ec4851b77603083c17fd9d18e975727ec31f065
űrtartalom,1,l,1,6e0b84f833763d6cea8929fd9c71ee67d25371781038825cbd9581d5a94491cf
űrtartalom,0.7,l,1,6c5d95c308eac7815029336459cdeb23b3de9aa3053779bb23c5cac6c5848fcf
űrtartalom,0.7,l,1,2cac722933dbe5339eb05e40427196fdcddc9e53b47c051b012fbf37b852647c
űrtartalom,1,l,1,7f1ec3d4c5cf581131ffa65af799793780b469d141b0a0f56d8fcd6d9dde3235
űrtartalom,0.7,l,1,c30736753dd469d813d0e8c56bfce4c8cacdd55c23bb9c54ec5ea57c29baf156
űrtartalom,0.7,l,1,652bd52ffcc7b1ff9bea1d0730bded0515068c55791a6f8179665e700c088522
űrtartalom,1,l,1,cd892fd875efa287608d8a36e5594f914b878c185665b8d79c2314c2b08a4abf
űrtartalom,0.7,l,1,75dbcb834b17d4a35e2cb8d2d089d652b7130b6cec91166125fc2a4bc9afc4a0
űrtartalom,0.5,l,1,22967ae6a6790c6add1b64b7b9e2446898d6a5345237dfbeab19585f8c771222
űrtartalom,0.5,l,1,395d6b9e21f38f2ec502807baa913a7aa3cfbc72c6d4220da7eb2f23b72f4b2a
űrtartalom,0.7,l,1,5494d9ae81ce5fbbfc7a39e4d85e728696af767a6abeec15e0a696d6f451882f
darabszám,2,db,1,5494d9ae81ce5fbbfc7a39e4d85e728696af767a6abeec15e0a696d6f451882f
űrtartalom,0.5,l,1,beae1936a44874032ddcb63f9371a7bb57570d5d8a44472a3b77c7c73e001e75
űrtartalom,0.7,l,1,bc88b68ec8b2be8c353c02f2c698b580332570107e9f9fccbb6f6ad9b73eee43
űrtartalom,0.7,l,1,03dffe6403b46af1d8af523fe8213637a8e3134277728660d6935cc80dd13303
űrtartalom,1,l,1,ad5a4509e2b6ff8118f38aaeaeeb8c1446ed794cec5cbda07907f2545a6bdb72
űrtartalom,0.7,l,1,265c7e279544f94562e6ddfc52de289536353b6ffd1b3b6547fcafd019ba03f3
űrtartalom,0.2,l,1,536dd8878e16a95439d9e5777a12bfcf67ee31c4276b526562f3061f51ef250a
űrtartalom,0.7,l,1,e2f3ae3c5a854d53cd8ac611d2636578fbab612401f705f32a8aa75f7c880911
űrtartalom,0.7,l,1,4be213ad228c447d85ff077c9bc9fb24f316a77752db23e00ce2b35e71b1a6d2
űrtartalom,0.7,l,1,fd9b0cdf2746630d10750bb75c206e84d2a11c5184d63389f32e018b788849d3
űrtartalom,0.7,l,1,408e0362db3b3ffdbb8fcd6f759a8906e6204300e711d74c8451ab26c41df7cc
űrtartalom,0.7,l,1,5a460a04ea03091633902e7cac070c7521d5851770d31eba2146fb499fbc3d41
űrtartalom,0.7,l,1,05d08cdc04613d9646b75127983448657c444a50ab95fdaf2782abf1e70e37c1
űrtartalom,275,l,1,428867be3496995be0e98fa60cbf51b5e96905b72545eefde01709080864e7b8
űrtartalom,0.25,l,1,154b8fde66d548aca0de3608bb632355df7b7f58b17f30fd474f1a4144232f6b
űrtartalom,0.7,l,1,22a437677a307f841ca804baf2a65b35cdc52def1ecfe91cfe40f7e5552d73ff
űrtartalom,0.7,l,1,a7c08d808b3d68ecee3b87674840a0dc4eb44831cf87a381735549a44a1ea1f4
űrtartalom,0.7,l,1,e67f5000100a6383f7c6ec5efdd2c87373a538e549a83764af7fe88c4b5b3c4b
űrtartalom,0.7,l,1,212cf1f37f37a7b4c72d6fecf7ca6dcd5b367b5d6c6befd1ae43c84fc36d04d0
űrtartalom,1,l,1,212cf1f37f37a7b4c72d6fecf7ca6dcd5b367b5d6c6befd1ae43c84fc36d04d0
űrtartalom,0.7,l,1,c7fcc982fa85479c338f95cd225c70ec18c580bd177b07a8cd5d91a330c2d4b5
űrtartalom,0.7,l,1,24d6ef6fafb3b583c0c5aa8c59b082098c402acdcec3fcf4d02b134be889ec0e
űrtartalom,0.75,l,1,47bd7f0a08a8ead89a99a46e0b3be9dc2d7c8102aa6530c1a5f444389dac27f5
űrtartalom,0.75,l,1,a7f51cf865379c2d7f01602ed1c6ea8997743ab946cf3b66142839cecfb2359f
űrtartalom,0.75,l,1,0554e259440586d77108c19743966c560aacc129cd4e91eba81981c2a9141281
tömeg,0.5,kg,1,21f84daf6401a9851c194dced20056562157fb0373a004bbd723be196de19263
darabszám,1,db,1,21f84daf6401a9851c194dced20056562157fb0373a004bbd723be196de19263
tömeg,0.45,kg,1,1ffc8856249f98982e7f7159ab173b0bded7b62478ad2b1de0aaebb594c86e1a
tömeg,0.75,kg,1,7fdc96e012ea29680bbb18cfef805181fe18f5dca1a5d2f538a168b1a8cae277
darabszám,1,db,1,7fdc96e012ea29680bbb18cfef805181fe18f5dca1a5d2f538a168b1a8cae277
tömeg,0.45,kg,1,fa3208f51e59f9d88b5706ba13a4f70e400388a289e7582d44682c2362126d61
tömeg,0.4,kg,1,55e37b2e0144d9d9b89057d6cf96943a33e3d6c80cdcaf8342197547e5301720
darabszám,1,db,1,84c32c44d790213ea82ac9e37f5ca5c3fcb33220121071166f27606a1ee4ccea
tömeg,0.5,kg,1,b44a822bf3c82803723b74888f2dd45e51c08cc8cfadc4cd1732e7d40d118ff3
tömeg,0.4,kg,1,b44a822bf3c82803723b74888f2dd45e51c08cc8cfadc4cd1732e7d40d118ff3
darabszám,1,db,1,b44a822bf3c82803723b74888f2dd45e51c08cc8cfadc4cd1732e7d40d118ff3
tömeg,1,kg,1,106ab16f1918902b4c5871f7270caf21419079d7b7a8c61b22404685b1b89638
tömeg,0.36,kg,1,1942cad601ce98963afb7591de53210db9aa8989d3578993214ba18069329227
tömeg,0.14,kg,1,cfcd8c912e214db861b0f0001be87d1a20c2b1f27ca8003c1a5f797d52358b90
tömeg,0.125,kg,1,31e9648dd1e3d1e88e7a46305eb955c0af2010247b7f5f912a865be5f8912ff2
darabszám,1,db,1,31e9648dd1e3d1e88e7a46305eb955c0af2010247b7f5f912a865be5f8912ff2
tömeg,0.5,kg,1,308bb0ac3ee12090d82708f9afbdf3192e00a97aa4046fa65509e4711950c981
űrtartalom,0.12,l,1,fa5ad89ccc89ba8f46cab04f596cfbab5e9ad47179e7d4512af18398c4432225
űrtartalom,0.9,l,1,0c7295584cc15a6e6913bcc2a6d9865486ed6b5e895ecc9b3eb4262f70684b9e
űrtartalom,1,l,1,0c7295584cc15a6e6913bcc2a6d9865486ed6b5e895ecc9b3eb4262f70684b9e
tömeg,1,kg,1,e162e22e578e35e16b7559af69fd213ee7a81a47f5ccdda5ea39df567bc288e8
űrtartalom,1,l,1,15105f4e8b5dce1ed69649266fe725a0a0b49706910599b3ebe00df8a2b1c387
tömeg,0.4,kg,1,f7b3bd07a74b87f7c51f9f54def73af5071a578bd7cc9e58aa0a481e3ffd1cf5
űrtartalom,0.2,l,1,5ceb85ec9ebecdc6d28c39ad569eaa03881c5b9e42f54cad83d906432622231c
űrtartalom,0.46,l,1,56dfe3405c57060ba1a8171ec21b3242b60b3327857debcbfab384f2f7223c30
űrtartalom,0.09,l,3,a358b5d0f057205e9689964a214896c52ce878fc89407181dda939b60558309d
űrtartalom,0.09,l,1,a358b5d0f057205e9689964a214896c52ce878fc89407181dda939b60558309d
űrtartalom,0.12,l,1,3f18e9f2ff2ec44566aa2e5572f1a5c730fe2ff21e935914e027364434bda593
űrtartalom,1,l,1,3f18e9f2ff2ec44566aa2e5572f1a5c730fe2ff21e935914e027364434bda593
tömeg,0.5,kg,1,6e53277499695e589880082988ea697319a361c8fafae400a9cadcb852877cd9
tömeg,0.45,kg,1,e06b0f422bad43106531b18e7d42412090b6800a0bfb999b4708b87d1f11511b
tömeg,0.75,kg,1,2863673f05e3314a7b1425854ed12b592378ef21d78386344be7cad64b6a4fca
darabszám,1,db,1,2863673f05e3314a7b1425854ed12b592378ef21d78386344be7cad64b6a4fca
tömeg,0.45,kg,1,626fab4e154ed97937de2f4d20e047a8e3925acc9c69e4c088d2623399def486
tömeg,0.4,kg,1,ef7d21aafedb7a2f7b17b45a29a5fd8bbd3338efa1b49db3bc1823482582e8a1
űrtartalom,0.05,l,12,4373146c069fcea823855b3cc06a84654da5fb7e3efb6b583c226d34ed5dc130
űrtartalom,0.05,l,1,4373146c069fcea823855b3cc06a84654da5fb7e3efb6b583c226d34ed5dc130
tömeg,0.32,kg,1,b94e3f02f62cffdfc798ac172de7054514c4b23f3a9324ab66f33648dd9fba43
tömeg,0.325,kg,1,b94e3f02f62cffdfc798ac172de7054514c4b23f3a9324ab66f33648dd9fba43
űrtartalom,0.72,l,1,20e097ebebd397cf7487f6d7525809f16949bf6fd9a3469e62a691f38bfecbfe
űrtartalom,1,l,1,20e097ebebd397cf7487f6d7525809f16949bf6fd9a3469e62a691f38bfecbfe
tömeg,0.4,kg,1,82acfd5ac3d7885ecdc1d1ebe05021b3e68494b6b64321f25b2889d8381d4422
tömeg,0.44,kg,1,da4588998d691427a7ff857f42a29fbf2442ce36050d58736c55aef381187d29
tömeg,0.9,kg,1,16650d05033a945540b63f26339b1feb89401cf1b788a568e670acf5d87f42b1
tömeg,0.5,kg,1,dbb7befcf8a40aaa2d389ad8856fda1bd8aedb5247a91202dee5cc1078646ec4
tömeg,0.8,kg,1,bf42b8358b05bd4beb39d8adf549240a06aaefe52b5f24fdef96b3873cd308b7
tömeg,0.5,kg,1,2c01173c95f25c21928acc86dce5af41767a5718a26df365b76d4c946144eb1f
tömeg,0.1,kg,1,b501da61f2d848efa189bc16ff8cabdec6ee8f5c27b2dcdc0a315a93db3e4300
tömeg,1,kg,1,b501da61f2d848efa189bc16ff8cabdec6ee8f5c27b2dcdc0a315a93db3e4300
tömeg,0.2,kg,1,2a3b9bb82701e0333bc61f42e43cc1df211e553cea743fbc82bf566a8ce04079
tömeg,0.4,kg,1,af521165f0fab2e180ccd74258273a91291ee538e17f3ce55196308d6be86dbd
tömeg,1,kg,1,af521165f0fab2e180ccd74258273a91291ee538e17f3ce55196308d6be86dbd
tömeg,1,kg,1,afd25a78294aba3b9aca9090336ca14941a152da2f7d881d5a29e713ff49ae5f
tömeg,0.6,kg,1,efd4f2a7ff7f08a849a10063632ffb0e8c4813cdfcc77c2758f1a4709c35e1b5
tömeg,0.125,kg,4,2c30c923a7bbfcef3f7726bd3e5f689f40fabefda04c12a7ca276106ceb4749b
tömeg,0.1,kg,1,9bbd2b985ec39b847e82609f7dc3406a76f9477cf7d5f5dcaae244c1b8e9cab1
tömeg,1,kg,1,36e6486f638863deb650a1fe67ee10f61d3ef57b96e4aad405434490ebcb3503
tömeg,0.54,kg,1,ac9dfcc5b0e22960bc04288d526cc7b5b023b5aef2f187e6615026eaf630fade
tömeg,1,kg,1,ac9dfcc5b0e22960bc04288d526cc7b5b023b5aef2f187e6615026eaf630fade
tömeg,0.475,kg,1,f34d08c502342a1639c208b6c44291080e4bfa2c158266345c15f4865d1109e9
tömeg,1,kg,1,18b775fdc7e88b8709d3ac6a4a94d7e326e67e1f0fbb73ca90a01a40876f6b3f
tömeg,0.4,kg,1,06a702a10563c33376bcb8bac0a0b770ec9f721acf08e2e4f5f4938a9f4ed4d6
tömeg,0.21,kg,1,7f95599395ecec2f4bceae84cead22ba5fa037425e1a6b04c81b60d6e5651582
tömeg,0.2,kg,1,8bf068a267a8852fe7ae2e31ee23fdd9f04613a4bfdf3371fc2fbc31858803f5
tömeg,1,kg,1,8bf068a267a8852fe7ae2e31ee23fdd9f04613a4bfdf3371fc2fbc31858803f5
tömeg,0.4,kg,1,0ef5bafd521b005bf4fae288e867a2a99e4fbb5e8be488b5a88d5518bca9871d
tömeg,0.45,kg,1,dda2c39b8a18b78c669a46f2d6dadd70f2721fb123d380a0f928fa52935efa22
tömeg,1,kg,1,dda2c39b8a18b78c669a46f2d6dadd70f2721fb123d380a0f928fa52935efa22
tömeg,0.165,kg,1,7b480eaff417cce1cd5ef2c9f312b2ad22cd3905cdf781c750529dd485b93f4d
tömeg,0.1,kg,4,20d4e91f0c6c8fb523b860c40fe28f18da7ad6895259e01a3a5ab6ffc6bdd500
darabszám,2,db,1,20d4e91f0c6c8fb523b860c40fe28f18da7ad6895259e01a3a5ab6ffc6bdd500
tömeg,0.125,kg,4,7ef83d8811fcd88ff21190727843a3a8a8391029fff08781ab6fb6bc82a074aa
tömeg,0.5,kg,1,7b6439d7047794efbc2116a93619ff0eec76266bb2a404efd8eb85dcccefa92b
tömeg,0.4,kg,1,7bb773ead48275e9d1f69d89cba201171184363ebbe6b46fcb58c5d3383e985a
tömeg,0.5,kg,1,96ae753f473ac5ca4dba0bdec620d505387713454b7d8c3f4156bd8f044876df
tömeg,0.14,kg,1,4d28f97e9e6d19b7cfd663e04643e04996eb4cfbd7be9007a891ef72d0bb284e
tömeg,0.15,kg,1,c4442f35b1ed459465cdbc166cc40baa62993bc75b9602a5c36126dd8b639853
tömeg,0.14,kg,1,d77b4ce3555874acffa47b2fa195bc81c71542462626165ab537cbebf22a3823
tömeg,0.15,kg,1,04d38d4b6cb90dfdbdae8cf331aede172e195489b62fe4bbfa749e2b2dfde2b8
tömeg,0.125,kg,1,30e37b0f7c655ba9367bed1f138ee5d7d5dc3f24931bba03875982bfe24a76e3
tömeg,0.1,kg,1,4789bd447c001f37a19f1bfd2cb70d697966738683fca05042a94f12c721a58e
tömeg,0.19,kg,1,2db76fff77e0ddbfa1487da2ad7bcfec3e671b045fbcf96d6181e4de46e92ce9
tömeg,0.25,kg,1,7bb13c2866f4469847718ccb346e0a35c84a1bf9f07c22969b520ea6348a2e47
darabszám,1,db,1,7bb13c2866f4469847718ccb346e0a35c84a1bf9f07c22969b520ea6348a2e47
tömeg,1,kg,1,eb3b007e3315a93c3df554dac37e1de04a496fe55c67c03f3d220a4b8be7cccc
tömeg,0.2,kg,1,68bec67b73ba39fd7e73f889d21487d3d9e5b70713377397d615ff5d7948c16e
tömeg,0.2,kg,1,a96e641e52e6a33905ea2d844a7d850f115d7ef16892d81aaf5a99bd54ac78e2
tömeg,0.4,kg,1,cd9149364c3abc73552067c3b8b620439e4b70d5863e2cd018fd34562bd4c738
űrtartalom,1,l,1,76f36a5849190cde827dcb85a0f4f1c8aeb602d41c8dd506d34524486be76f42
űrtartalom,1,l,1,606325654ca2c9a53b20e470393ccf9410f9df40c5746f9c9e3ecf1547b89a82
űrtartalom,1,l,1,cc5b80f96a89ddade09347be5dff9cf7010e81b1686ae4854576e994312913d8
űrtartalom,1,l,1,8b7fd0fe5ac54db2070e97b273140ec06254d707e8654f79242396934d35d93f
űrtartalom,1,l,1,dc5f77eed5f06c984aa80658bd73fe8d6eb850787eb686075f0543e390c6d7c3
tömeg,0.15,kg,1,59b3a93d5e199a1ff8f5482897e1a9b961498370f9297deba1b1ad48399f3dc4
tömeg,0.19,kg,1,20694f4e05458b9f02b7e0066740e0a63130e786f795eb4212df3f07925b8464
tömeg,0.015,kg,2,869d79537c7d42ad0742e49eca34cbfa96bb92890b0bb024ef01f359b28bb907
tömeg,0.015,kg,1,869d79537c7d42ad0742e49eca34cbfa96bb92890b0bb024ef01f359b28bb907
tömeg,0.2,kg,1,337957d3d828f299807de36dba7bec43184695f44c1a9f0765787a26c62871e2
tömeg,0.051,kg,6,5484a453639c023576442c26211e7c9200012a6616bed846dad099efe70e1f26
tömeg,0.051,kg,1,5484a453639c023576442c26211e7c9200012a6616bed846dad099efe70e1f26
tömeg,0.051,kg,1,db70f53cda38e2c31aac58bb1fb8365a0edba170f3eb8b6f4f230aa31484cd35
tömeg,0.028,kg,5,20aacc01823947c102af2fa3e5ea0d76220afe86f80dc73300b5a1cc4ef77282
tömeg,0.03,kg,5,20aacc01823947c102af2fa3e5ea0d76220afe86f80dc73300b5a1cc4ef77282
tömeg,1,kg,1,20aacc01823947c102af2fa3e5ea0d76220afe86f80dc73300b5a1cc4ef77282
tömeg,0.33,kg,1,e43f9ff385e6bea7ceb63f2192375d3000269d2cd1e2b3fa938773db71e82fc1
tömeg,0.1,kg,1,6e25e8e4d5761ebb1c5e9d66a2faf09a208d7a91729d0d3c210864b5034980c8
tömeg,0.066,kg,1,57dbee1b7efe1c0f6ebf0ae96d1d1445289333f3ba5eda2cac9dd3b2ce333587
tömeg,0.14,kg,1,7f8b034c851e01ac05b8127d086db8c15bcfc4822694b5509353b1a030701782
tömeg,0.099,kg,1,983c9a1a7aacf2fe4e59e909df44b25e88ea94542aa48c6ba64f62d727239e86
tömeg,0.112,kg,1,012ad8f19b575ff4ced99f3a696c814932e34a7b8efb36f8065615d2b2b3ef4b
tömeg,0.03,kg,1,a9c1d6105b605b3f33ed4a450daf078087e94b195fd68a783aec6282836d7647
tömeg,0.1,kg,1,7b5058d8b5aff59a40b9a23d61f00a25271a4614efbfd962ca36e1cf42c4a3c1
tömeg,0.02,kg,1,e137455fea52d48cddbae17daeec9f9e5dbef039a3f064ef1124da1e195624d4
tömeg,0.09,kg,1,8d025c1cc068e38d1bc204a5a3bba2926f8bd59e06f93a4f3affeb53269b0d83
tömeg,0.09,kg,1,6ca98af13b1e5cd0321d61fd99294a3c47c4c5b55b71f3ccd310834672775d38
tömeg,0.097,kg,1,6ca98af13b1e5cd0321d61fd99294a3c47c4c5b55b71f3ccd310834672775d38
tömeg,0.09,kg,1,9cef0ba25b16d58997ea069d96b757f283cc8bdaa965180945e8e0bd70ec642a
tömeg,0.4,kg,1,1daaeaa02fd86b6e0d32b8d26c0462496beae1d7f070515b4b5230ed3e67e9e0
tömeg,0.045,kg,1,1f90d191c74d5a016f450863d11eb2278ea880500f0330d312bc53d00095527e
tömeg,0.136,kg,1,288e73fe32f1878b324e70ff330cbb82e824945abf1580212fca7796dcca654d
tömeg,0.125,kg,1,2ba44c5c70033d9ccca2edbdae3b1b1dcdc2a66d7545e4ccdb3fb7d0e8c69bc8
tömeg,0.18,kg,1,157e1216a8efa1e1d6ed7c68ba2f5aa726e2f08866501e7414aa812b7d909ad1
tömeg,0.15,kg,1,e17c84db303f9203f7be6f29acc0827ec9e4edb56526354fc99eef2e0d0d5b9f
tömeg,0.216,kg,1,b4f16c77ba51893d67897bc46fb398b9f43c65ad66b4c40247667f3df8ccec42
tömeg,0.055,kg,1,7334b6f22377d51ec08ebb92fe3bcaf656520a552a61b9e33a63f5e8dc659532
tömeg,0.15,kg,1,4fb7278397d38980a3d5430bc29d596d47d3cb530721ddf0d1a15a5b80f56928
tömeg,0.8,kg,1,17e82fce0de4da1d0e4526fd7a1a7836d22909f2618bfc189ac22f7a0daeae20
tömeg,1,kg,1,17e82fce0de4da1d0e4526fd7a1a7836d22909f2618bfc189ac22f7a0daeae20
tömeg,0.13,kg,1,1abdd878d6947686b396a8fdacbf710bec8f9c87efeae2a78538328a880c1feb
tömeg,0.12,kg,1,0efc356e59e767f64953903f549d4eac545d868614b81c3fe35890a2c8e8daf3
tömeg,0.176,kg,1,39149fdeb266dbeb93ed52f247180453c65b1feabd854bfc5a8aeff5c7ec4572
tömeg,0.175,kg,1,de1b69edc9f3b61bba7c5d343f95e61597d0cb49d97cf361352a04eaf870163c
tömeg,0.25,kg,1,50f4e11d8ef96a9e019d829aa7db715d85b6099951941ad3636da5da9548de2c
tömeg,0.185,kg,1,9dcd799abf948e4bdb578089abd53ebacf74e308be330c9ce5a6826146344af1
tömeg,0.12,kg,1,03378981c428a6fa2176d2a007dcad0229710dfa559d3926af7eeb8834931d1e
tömeg,0.11,kg,1,26471bfedd031bfea01e8ccc1a59b80343a8f519dfa7b89255c61a793b0e8fbf
tömeg,0.23,kg,1,3e42d1c8180dde49a89bbad10e7089926da8b303efb1e085e48520f5fcb1bae0
tömeg,0.196,kg,1,5692a9cb9c16c1cfa06143922f20f82265b01c9ed2f56296eccf2fa97c06b088
tömeg,0.172,kg,1,680973e13794f3763c7b62becfbbe0d12c18c148ae53ed4688caaaf4c9130d82
tömeg,0.1,kg,1,a79117071265d8b480b73e44f3964acbe7abd769fbf8c274c8833b2d15aa339e
tömeg,0.2,kg,1,ee577a2768cb62989e461f6629096c73c66e2bdb967911d43957e9a8de469ba7
tömeg,0.196,kg,1,73a6e46b00b0670ce477bb67e2678d26990fadef485d9529422bac8be6477e39
tömeg,0.2,kg,1,510951ef23862078f93eabb0b1ad6a3f1a0ca38ab5a90299939484a6496f8587
tömeg,0.2,kg,1,52dc23b6538e33b6db5466152e4bad70c8791a00826eecfc1cca60baddff470e
tömeg,0.235,kg,1,3429da749b9737db1a00bbc219bb7b79ec9a2b54a3fd2b463af8502b86f20692
tömeg,0.2,kg,1,d0013b4c18b0e14567503f6b3553ebd74d6c713683c3f65e1ac98e176558ff85
tömeg,0.23,kg,1,cc060d1ceb67e92c51a7be256a61167c776b36108a082067ce6390d0d35de849
tömeg,0.07,kg,1,3fda4990e3d6a7a7ee65bee48d01395eceb8df06c4d5ed150f47dc73a6b63362
tömeg,0.07,kg,1,388b0e1e4d7361d7fd2797ac7c5189a496662a613cc882cfa7fdc10121df2257
tömeg,0.1,kg,1,2ee64b87eb353cfed0264be7022c09e213ee70cbb9e4e5c835a7bea1f839bdda
tömeg,0.1,kg,1,ad79d4cceda5f75e1a4f3db5d69f2e23fb214417d4c64e7e7a7efae9ba8757ca
tömeg,0.125,kg,8,c01608f0961d7f7b6cd7fc36134af0162e3c144ebd185e2f63a3203b3185f9c5
tömeg,0.125,kg,1,c01608f0961d7f7b6cd7fc36134af0162e3c144ebd185e2f63a3203b3185f9c5
tömeg,1,kg,1,46eec2ff7b78944789453dd60bda6ed9a8cf08e3e4e278c12695230359cc1e2e
tömeg,0.055,kg,1,33e9a77210d11049c36f760eb648f6263d44c3127b7f8a0e27503bd6930e22fe
tömeg,0.07,kg,1,df29e7ca725cf102b1d5820500f7c77a35e7b27d9b102dba79254de5417f13f1
tömeg,0.05,kg,1,f1043d67f55d9c47ec31b9f13d3af0ee6fab75904d165f1e4eb85e2e8cbc619f
tömeg,0.45,kg,1,9574ebb1befa7a51fead6ec39305483212d72b42603d1e1a4c7a5c2c2b79f4f5
tömeg,1,kg,1,463d002f9106635612c970b4a96c8716ff0ff9a59d5ec31490548d6beb26c00c
tömeg,0.12,kg,1,3e02fcf94eda9a57fed16d4b3264711f299070c560d37c5f4b94f7c81f45791f
tömeg,1,kg,1,389cbe461c9ec126f7821d73993b907d51bc2c7a5d2a8a4b9cd3d482a7ef879e
tömeg,0.43,kg,1,4fac4f55679a2f342481fe2fcc7c91f7aca8875dc3c81e87f4732fd19005a3c2
tömeg,0.12,kg,1,16f2062027baa2512d6e1de8bb059064f9ee0933b124c88bc7cd60356221d5ee
tömeg,1,kg,1,16f2062027baa2512d6e1de8bb059064f9ee0933b124c88bc7cd60356221d5ee
tömeg,0.052,kg,3,e77a4ea2d2eabc6cde54b74ccec412d8f241e0a59f0441d7d29b07368b5347ca
tömeg,0.052,kg,3,c74f6cdb78d704a21fe8e0b7e937cefcd33184405b7821253e92c0647017c6ff
tömeg,0.056,kg,3,c74f6cdb78d704a21fe8e0b7e937cefcd33184405b7821253e92c0647017c6ff
tömeg,0.07,kg,1,b7d0ec53cd393ef1df88c2315917099bbfc202dff428d4d74ed0ff42dbb55902
tömeg,1,kg,1,b7d0ec53cd393ef1df88c2315917099bbfc202dff428d4d74ed0ff42dbb55902
tömeg,0.13,kg,1,523f4ec8d836207b4ee9d920e815f9b2676d14fdada9a12f627a657d9fb9cb70
tömeg,0.285,kg,1,a0d2482f92f4b52156d843ba627f970364a16f54deb54ce6bff924c3b4bbda29
tömeg,0.13,kg,1,09ca6c1837ae258ccc6c4bfa0d04e7dea62955f79317950ad68f1d0965ead045
űrtartalom,0.5,l,1,65bf5e592621e2a9ad297f90d707bf4631216b4a230ecd95b8e896c71f401a4e
tömeg,0.08,kg,1,5cdfc5a57a680c65e8e32b35197cd5398a0c01dc73e191ef93681ff8b23bfce1
tömeg,0.07,kg,1,7b6acc2071e3e8f0a115f410d9f0c717ad2dbe6827b3eee0b7858fc51425f8d1
tömeg,0.1,kg,3,7a8441d066da7275e743bc8ae503f66a833f15f17641bf25c9f4b5c015ad832b
tömeg,0.1,kg,1,7a8441d066da7275e743bc8ae503f66a833f15f17641bf25c9f4b5c015ad832b
tömeg,0.2,kg,1,df21acc10bff6daa01828f66672e171ac860d56610d6d340f2b14c9587b0064c
tömeg,0.13,kg,1,9da3ae180ce3d730b2069d27e7f5b40abe71b54658b130dfa3a54915e4953777
tömeg,0.05,kg,1,887215f1761a176db4aae7d5053ed34eef545299af7049a5ebd9add4061782ef
tömeg,1,kg,1,887215f1761a176db4aae7d5053ed34eef545299af7049a5ebd9add4061782ef
tömeg,0.05,kg,1,a6c7e499d831cc4adef6d1f97117db8c029c4fbd65e8e814415a1e0df2ae4249
tömeg,0.15,kg,1,d89a42d6e9a3d2e70b23705c108411275a7b1c1b0169983b22e97b17d487ed8b
tömeg,1,kg,1,d89a42d6e9a3d2e70b23705c108411275a7b1c1b0169983b22e97b17d487ed8b
tömeg,0.06,kg,1,98a11197d11074f50c1f7a959bea08e90f4695640ce480dca3c4b36507c91cbd
tömeg,1,kg,1,98a11197d11074f50c1f7a959bea08e90f4695640ce480dca3c4b36507c91cbd
tömeg,0.2,kg,1,e565cde61ad8f3fd88ebb9703c880878ff9d568b05bc9e2ad953277ec227df89
darabszám,1,db,1,e565cde61ad8f3fd88ebb9703c880878ff9d568b05bc9e2ad953277ec227df89
tömeg,0.06,kg,1,8543d5b601f081195254d96359ce42204d3dcb520b83ce6ebdd9d961e2882c56
tömeg,0.3,kg,1,a4d95167bc7a119211ef4623d5c382b7c5b0375af1f507b567d25b1f27049719
tömeg,0.022,kg,1,f3a818dad7191a4699c939b8e5c7e62ef787a37805dee01e77745f6fc694988d
tömeg,0.0592,kg,1,daf7cb85f64e230cccd5609c27210ecb47f8b24238be2447c13ef8af2eab436e
darabszám,3,db,1,daf7cb85f64e230cccd5609c27210ecb47f8b24238be2447c13ef8af2eab436e
tömeg,0.07,kg,1,c6b8636bb6f28615fd74e60959f5039d9c0df34ba371f67e3857d584bb29cd00
tömeg,1,kg,1,c6b8636bb6f28615fd74e60959f5039d9c0df34ba371f67e3857d584bb29cd00
tömeg,1,kg,1,5d09482ea6ac67bb9f0b5ad0834bc0227257f845323254c64ed2167115bf31e9
tömeg,0.14,kg,1,28d070377e28aa403db4c0d216044270ad8d9b4ab1fbe6859e4a2e4ab5e0bb52
tömeg,0.395,kg,1,06277ae09394675fdecf5add3fcb6bddd196852a0267235d5937f66085abdfcd
tömeg,0.4,kg,1,06277ae09394675fdecf5add3fcb6bddd196852a0267235d5937f66085abdfcd
tömeg,0.44,kg,1,06277ae09394675fdecf5add3fcb6bddd196852a0267235d5937f66085abdfcd
tömeg,0.44,kg,1,9811e2d99103a014753743be08d5fe13c6856e528d8dd02df11e0609156567a2
tömeg,0.16,kg,1,0abd13e431cc3c0a14587e5f3eeb072d96af75a56f1357ff4aff9b7744b87e4b
tömeg,0.47,kg,1,f57b16ff53fdf4235f15bb607eeec150bf5ed82ababbcfe0d89c3444f8ef2348
tömeg,0.46,kg,1,f57b16ff53fdf4235f15bb607eeec150bf5ed82ababbcfe0d89c3444f8ef2348
tömeg,0.395,kg,1,ec19a131891704a639802c2356e15a15ca0eae22e57511cee942651d5a0f4ff9
tömeg,0.42,kg,1,ec19a131891704a639802c2356e15a15ca0eae22e57511cee942651d5a0f4ff9
tömeg,0.4,kg,1,3811f45c37166e7040e061f4f74794c2d88f5751e38e67ee1f5bfdfa81ff2033
tömeg,0.4,kg,1,c2a1574e52c41c5d10e33c9dc84823f700fe574b2fb74a03631130ea4080083b
tömeg,0.22,kg,1,1bf607ca0db3795e89065038ad09406845eaf3fd2731a60a4198fc629ce4ef70
tömeg,0.21,kg,1,1bf607ca0db3795e89065038ad09406845eaf3fd2731a60a4198fc629ce4ef70
tömeg,0.2,kg,1,1bf607ca0db3795e89065038ad09406845eaf3fd2731a60a4198fc629ce4ef70
tömeg,0.5,kg,1,e113a856bccd619c676cb9bce2b06cb096577185932d767aacec07ae4c7abc58
tömeg,0.1,kg,1,6e8db55ed8393259967e39554fa1a67ffa37f4b3b2a76e917c8022083300b402
tömeg,0.4,kg,1,91c511f3a87a47b87d21dfbe4f34bb4c13807a27547d67b6341f87ae53ddcd8b
tömeg,0.5,kg,1,72b511b0bbf4a1af6cf84813fbeb3feea0aa64a59bc15ee070cb11b6aa8e1e87
darabszám,1,db,1,fe92062b151b2bd14d4476f28904a667a7141375c043ff8a3f801cc6a8b15276
tömeg,0.25,kg,1,4a0f26a0b4ecd69650cfb54cf0269dbb96e82613ad6e06aa65db880f8c71a70b
tömeg,0.1,kg,1,b07c50cc610d6fd9527e89f8a43f1591171493018319e121fc9b8c6bb4cd561d
tömeg,1,kg,1,b07c50cc610d6fd9527e89f8a43f1591171493018319e121fc9b8c6bb4cd561d
tömeg,0.3,kg,1,5dd4b95769e08ce2b75b3da935a6da1d3e84ea06a6d59c172f657f9cf9d41463
tömeg,0.25,kg,1,a25be496316d705cf25199de78c4905823e4efe9ea6d4fb09d4b0f593a20fc6a
tömeg,0.077,kg,1,22a898ef076ba696bbd54b3f01f856f4421fddd76405c3a9c4ef2c53bc5f009e
tömeg,1,kg,1,22a898ef076ba696bbd54b3f01f856f4421fddd76405c3a9c4ef2c53bc5f009e
tömeg,0.09,kg,1,2b9e6b67627cf5d31497478b2143dc3de7dfd6380a62e4b61f452a5f0da34a8c
tömeg,0.09,kg,1,2c06bbbdf491ebdbb09c7bee73d837857d59529b09f6cef1d087a62acb87f703
tömeg,1,kg,1,2c06bbbdf491ebdbb09c7bee73d837857d59529b09f6cef1d087a62acb87f703
tömeg,0.1,kg,1,241c655d7e095686a2b6e594e3c43798a8278202dc9735f14d3c94a8f788296f
tömeg,0.06,kg,1,21875ce9fafc945a65cdd96e1eea9ef07f1395b44a87a4eefbadf8ffffccadb0
tömeg,0.08,kg,1,67332144ade0eeedbe9cf10365b578cbfe51766f2967f10a15fb2fb121ac9cc6
tömeg,1,kg,1,67332144ade0eeedbe9cf10365b578cbfe51766f2967f10a15fb2fb121ac9cc6
tömeg,0.12,kg,1,38ebe49f0fd61a1b8f51d9b17e79916f32eff7e26d10614070ce47d79523940f
tömeg,0.037,kg,5,37892a006dac630578b8b296e96105c6ad6aca671ba4f55424bd83b9337e01f6
tömeg,0.4,kg,1,a79801ecd76e16a707687539ced01fcf72b131f99688668fef08ba8b9bf7fdcb
tömeg,0.4,kg,1,748fc312037811328fa605ccf839da4162c7a0e2f6f9d16dcb3b1f706700c094
tömeg,0.5,kg,1,d4c7bec3ec1e4717a633bea384a7913c3365c2bba5ae2c05fc530ad50205b4ed
tömeg,0.32,kg,1,b15acfbc42b6f548f2fd0269eee7b9b663227c028474ede184239316134c398e
tömeg,0.325,kg,1,b15acfbc42b6f548f2fd0269eee7b9b663227c028474ede184239316134c398e
tömeg,0.1,kg,1,345f2ba0873221926c9d157695762a6d27eae5eb749cdaca9940305308117aa4
tömeg,0.23,kg,1,8f5d027b69547c9a8f4d7f25c4838e1ad4fa533519db402323f510008d2cbc35
tömeg,0.2,kg,1,8f5d027b69547c9a8f4d7f25c4838e1ad4fa533519db402323f510008d2cbc35
tömeg,0.1,kg,1,b7ec6dc48def13e5095dc99d5b53e3342f86e5300da265dcdc9d032c76e3d914
tömeg,0.4,kg,1,f5a5ea17c229330b9a9e6c1ed4b942aa3271818901d4a91c651ffb4e7c35acfd
tömeg,0.08,kg,1,8706206cb4a2a6e14c19720ec4e665ec54cf506745bce26665bfce91ad9dc552
tömeg,0.3,kg,1,3bec7a28e6fceecbfd589633c877c79de080814b424f8ca2b83cf46eb3daee68
tömeg,0.1,kg,1,37c41aef142b8beb7e62c2d656b78088f6f725275139007df230298e1c436247
tömeg,1,kg,1,37c41aef142b8beb7e62c2d656b78088f6f725275139007df230298e1c436247
tömeg,0.1,kg,1,2f13cc170ab72a8ef3db435500c0da9519c2b8aae04bb32b1b9c1ef98940fcb1
tömeg,0.14,kg,1,f0f4ab41ced52ecf1f3f7af9b1ad75c86c73aa44bff33eff23b483e050df68d4
tömeg,0.125,kg,1,b15c07e533f8eb47d546817fe9ca60003192ecf266c45f541ceb6e08b5692eb3
tömeg,0.12,kg,1,d8300875bc7b48c2de0e4f5b86e4c91ab51f9878a72b3116c699ad55089b1d25
tömeg,0.4,kg,1,07364413e117874e08ecb15f2f3c7361479771c17190c8940c44098ce4985f7b
tömeg,0.055,kg,1,fb332f0ad8eadff98306e45d6ca187367b679c467db6d1757a0f6697d9677099
tömeg,0.2,kg,1,6d05c08160ecfb3d1fe282490fb5886a7b0d48fecba2249f7f9ff4ec9e8f0871
tömeg,0.35,kg,1,3789afbd08aed5ccb87383ca19afcf7eb0c05659febcd51f33f91a5bbd2993da
tömeg,0.07,kg,1,173cb663014fb87c5721a8a4ecf5ae36d0e0286b5601441782f748d2b2e5856f
tömeg,0.3,kg,1,7d91ab2fa6a1b20dc6547dca4327d026a3411aa302cd5e11a283d01346c1bf36
tömeg,0.1,kg,1,764771f8db77f6d3b2620dd7bfe6406f4767de6a88be3b04533401b029c266df
tömeg,1,kg,1,764771f8db77f6d3b2620dd7bfe6406f4767de6a88be3b04533401b029c266df
tömeg,0.1,kg,1,228d1cef4722c7a2295d6126ea9a6e118afe439d5cda0f11768a51abb9bc7dad
tömeg,0.1,kg,1,d7ddc0fe37264788916e6c550b2946a6918bca74bac18de6aadb4a84f202c1bf
tömeg,1,kg,1,d7ddc0fe37264788916e6c550b2946a6918bca74bac18de6aadb4a84f202c1bf
tömeg,0.1,kg,1,9e1d72764979fe2fba5d9d972a01f38bb2e41b51a4c052d4c8b8f0bfece53926
tömeg,1,kg,1,9e1d72764979fe2fba5d9d972a01f38bb2e41b51a4c052d4c8b8f0bfece53926
tömeg,0.09,kg,2,d8601ca7808920c30f2d0ae728f3683a9b89c59581060e4a86624f56a5176675
tömeg,1,kg,1,d8601ca7808920c30f2d0ae728f3683a9b89c59581060e4a86624f56a5176675
tömeg,0.1,kg,1,cdc19ff3c6c30d128394271af952c4d8bbb03453f5054db81425505714551b29
tömeg,1,kg,1,cdc19ff3c6c30d128394271af952c4d8bbb03453f5054db81425505714551b29
tömeg,0.1,kg,1,5fa7cd32aa2ced2d213af4b90b4360aee8718d34e788d7fec67e90587debee96
tömeg,1,kg,1,5fa7cd32aa2ced2d213af4b90b4360aee8718d34e788d7fec67e90587debee96
tömeg,0.08,kg,1,109820a4e539ee0148807e11b3d07ec7d855467219cc05410b32da2fc4eb8809
tömeg,0.1,kg,1,e1440facde4014a572b69d672f0118971d88105d39c1fde78e69923f6159cfc8
tömeg,1,kg,1,e1440facde4014a572b69d672f0118971d88105d39c1fde78e69923f6159cfc8
tömeg,0.1,kg,1,b5d50a3c53323b66e058d1deee95965423483d1ea008220bcdf77166ec225d50
tömeg,1,kg,1,b5d50a3c53323b66e058d1deee95965423483d1ea008220bcdf77166ec225d50
tömeg,0.08,kg,1,2e49ae0e7ca9758104129302df5e7b6e4d76e9f0df04fd702f7d3fd4e5050f6b
tömeg,0.1,kg,1,7ead8ff84bbe95baa26fd668c542c8cb8aa4b7a6354418de06411019cdf4c899
tömeg,0.2,kg,1,4956d233a54b957c38c5d28e354adeb2e6e8fbecb9c1c715593f1672d8ed2377
tömeg,1,kg,1,4956d233a54b957c38c5d28e354adeb2e6e8fbecb9c1c715593f1672d8ed2377
tömeg,0.2,kg,2,ab98545f84388e2af233b88d582bf9874c2158e8ad3844a5a0fd8abfafc0a31b
darabszám,1,db,1,ab98545f84388e2af233b88d582bf9874c2158e8ad3844a5a0fd8abfafc0a31b
tömeg,0.3,kg,1,a1dba1379d102199c02345275f511f44433ce17930134cf55ef871256326ae55
tömeg,0.2,kg,2,cb3d7dbee15829b879d5789ccf5d735fe6c8dd060b3ef0d4fd1c283c582f1ea7
tömeg,0.8,kg,1,eeef76bbe13b6a7012e0157c0cb2225b7ec3970c1ad6a6d4c2064f90ef903efa
tömeg,0.19,kg,1,a6d9d5d6da14c8bd9f4b41e51685b1977a04d81cbabd1e824acfaaf46dde3ef9
tömeg,0.2,kg,1,fb35be775641b4e9b325e848b90b3043a786bb7f7790c8a83f822b0eb386f79a
tömeg,0.1,kg,1,7ae02e62ffd679bde3974c9ac5d1da8b26585f4342faf4241e56cf296f61f570
tömeg,1,kg,1,7ae02e62ffd679bde3974c9ac5d1da8b26585f4342faf4241e56cf296f61f570
tömeg,0.2,kg,1,08b0d516f3b02f4cb866a9fe8bff6eab4d0a45eb57b1bc21be8c8a07f37ec811
darabszám,1,db,1,08b0d516f3b02f4cb866a9fe8bff6eab4d0a45eb57b1bc21be8c8a07f37ec811
tömeg,0.33,kg,1,03e6915394855c8d5325d414e0f4a3a1b479c9ad725438504f8379ef20f78e63
tömeg,0.33,kg,1,74c1763c51ca9a554b8956b46bde4365e70c242f2fe9b5614c09fd519425efd5
tömeg,1,kg,1,74c1763c51ca9a554b8956b46bde4365e70c242f2fe9b5614c09fd519425efd5
tömeg,0.5,kg,1,a330a259639da5ad4b7c67b39ac4398c26f0d890121f6a7796065b0315b916e6
tömeg,0.2,kg,1,9bba05655141763ed88920044817d3bbfd78f37ca2b528a68de20d92a1a699ec
tömeg,1,kg,1,9bba05655141763ed88920044817d3bbfd78f37ca2b528a68de20d92a1a699ec
tömeg,0.2,kg,1,c2554e4f5b11b49b7e9834709117b775251f70b263771d5d238f07c0e2c7b7a4
darabszám,1,db,1,d3fc96c0acaf885605d0bb66c40627ae3a8a0034c90f9aa1c165bfcd56fa35e4
tömeg,0.17,kg,1,0a8389ab8498f4abd32fdfe8bdcb603063092dc84d842afb8e7147f9125ac7d0
tömeg,1,kg,1,0a8389ab8498f4abd32fdfe8bdcb603063092dc84d842afb8e7147f9125ac7d0
űrtartalom,0.7,l,1,55cc6d10fcd912eb1864885ffbe9a36bc0120e7ef2d1cb7bf48b279f66828171
űrtartalom,1.5,l,1,779a9437b5ca9e77836116fc4b97bd67eba8e0146b80568ec4a087938f6d1b13
űrtartalom,1,l,1,1338bfb88ec0c229b673f4c91c4984b29b15c668649fbe8a8d24e55f9a710c65
űrtartalom,1,l,1,acabaff56cc77c42411ff7603844ed717be86f0f537514ee6ae6eaa2c50e8165
tömeg,0.002,kg,20,c289c8a38981da88e3dd9d7c02977b192389c3d5998f3b73fce78f94de993eec
tömeg,0.075,kg,1,9c772ce24e9b89f5961528cf09d15742b831d1f376a13d3014f7494c68fa1d7c
tömeg,0.1,kg,1,9c772ce24e9b89f5961528cf09d15742b831d1f376a13d3014f7494c68fa1d7c
űrtartalom,1.5,l,1,f6234a4edc6eb954d42587d07211ec33f5b387ff5f418275a73b0c365d718b31
űrtartalom,2,l,1,bb99c616ce7db4b43cb4b86c2a6d4ddb4d350c741efc7018e3d7d680e4cb16b2
űrtartalom,1.75,l,1,e9127843c7774d0f8d84a0796d01e6cd50fba9141dfc58ce4325019b55cd52e9
űrtartalom,1.5,l,1,059bfdbab4840bf38b250479b60ef624aac7807b6a647a2f08be29f582345311
űrtartalom,2.5,l,1,134bac73f7b9d2346ec9336c58068fb42a4a404bb57033ed1a0beac3aa3cbfad
űrtartalom,2.25,l,1,1900499d8cbd334ecb0bf428d54262c0d0fd0829f6e0fdea9e38df2e02241c9a
űrtartalom,2.25,l,1,439a80d0e8e1b0fff1d09b01a123a1822d71dd4dd24f0595ad1d092073837cce
darabszám,2,db,1,439a80d0e8e1b0fff1d09b01a123a1822d71dd4dd24f0595ad1d092073837cce
űrtartalom,0.5,l,1,f1fb87c6411a59b9f63a906ba0636dd75b29d5271b13638007c4651a62e87a38
űrtartalom,1,l,1,f1fb87c6411a59b9f63a906ba0636dd75b29d5271b13638007c4651a62e87a38
űrtartalom,1.5,l,1,c30b4d74826003f7f425e600a5f93fa9678ff16959fcee874c4e7183cf6a030d
űrtartalom,1.5,l,1,d222cc5b2b6208020fb3a917c0c83a1727d8d7341d4a5ec1fc6c9fad9ae4458c
űrtartalom,0.5,l,1,ec7245efd439f311a567b2c4f9b85030a4767096864e11bb917fef33b7fc40c0
űrtartalom,0.25,l,1,e40393ec68e6c1c6a92ceb0d7de019a55a584c2e163d76b33b63b374c3af91d3
tömeg,0.2,kg,1,999d6a769149146a1e4245454a3562f60a715ab0d780c05ac3aba08ec8cf4c5c
tömeg,0.044,kg,1,bcba5c9f6f1aef63e174e36ada4e2ffb23b9e7384aad151a519237e61187aeee
tömeg,0.25,kg,1,09358515cd932b608e25440fed052848c428b1b667405cd00ac0eee92ebd13d3
tömeg,1,kg,1,1dbb05b7fe5556ac6f0add5a563ee802d3dfd27e4cea458a5a973ccddc8c11f6
tömeg,0.1,kg,1,142c0ca033c77878e888ed8e81a1e3b00a05dd40fd7e8930b6e17e9d797079f7
tömeg,0.2,kg,1,6bc04efeac656e7941b84b48880c07e3d11cf047abf61ce0b997b6f7d8fc8d13
darabszám,1,db,1,9294a1ad56c79ef2c84cdca129ab823571e8afd20af20d5af58322cce1a00464
darabszám,30,db,1,9294a1ad56c79ef2c84cdca129ab823571e8afd20af20d5af58322cce1a00464
tömeg,0.0165,kg,24,078882467cf9312331c2fddfed4eacd9aa951c54c52aef2765005be0ab601487
tömeg,0.0165,kg,1,078882467cf9312331c2fddfed4eacd9aa951c54c52aef2765005be0ab601487
űrtartalom,0.25,l,1,b4ae2dfe5234ebd608e16fe591c3c344ca5c271e6dd3c63dae5b930249da7302
tömeg,0.25,kg,1,e9ffac0a9135b7ffbb00e9fc8ace1696f13e488a54da9b272a46813884a426cf
tömeg,0.2,kg,1,85d4e32db8025fcc87f82b344aeca7435dd88489f50631c6ce8274537dbcc29d
tömeg,1,kg,1,f3c8fa82c0772b0932b982b466c7f3be9be5f32f4559c90faa85795bd4a29325
tömeg,0.5,kg,1,e9ed6f3f8b2a96b241c7bb94d3441b0902158b9b243a7abc10b15bcd5cb20596
űrtartalom,1,l,4,ca6600fd386c8987c796fc0c5e529f737f5c3d0b3e92e85fe5bf6930d08f0a70
űrtartalom,1.5,l,1,2eca247f4d8c50bbf98e2c19562e266f68b8e22b1c156e19eb949d1653bd3739
űrtartalom,1,l,1,40407050c3d1aa5083b96e521cfef3e10725c6765f7a5b0eafa1220c8ab27118
űrtartalom,1,l,1,b840a70b19cf7ba19e1e3e91f2cd8ef4068d9b94b8ea76382ebc84943f4bc448
űrtartalom,1.5,l,1,cea9ca2cd697d79a6ef9fbc50d41adca698fc0b747c466c0f6c82219fc379019
darabszám,6,db,1,cea9ca2cd697d79a6ef9fbc50d41adca698fc0b747c466c0f6c82219fc379019
űrtartalom,0.75,l,1,c4e9759870960e3719c1750aa0a655b964543e15a58d0f47e858505281bac564
űrtartalom,0.75,l,1,bb4480252f0d5b191318facddd25227dbdce2ce59a7dbf93c419b769cd2318f4
űrtartalom,0.75,l,1,b16bc1a78d235d122abbdce9cc7a14885b1a489e15f642e8c0f57f49331dbbb2
űrtartalom,0.5,l,1,84c67e23882fb981cfcbea9b636f43dc31a6a944a34660dd2156107eb51c28bb
űrtartalom,0.75,l,1,6971a57fff26923a677165d482c34005d328d32b1914547c1ace875f5699b2fc
űrtartalom,0.75,l,1,7bbd394e49d15c9d43a7bcd8fa751cfc9e663538f6d1fdf00f0fca50a7b3dc27
űrtartalom,0.75,l,1,8c810bfbc828e7190ec8c715ef6a9cdc5228b440bb9189612a5791d1d06bfb5e
űrtartalom,0.75,l,1,596a3112815acb4a36a81b2241bc0842042403719cb8c0f9ee8d14e118e65f5b
űrtartalom,0.75,l,1,8e87318e579d697c6335b9deb5454e276dc5243a8fb2cb7d976b62aa3be88d1b
űrtartalom,0.75,l,1,712d2776ca2a0955d2946d1cf19d45b570a8e6f48c69722119adca9d903e3f21
űrtartalom,0.75,l,1,71c58e7ad2277f2c32bf9d646699526ac257b0ae1ecaf86c654489b34fed3684
űrtartalom,0.75,l,1,f8994bed57d453460a13cd9d7e6a36347d4c2795ac66e27dc885c0290c039db5
űrtartalom,0.75,l,1,cfc1b0ba1870e0d24513931f44897a1fe3d118a19db05193923af1e0ffa153ce
űrtartalom,0.75,l,1,403a1c2b83a07fcb26a16b6c6024330a8466bbf355fa2933356bc093eba8726e
űrtartalom,0.33,l,1,87964ea3654eba8ee7401006dfc13b57db64fed5117dfcc361cea999aaf52d44
űrtartalom,0.5,l,1,91222abd6b8b7b35ed41c50e97b5ffa4804afb1e1db320e750bd69b3d981f087
űrtartalom,0.5,l,6,4d73ff823014c1ed18af390a0687b41771c949cfc50cb1480b55d696ae22a411
űrtartalom,0.5,l,1,4d73ff823014c1ed18af390a0687b41771c949cfc50cb1480b55d696ae22a411
űrtartalom,0.5,l,6,d91c9fd2e8e8f9077073f3f00a81fc08103d3c782e8ad8ac6546abc5ee22cbcb
űrtartalom,0.5,l,1,d91c9fd2e8e8f9077073f3f00a81fc08103d3c782e8ad8ac6546abc5ee22cbcb
űrtartalom,0.5,l,1,f3d65acb377dc40cd7bc618524301341c1e0d3a374d8c7a7d72e7653964b60cf
űrtartalom,1,l,1,f3d65acb377dc40cd7bc618524301341c1e0d3a374d8c7a7d72e7653964b60cf
űrtartalom,0.5,l,1,18fc43ea32cd101bcfdf2e8102b10df80028fc71623e3da62aa098c6c2fd0b5c
űrtartalom,0.5,l,1,56991382f0fe9b14b60acc8893c6f32c1e9145e8f95bb63b5c6a1eacde48b87b
űrtartalom,0.5,l,1,21fef65504239966d1e16f73e7bfb6c1cf919b171d287cab3133f3be200023b7
űrtartalom,0.5,l,4,749a5bdd821c6537b8e2e6ec44868ec21227736e5c4e4f9f265b3735cc5ca006
űrtartalom,0.5,l,6,0759adc9bb11a2445e4f1a44a34124b355b8ff9b825e6bf6968edc331fb42dd9
űrtartalom,0.5,l,1,9c92a49a5634d2b1391404ddcae5d276a994cc468873ae3185294cdf2fc7563f
űrtartalom,0.5,l,1,abb673f0a4399f2b0e3dd247b56a87211cdaf728dac006a532400186373c6f5e
űrtartalom,1,l,1,abb673f0a4399f2b0e3dd247b56a87211cdaf728dac006a532400186373c6f5e
űrtartalom,0.33,l,1,1db81b06bdebd11061cfe8702f7b9505b8891f6244df6faa9822c57dc87fe363
űrtartalom,0.5,l,1,47020a0550c86047e9d665d571f98fb547923b69275d24ebc99720b88ac15b5e
űrtartalom,0.33,l,1,4ae4ed4fbc2accf21b11a2ce25da42293f23d8f203661e85bae910062c25d359
űrtartalom,1,l,1,4ae4ed4fbc2accf21b11a2ce25da42293f23d8f203661e85bae910062c25d359
űrtartalom,0.5,l,4,f90aabbac9384ad462a33241db779f4568c246a262e088021a2dedcddb5f99dc
űrtartalom,0.7,l,1,a6599605a8131a4c4f673277d67d4c8dd2af6808fb690650b7c5655661aaedb6
űrtartalom,0.5,l,1,a94fc0d37001d6da5364a8106fe55758c07f0cf5979b7af3af44cfb0f4692302
űrtartalom,0.5,l,1,b898d2eb43ddf1c29e191b1bfe8e93502040acc9cc977aff412ed720d7823116
űrtartalom,1,l,1,518bd9dda22c2aff75eb24fa1b748808c8488e90af93d981e1386a40bacea59c
űrtartalom,0.7,l,1,56f9bb933797ffb4a385854991924860040a48c4fef0163d7a0f6548377319a4
űrtartalom,0.7,l,1,afc1c4054aa89d3d40a4b82c934d64ba5fa19560c5de02e3e881e473835133b8
űrtartalom,0.5,l,1,a25937b0633bdb125ae49118efd34b5958d39aa208e25d0aa98f546b5d871526
űrtartalom,0.7,l,1,df073b1d86f57bcce9a7e423ecc3bc9240083c937358f43bfdf38c4189234c67
űrtartalom,0.7,l,1,22a437677a307f841ca804baf2a65b35cdc52def1ecfe91cfe40f7e5552d73ff
űrtartalom,0.7,l,1,e67f5000100a6383f7c6ec5efdd2c87373a538e549a83764af7fe88c4b5b3c4b
űrtartalom,0.7,l,1,c7fcc982fa85479c338f95cd225c70ec18c580bd177b07a8cd5d91a330c2d4b5
űrtartalom,0.7,l,1,24d6ef6fafb3b583c0c5aa8c59b082098c402acdcec3fcf4d02b134be889ec0e
űrtartalom,0.5,l,1,55c154948e7d99e8085bc5dfa9cec106cc890ea4260f9ad0712812cf212463b8
űrtartalom,0.75,l,1,2b7f9cab4e2cf67c22b5bc01df738badb2b9a60101c812f9d8ed013d4e97f2d2
űrtartalom,0.75,l,1,89efe573385a3baa06133b0ddd204186d8370e84ed539ed4a67aeb890fbd3254
űrtartalom,0.75,l,1,a7f51cf865379c2d7f01602ed1c6ea8997743ab946cf3b66142839cecfb2359f
tömeg,0.5,kg,1,3b8eca925905526a62ef77d9b6ce6f68045c87edeaeae145c893a5f0d5fb289b
darabszám,1,db,1,3b8eca925905526a62ef77d9b6ce6f68045c87edeaeae145c893a5f0d5fb289b
tömeg,1,kg,1,b935911c592099aaf4609629dd758bc614cb44ca28cd15250e91e848f47b0597
tömeg,0.45,kg,1,1ffc8856249f98982e7f7159ab173b0bded7b62478ad2b1de0aaebb594c86e1a
tömeg,1,kg,1,bf3cd55cbd8c150458db919d65c4d00f303cbeadee998ea043f0d5cc7c889887
darabszám,1,db,1,bf3cd55cbd8c150458db919d65c4d00f303cbeadee998ea043f0d5cc7c889887
tömeg,1,kg,1,676354949b5fc152a32d95c59a37aa08cc143b8d64addf895ec1f6ac9473ef01
tömeg,0.45,kg,1,fa3208f51e59f9d88b5706ba13a4f70e400388a289e7582d44682c2362126d61
tömeg,0.4,kg,1,55e37b2e0144d9d9b89057d6cf96943a33e3d6c80cdcaf8342197547e5301720
tömeg,0.5,kg,1,d19b80340a854acdde3344791b7461f35e07eaf1a7ef3bb2b419839bc33c276c
tömeg,0.1,kg,1,d8072c6a8e6a6e3739e4b16921bc9f69f97348097683683aaf7b4f538941821b
darabszám,1,db,1,d8072c6a8e6a6e3739e4b16921bc9f69f97348097683683aaf7b4f538941821b
tömeg,1,kg,1,106ab16f1918902b4c5871f7270caf21419079d7b7a8c61b22404685b1b89638
tömeg,0.36,kg,1,1942cad601ce98963afb7591de53210db9aa8989d3578993214ba18069329227
tömeg,0.14,kg,1,cfcd8c912e214db861b0f0001be87d1a20c2b1f27ca8003c1a5f797d52358b90
tömeg,0.125,kg,1,e342dc71d0642b937544ec57ef92b3fdf5cbb8778c0d6d87c2a87c7427f73c26
darabszám,1,db,1,e342dc71d0642b937544ec57ef92b3fdf5cbb8778c0d6d87c2a87c7427f73c26
tömeg,1,kg,1,e342dc71d0642b937544ec57ef92b3fdf5cbb8778c0d6d87c2a87c7427f73c26
tömeg,0.125,kg,1,b9d515c8a799e5dffb1aca68071425596376361244310997fa187f2c16a1eca9
tömeg,0.125,kg,1,0b9d50702de7fa7d8786657b6d391510caf0c5975e26c2a748246182f682957d
darabszám,1,db,1,0b9d50702de7fa7d8786657b6d391510caf0c5975e26c2a748246182f682957d
tömeg,0.5,kg,1,308bb0ac3ee12090d82708f9afbdf3192e00a97aa4046fa65509e4711950c981
tömeg,1,kg,1,07614c81a6fd9ea7f25665fb95cda32036a627bc8d8d260f4f0546cd33ed2d22
űrtartalom,0.12,l,1,fa5ad89ccc89ba8f46cab04f596cfbab5e9ad47179e7d4512af18398c4432225
űrtartalom,0.9,l,1,0c7295584cc15a6e6913bcc2a6d9865486ed6b5e895ecc9b3eb4262f70684b9e
űrtartalom,1,l,1,0c7295584cc15a6e6913bcc2a6d9865486ed6b5e895ecc9b3eb4262f70684b9e
tömeg,1,kg,1,e162e22e578e35e16b7559af69fd213ee7a81a47f5ccdda5ea39df567bc288e8
űrtartalom,1,l,1,15105f4e8b5dce1ed69649266fe725a0a0b49706910599b3ebe00df8a2b1c387
tömeg,0.4,kg,1,f7b3bd07a74b87f7c51f9f54def73af5071a578bd7cc9e58aa0a481e3ffd1cf5
űrtartalom,0.2,l,1,5ceb85ec9ebecdc6d28c39ad569eaa03881c5b9e42f54cad83d906432622231c
űrtartalom,0.46,l,1,56dfe3405c57060ba1a8171ec21b3242b60b3327857debcbfab384f2f7223c30
űrtartalom,0.09,l,3,a358b5d0f057205e9689964a214896c52ce878fc89407181dda939b60558309d
űrtartalom,0.09,l,1,a358b5d0f057205e9689964a214896c52ce878fc89407181dda939b60558309d
űrtartalom,0.12,l,1,3f18e9f2ff2ec44566aa2e5572f1a5c730fe2ff21e935914e027364434bda593
űrtartalom,1,l,1,3f18e9f2ff2ec44566aa2e5572f1a5c730fe2ff21e935914e027364434bda593
tömeg,0.5,kg,1,6e53277499695e589880082988ea697319a361c8fafae400a9cadcb852877cd9
tömeg,0.45,kg,1,e06b0f422bad43106531b18e7d42412090b6800a0bfb999b4708b87d1f11511b
tömeg,1,kg,1,50e2ea12e05c87bdbb377c424ce354ed4766e869790bae6ec52c3180a638e738
darabszám,1,db,1,50e2ea12e05c87bdbb377c424ce354ed4766e869790bae6ec52c3180a638e738
tömeg,1,kg,1,fb4e4b938ddc26ff82f5110fb26e765ab221ecea8e939198e4c873b1a14c39f0
tömeg,0.45,kg,1,626fab4e154ed97937de2f4d20e047a8e3925acc9c69e4c088d2623399def486
tömeg,0.4,kg,1,ef7d21aafedb7a2f7b17b45a29a5fd8bbd3338efa1b49db3bc1823482582e8a1
tömeg,0.5,kg,1,f009ffa928dcc6f07a8de78c6ac02dd6583c8807c2f532216447eabaf165fed9
tömeg,0.27,kg,1,793fcd9ca88d6b28f3a3e4cb2bcb8c793ab9405fcd6721dd11bea6f8a3babd9d
tömeg,0.32,kg,1,b94e3f02f62cffdfc798ac172de7054514c4b23f3a9324ab66f33648dd9fba43
tömeg,0.325,kg,1,b94e3f02f62cffdfc798ac172de7054514c4b23f3a9324ab66f33648dd9fba43
űrtartalom,0.72,l,1,20e097ebebd397cf7487f6d7525809f16949bf6fd9a3469e62a691f38bfecbfe
űrtartalom,1,l,1,20e097ebebd397cf7487f6d7525809f16949bf6fd9a3469e62a691f38bfecbfe
tömeg,0.35,kg,3,11207af457d1d48bbb28c93349d4c0e23cede4efe05407c3ba73a0bcf2151cf4
tömeg,0.35,kg,1,11207af457d1d48bbb28c93349d4c0e23cede4efe05407c3ba73a0bcf2151cf4
tömeg,0.4,kg,1,82acfd5ac3d7885ecdc1d1ebe05021b3e68494b6b64321f25b2889d8381d4422
tömeg,0.44,kg,1,da4588998d691427a7ff857f42a29fbf2442ce36050d58736c55aef381187d29
tömeg,0.9,kg,1,16650d05033a945540b63f26339b1feb89401cf1b788a568e670acf5d87f42b1
tömeg,0.5,kg,1,dbb7befcf8a40aaa2d389ad8856fda1bd8aedb5247a91202dee5cc1078646ec4
tömeg,0.8,kg,1,bf42b8358b05bd4beb39d8adf549240a06aaefe52b5f24fdef96b3873cd308b7
tömeg,0.5,kg,1,2c01173c95f25c21928acc86dce5af41767a5718a26df365b76d4c946144eb1f
tömeg,0.1,kg,1,9582441da188f08954ef46ec22ee2f3407baf44cd13813fb772a47aceac11b63
tömeg,1,kg,1,9582441da188f08954ef46ec22ee2f3407baf44cd13813fb772a47aceac11b63
tömeg,0.2,kg,1,2a3b9bb82701e0333bc61f42e43cc1df211e553cea743fbc82bf566a8ce04079
tömeg,0.5,kg,1,73d62e1642daff598ec6a6da9067b390c06b70a33a7201ce6cf8b1af56a10791
tömeg,1,kg,1,73d62e1642daff598ec6a6da9067b390c06b70a33a7201ce6cf8b1af56a10791
tömeg,0.1,kg,1,d54ea2743907a5bb3a2a3cca64dd40e6e1b52cc2361b868e4f1a494b26c301fc
tömeg,0.125,kg,4,2c30c923a7bbfcef3f7726bd3e5f689f40fabefda04c12a7ca276106ceb4749b
tömeg,0.1,kg,1,9bbd2b985ec39b847e82609f7dc3406a76f9477cf7d5f5dcaae244c1b8e9cab1
tömeg,0.475,kg,1,f34d08c502342a1639c208b6c44291080e4bfa2c158266345c15f4865d1109e9
tömeg,1,kg,1,18b775fdc7e88b8709d3ac6a4a94d7e326e67e1f0fbb73ca90a01a40876f6b3f
tömeg,0.4,kg,1,06a702a10563c33376bcb8bac0a0b770ec9f721acf08e2e4f5f4938a9f4ed4d6
tömeg,0.21,kg,1,7f95599395ecec2f4bceae84cead22ba5fa037425e1a6b04c81b60d6e5651582
tömeg,0.24,kg,1,0671d1b41c2f9c7e854d5f1e49d59fc797a5760f64a451db819b75ab3fec75c5
tömeg,0.165,kg,1,7b480eaff417cce1cd5ef2c9f312b2ad22cd3905cdf781c750529dd485b93f4d
tömeg,0.1,kg,4,20d4e91f0c6c8fb523b860c40fe28f18da7ad6895259e01a3a5ab6ffc6bdd500
darabszám,2,db,1,20d4e91f0c6c8fb523b860c40fe28f18da7ad6895259e01a3a5ab6ffc6bdd500
tömeg,0.125,kg,4,7ef83d8811fcd88ff21190727843a3a8a8391029fff08781ab6fb6bc82a074aa
tömeg,0.5,kg,1,7b6439d7047794efbc2116a93619ff0eec76266bb2a404efd8eb85dcccefa92b
tömeg,0.4,kg,1,7bb773ead48275e9d1f69d89cba201171184363ebbe6b46fcb58c5d3383e985a
tömeg,0.5,kg,1,96ae753f473ac5ca4dba0bdec620d505387713454b7d8c3f4156bd8f044876df
tömeg,0.14,kg,1,4d28f97e9e6d19b7cfd663e04643e04996eb4cfbd7be9007a891ef72d0bb284e
tömeg,0.15,kg,1,c4442f35b1ed459465cdbc166cc40baa62993bc75b9602a5c36126dd8b639853
tömeg,0.2,kg,1,dddec27a599b36e3e0f12afd3852913c7eba9ddba523565db8c43ccabf12a5ae
tömeg,1,kg,1,dddec27a599b36e3e0f12afd3852913c7eba9ddba523565db8c43ccabf12a5ae
tömeg,0.14,kg,1,d77b4ce3555874acffa47b2fa195bc81c71542462626165ab537cbebf22a3823
tömeg,0.15,kg,1,04d38d4b6cb90dfdbdae8cf331aede172e195489b62fe4bbfa749e2b2dfde2b8
tömeg,0.125,kg,1,67e0608ac59c1a2bc53061f4482a627e6e4c8dad6669be8a2f461421b32b1350
tömeg,0.1,kg,1,4789bd447c001f37a19f1bfd2cb70d697966738683fca05042a94f12c721a58e
tömeg,0.25,kg,1,f48be1a66f98325a3e5429ab3bc09d0d87b8a4461dda1fd2bf76b76e047fc0c5
tömeg,0.19,kg,1,2db76fff77e0ddbfa1487da2ad7bcfec3e671b045fbcf96d6181e4de46e92ce9
tömeg,0.2,kg,1,6161997c6d0c1f77d11db772234f19b3deb9f73766d9e188f72fd06853084daf
tömeg,1,kg,1,6161997c6d0c1f77d11db772234f19b3deb9f73766d9e188f72fd06853084daf
tömeg,0.15,kg,1,f33b3ae2a4cf8b454b001c2b11c89502063523622129844bf1e09826da695764
tömeg,1,kg,1,f33b3ae2a4cf8b454b001c2b11c89502063523622129844bf1e09826da695764
tömeg,0.2,kg,1,68bec67b73ba39fd7e73f889d21487d3d9e5b70713377397d615ff5d7948c16e
tömeg,0.2,kg,1,a96e641e52e6a33905ea2d844a7d850f115d7ef16892d81aaf5a99bd54ac78e2
tömeg,0.4,kg,1,cd9149364c3abc73552067c3b8b620439e4b70d5863e2cd018fd34562bd4c738
űrtartalom,1,l,1,cc5b80f96a89ddade09347be5dff9cf7010e81b1686ae4854576e994312913d8
űrtartalom,1,l,1,8b7fd0fe5ac54db2070e97b273140ec06254d707e8654f79242396934d35d93f
űrtartalom,1,l,1,dc5f77eed5f06c984aa80658bd73fe8d6eb850787eb686075f0543e390c6d7c3
tömeg,0.15,kg,1,59b3a93d5e199a1ff8f5482897e1a9b961498370f9297deba1b1ad48399f3dc4
tömeg,0.19,kg,1,20694f4e05458b9f02b7e0066740e0a63130e786f795eb4212df3f07925b8464
tömeg,0.015,kg,2,869d79537c7d42ad0742e49eca34cbfa96bb92890b0bb024ef01f359b28bb907
tömeg,0.015,kg,1,869d79537c7d42ad0742e49eca34cbfa96bb92890b0bb024ef01f359b28bb907
tömeg,0.2,kg,1,337957d3d828f299807de36dba7bec43184695f44c1a9f0765787a26c62871e2
tömeg,0.051,kg,6,5484a453639c023576442c26211e7c9200012a6616bed846dad099efe70e1f26
tömeg,0.051,kg,1,5484a453639c023576442c26211e7c9200012a6616bed846dad099efe70e1f26
tömeg,0.2,kg,1,8edc4ddd95c2f3c732743a66058460c1d0a6f7ee10bf7c15b38eef972b84b123
tömeg,0.051,kg,1,db70f53cda38e2c31aac58bb1fb8365a0edba170f3eb8b6f4f230aa31484cd35
tömeg,0.33,kg,1,e43f9ff385e6bea7ceb63f2192375d3000269d2cd1e2b3fa938773db71e82fc1
űrtartalom,0.25,l,1,c32257ddf0502df5415e8fb853ff89186de269a65d7f9223dbbc6a1dba97f2d3
darabszám,10,db,1,ef9432fc88755063357f61fbbd274d712e38697efd9d44344042a353f9571965
tömeg,0.053,kg,1,ef9432fc88755063357f61fbbd274d712e38697efd9d44344042a353f9571965
tömeg,0.25,kg,1,3d43ded3217fd1e2c8dcf7ab5629b8227524dfa9f67731d36da9cae7bf385a9d
tömeg,1,kg,1,3d43ded3217fd1e2c8dcf7ab5629b8227524dfa9f67731d36da9cae7bf385a9d
tömeg,0.125,kg,1,fdb21e58ebca93e9b2bc41438a509a72f71c1a06e181d38b802a93a7ca7e9eb1
tömeg,1,kg,1,fdb21e58ebca93e9b2bc41438a509a72f71c1a06e181d38b802a93a7ca7e9eb1
tömeg,0.33,kg,1,f3b7951effec4f5419e3ed771dc6a0ffbbe1cac08020d521524d2870298dbd1e
tömeg,0.112,kg,1,012ad8f19b575ff4ced99f3a696c814932e34a7b8efb36f8065615d2b2b3ef4b
tömeg,0.03,kg,1,a9c1d6105b605b3f33ed4a450daf078087e94b195fd68a783aec6282836d7647
tömeg,0.1,kg,1,7b5058d8b5aff59a40b9a23d61f00a25271a4614efbfd962ca36e1cf42c4a3c1
tömeg,0.02,kg,1,e137455fea52d48cddbae17daeec9f9e5dbef039a3f064ef1124da1e195624d4
tömeg,0.09,kg,1,8d025c1cc068e38d1bc204a5a3bba2926f8bd59e06f93a4f3affeb53269b0d83
tömeg,0.4,kg,1,1daaeaa02fd86b6e0d32b8d26c0462496beae1d7f070515b4b5230ed3e67e9e0
tömeg,0.045,kg,1,1f90d191c74d5a016f450863d11eb2278ea880500f0330d312bc53d00095527e
tömeg,0.136,kg,1,288e73fe32f1878b324e70ff330cbb82e824945abf1580212fca7796dcca654d
tömeg,0.125,kg,1,2ba44c5c70033d9ccca2edbdae3b1b1dcdc2a66d7545e4ccdb3fb7d0e8c69bc8
tömeg,0.18,kg,1,157e1216a8efa1e1d6ed7c68ba2f5aa726e2f08866501e7414aa812b7d909ad1
tömeg,0.15,kg,1,e17c84db303f9203f7be6f29acc0827ec9e4edb56526354fc99eef2e0d0d5b9f
tömeg,0.216,kg,1,b4f16c77ba51893d67897bc46fb398b9f43c65ad66b4c40247667f3df8ccec42
tömeg,0.055,kg,1,7334b6f22377d51ec08ebb92fe3bcaf656520a552a61b9e33a63f5e8dc659532
tömeg,0.15,kg,1,4fb7278397d38980a3d5430bc29d596d47d3cb530721ddf0d1a15a5b80f56928
tömeg,0.8,kg,1,17e82fce0de4da1d0e4526fd7a1a7836d22909f2618bfc189ac22f7a0daeae20
tömeg,1,kg,1,17e82fce0de4da1d0e4526fd7a1a7836d22909f2618bfc189ac22f7a0daeae20
tömeg,0.13,kg,1,1abdd878d6947686b396a8fdacbf710bec8f9c87efeae2a78538328a880c1feb
tömeg,0.12,kg,1,0efc356e59e767f64953903f549d4eac545d868614b81c3fe35890a2c8e8daf3
tömeg,0.176,kg,1,39149fdeb266dbeb93ed52f247180453c65b1feabd854bfc5a8aeff5c7ec4572
tömeg,0.175,kg,1,de1b69edc9f3b61bba7c5d343f95e61597d0cb49d97cf361352a04eaf870163c
tömeg,0.25,kg,1,50f4e11d8ef96a9e019d829aa7db715d85b6099951941ad3636da5da9548de2c
tömeg,0.185,kg,1,9dcd799abf948e4bdb578089abd53ebacf74e308be330c9ce5a6826146344af1
tömeg,0.12,kg,1,03378981c428a6fa2176d2a007dcad0229710dfa559d3926af7eeb8834931d1e
tömeg,0.11,kg,1,26471bfedd031bfea01e8ccc1a59b80343a8f519dfa7b89255c61a793b0e8fbf
tömeg,0.23,kg,1,3e42d1c8180dde49a89bbad10e7089926da8b303efb1e085e48520f5fcb1bae0
tömeg,0.196,kg,1,5692a9cb9c16c1cfa06143922f20f82265b01c9ed2f56296eccf2fa97c06b088
tömeg,0.172,kg,1,680973e13794f3763c7b62becfbbe0d12c18c148ae53ed4688caaaf4c9130d82
tömeg,0.1,kg,1,a79117071265d8b480b73e44f3964acbe7abd769fbf8c274c8833b2d15aa339e
tömeg,0.13,kg,1,c97cee74be90747c8bdb9835bf2b7c8f6f71aafbc9d0978aadac9bbbeb0a83bd
tömeg,0.11,kg,1,4ec8c97550cb3ed2dfd2d2b47d525121967a3fee9ca43218f0d50a42927b35ad
tömeg,0.2,kg,1,ee577a2768cb62989e461f6629096c73c66e2bdb967911d43957e9a8de469ba7
tömeg,0.196,kg,1,73a6e46b00b0670ce477bb67e2678d26990fadef485d9529422bac8be6477e39
tömeg,0.235,kg,1,3429da749b9737db1a00bbc219bb7b79ec9a2b54a3fd2b463af8502b86f20692
tömeg,0.2,kg,1,d0013b4c18b0e14567503f6b3553ebd74d6c713683c3f65e1ac98e176558ff85
tömeg,0.23,kg,1,cc060d1ceb67e92c51a7be256a61167c776b36108a082067ce6390d0d35de849
tömeg,0.07,kg,1,3fda4990e3d6a7a7ee65bee48d01395eceb8df06c4d5ed150f47dc73a6b63362
tömeg,0.07,kg,1,388b0e1e4d7361d7fd2797ac7c5189a496662a613cc882cfa7fdc10121df2257
tömeg,0.2,kg,1,26d701a255effae5d814a2b28c9ce24230b1ee32b17ab1e875c088283a6a24a3
tömeg,0.1,kg,1,2ee64b87eb353cfed0264be7022c09e213ee70cbb9e4e5c835a7bea1f839bdda
tömeg,0.1,kg,1,ad79d4cceda5f75e1a4f3db5d69f2e23fb214417d4c64e7e7a7efae9ba8757ca
tömeg,0.125,kg,8,c01608f0961d7f7b6cd7fc36134af0162e3c144ebd185e2f63a3203b3185f9c5
tömeg,0.125,kg,1,c01608f0961d7f7b6cd7fc36134af0162e3c144ebd185e2f63a3203b3185f9c5
tömeg,1,kg,1,00e45b00556fe7d28f6dec929097de3ab8e85741402a9b63d79195cee89d6049
tömeg,1,kg,1,46eec2ff7b78944789453dd60bda6ed9a8cf08e3e4e278c12695230359cc1e2e
tömeg,0.5,kg,1,e06f29ebdb482e6314f7c55dc8a50946c064214b2fda1554c88e5e98b6998c5a
tömeg,0.055,kg,1,33e9a77210d11049c36f760eb648f6263d44c3127b7f8a0e27503bd6930e22fe
tömeg,0.07,kg,1,df29e7ca725cf102b1d5820500f7c77a35e7b27d9b102dba79254de5417f13f1
tömeg,0.05,kg,1,f1043d67f55d9c47ec31b9f13d3af0ee6fab75904d165f1e4eb85e2e8cbc619f
tömeg,0.2,kg,1,7312cf111f28aa993be01a4b663508f1e25395ce441d92afe33e83c2af89c2d4
tömeg,0.45,kg,1,9574ebb1befa7a51fead6ec39305483212d72b42603d1e1a4c7a5c2c2b79f4f5
tömeg,1,kg,1,463d002f9106635612c970b4a96c8716ff0ff9a59d5ec31490548d6beb26c00c
tömeg,0.12,kg,1,3e02fcf94eda9a57fed16d4b3264711f299070c560d37c5f4b94f7c81f45791f
tömeg,0.48,kg,1,589e4dac225bb14c58d7cef2fcf34e1d21055d4d195fea99f04c4d39d73cfa16
tömeg,0.82,kg,1,589e4dac225bb14c58d7cef2fcf34e1d21055d4d195fea99f04c4d39d73cfa16
tömeg,1,kg,1,389cbe461c9ec126f7821d73993b907d51bc2c7a5d2a8a4b9cd3d482a7ef879e
tömeg,0.43,kg,1,4fac4f55679a2f342481fe2fcc7c91f7aca8875dc3c81e87f4732fd19005a3c2
tömeg,0.1,kg,1,1fef1b16338ad435890ffbaded6f724440739e11db833e791807c81a0d9376bc
tömeg,0.052,kg,3,e77a4ea2d2eabc6cde54b74ccec412d8f241e0a59f0441d7d29b07368b5347ca
tömeg,0.08,kg,3,29156bfbdcc7cc2cb0b1371804a31dfbdb5c01043eaa5f41db527e2dda8f36e9
tömeg,0.08,kg,4,41a1366806d7a0ba91e7b1bbdfeb6c2ab311c04626fc928214b48dd48ae413d3
tömeg,0.052,kg,4,41a1366806d7a0ba91e7b1bbdfeb6c2ab311c04626fc928214b48dd48ae413d3
darabszám,1,db,1,41a1366806d7a0ba91e7b1bbdfeb6c2ab311c04626fc928214b48dd48ae413d3
tömeg,0.07,kg,1,b7d0ec53cd393ef1df88c2315917099bbfc202dff428d4d74ed0ff42dbb55902
tömeg,1,kg,1,b7d0ec53cd393ef1df88c2315917099bbfc202dff428d4d74ed0ff42dbb55902
tömeg,0.13,kg,1,523f4ec8d836207b4ee9d920e815f9b2676d14fdada9a12f627a657d9fb9cb70
tömeg,0.285,kg,1,a0d2482f92f4b52156d843ba627f970364a16f54deb54ce6bff924c3b4bbda29
tömeg,0.13,kg,1,09ca6c1837ae258ccc6c4bfa0d04e7dea62955f79317950ad68f1d0965ead045
űrtartalom,0.5,l,1,65bf5e592621e2a9ad297f90d707bf4631216b4a230ecd95b8e896c71f401a4e
űrtartalom,0.5,l,1,5285de1d19f69cfb91926b50448c470a9b96f5c03d37c01671fb9273e16ec55c
tömeg,0.08,kg,1,5cdfc5a57a680c65e8e32b35197cd5398a0c01dc73e191ef93681ff8b23bfce1
tömeg,0.07,kg,1,7b6acc2071e3e8f0a115f410d9f0c717ad2dbe6827b3eee0b7858fc51425f8d1
tömeg,0.1,kg,3,7a8441d066da7275e743bc8ae503f66a833f15f17641bf25c9f4b5c015ad832b
tömeg,0.1,kg,1,7a8441d066da7275e743bc8ae503f66a833f15f17641bf25c9f4b5c015ad832b
tömeg,0.2,kg,1,df21acc10bff6daa01828f66672e171ac860d56610d6d340f2b14c9587b0064c
tömeg,0.13,kg,1,9da3ae180ce3d730b2069d27e7f5b40abe71b54658b130dfa3a54915e4953777
tömeg,0.05,kg,1,887215f1761a176db4aae7d5053ed34eef545299af7049a5ebd9add4061782ef
tömeg,1,kg,1,887215f1761a176db4aae7d5053ed34eef545299af7049a5ebd9add4061782ef
tömeg,0.05,kg,1,a6c7e499d831cc4adef6d1f97117db8c029c4fbd65e8e814415a1e0df2ae4249
tömeg,0.15,kg,1,d89a42d6e9a3d2e70b23705c108411275a7b1c1b0169983b22e97b17d487ed8b
tömeg,1,kg,1,d89a42d6e9a3d2e70b23705c108411275a7b1c1b0169983b22e97b17d487ed8b
tömeg,0.06,kg,1,98a11197d11074f50c1f7a959bea08e90f4695640ce480dca3c4b36507c91cbd
tömeg,1,kg,1,98a11197d11074f50c1f7a959bea08e90f4695640ce480dca3c4b36507c91cbd
tömeg,0.06,kg,1,8543d5b601f081195254d96359ce42204d3dcb520b83ce6ebdd9d961e2882c56
tömeg,0.3,kg,1,a4d95167bc7a119211ef4623d5c382b7c5b0375af1f507b567d25b1f27049719
tömeg,0.2,kg,1,a63011400a2851cf26a8f8934b8ad2b1e1812ed3acc299ca5af1d4cc573f3047
darabszám,1,db,1,a63011400a2851cf26a8f8934b8ad2b1e1812ed3acc299ca5af1d4cc573f3047
tömeg,0.2,kg,1,67f120626a9ed6679228f4357b4c2205f84075d5b21fe7bc3c96c993f3c5b9fb
tömeg,0.092,kg,1,8f01bc9b3b786ea8eeafda17b32cc8277f22d48a93b48323e3ad1af8b18823d6
tömeg,0.022,kg,1,f3a818dad7191a4699c939b8e5c7e62ef787a37805dee01e77745f6fc694988d
tömeg,0.0592,kg,1,daf7cb85f64e230cccd5609c27210ecb47f8b24238be2447c13ef8af2eab436e
darabszám,3,db,1,daf7cb85f64e230cccd5609c27210ecb47f8b24238be2447c13ef8af2eab436e
tömeg,0.07,kg,1,c6b8636bb6f28615fd74e60959f5039d9c0df34ba371f67e3857d584bb29cd00
tömeg,1,kg,1,c6b8636bb6f28615fd74e60959f5039d9c0df34ba371f67e3857d584bb29cd00
tömeg,1,kg,1,5d09482ea6ac67bb9f0b5ad0834bc0227257f845323254c64ed2167115bf31e9
tömeg,0.14,kg,1,28d070377e28aa403db4c0d216044270ad8d9b4ab1fbe6859e4a2e4ab5e0bb52
tömeg,0.395,kg,1,06277ae09394675fdecf5add3fcb6bddd196852a0267235d5937f66085abdfcd
tömeg,0.4,kg,1,06277ae09394675fdecf5add3fcb6bddd196852a0267235d5937f66085abdfcd
tömeg,0.44,kg,1,06277ae09394675fdecf5add3fcb6bddd196852a0267235d5937f66085abdfcd
tömeg,0.44,kg,1,9811e2d99103a014753743be08d5fe13c6856e528d8dd02df11e0609156567a2
tömeg,0.16,kg,1,0abd13e431cc3c0a14587e5f3eeb072d96af75a56f1357ff4aff9b7744b87e4b
tömeg,0.47,kg,1,f57b16ff53fdf4235f15bb607eeec150bf5ed82ababbcfe0d89c3444f8ef2348
tömeg,0.46,kg,1,f57b16ff53fdf4235f15bb607eeec150bf5ed82ababbcfe0d89c3444f8ef2348
tömeg,0.57,kg,1,45397ea73a872a649b37454246de0e48ae0467dbf7d990c6d0b9137bc123bf58
tömeg,0.395,kg,1,ec19a131891704a639802c2356e15a15ca0eae22e57511cee942651d5a0f4ff9
tömeg,0.42,kg,1,ec19a131891704a639802c2356e15a15ca0eae22e57511cee942651d5a0f4ff9
tömeg,0.4,kg,1,3811f45c37166e7040e061f4f74794c2d88f5751e38e67ee1f5bfdfa81ff2033
tömeg,0.4,kg,1,c2a1574e52c41c5d10e33c9dc84823f700fe574b2fb74a03631130ea4080083b
tömeg,0.22,kg,1,1bf607ca0db3795e89065038ad09406845eaf3fd2731a60a4198fc629ce4ef70
tömeg,0.21,kg,1,1bf607ca0db3795e89065038ad09406845eaf3fd2731a60a4198fc629ce4ef70
tömeg,0.2,kg,1,1bf607ca0db3795e89065038ad09406845eaf3fd2731a60a4198fc629ce4ef70
tömeg,0.5,kg,1,e113a856bccd619c676cb9bce2b06cb096577185932d767aacec07ae4c7abc58
tömeg,0.1,kg,1,6e8db55ed8393259967e39554fa1a67ffa37f4b3b2a76e917c8022083300b402
tömeg,0.35,kg,1,efffb3b3d411dc42de41dbbdbf15721c93c3711710859e67150e66cadfd9691d
tömeg,0.4,kg,1,91c511f3a87a47b87d21dfbe4f34bb4c13807a27547d67b6341f87ae53ddcd8b
tömeg,0.25,kg,1,1de30431d63e55226103da52c7ddd5ab2208f2417f59278632ec201556fd9acc
tömeg,1,kg,1,1de30431d63e55226103da52c7ddd5ab2208f2417f59278632ec201556fd9acc
tömeg,0.5,kg,1,72b511b0bbf4a1af6cf84813fbeb3feea0aa64a59bc15ee070cb11b6aa8e1e87
darabszám,1,db,1,fe92062b151b2bd14d4476f28904a667a7141375c043ff8a3f801cc6a8b15276
tömeg,0.405,kg,1,0e7a9a7d0003d38ade65b73a0fed0a1d763b217078a736f2ca1ef8895afb1ee5
tömeg,0.088,kg,1,596907e160a70fd35d895ece16c4c32be04545ed9febae6f0d98ac2725c948a8
tömeg,0.25,kg,1,4a0f26a0b4ecd69650cfb54cf0269dbb96e82613ad6e06aa65db880f8c71a70b
tömeg,0.3,kg,1,5dd4b95769e08ce2b75b3da935a6da1d3e84ea06a6d59c172f657f9cf9d41463
tömeg,0.25,kg,1,a25be496316d705cf25199de78c4905823e4efe9ea6d4fb09d4b0f593a20fc6a
tömeg,0.05,kg,1,caa7c588ad9fe602d5a3b80b1de4d1b3ee3eca9671d34841df88491a30cef8a6
tömeg,0.1,kg,1,b438f4be44ff610f957a1f4cbaa8e493b17c84d9a8c5bd1751510d542fcdaaa1
tömeg,0.085,kg,1,21061697694773e15fd6d789d2ce2754aed5ede8513277e5fa20c3534795fcf0
tömeg,0.09,kg,1,0d962e9acee334da0d16a8479d42e814edaaf7200e20d07fc0ca933697c08211
tömeg,1,kg,1,0d962e9acee334da0d16a8479d42e814edaaf7200e20d07fc0ca933697c08211
tömeg,0.108,kg,1,077002b6b201ac7806b3a3949266ee8cc7ef6f518792c2e0f92283d583680774
tömeg,0.085,kg,1,b11cc7dd60c21f10747190a8a97703e5f3020f63455e6119fb7a6c38f4982728
tömeg,1,kg,1,b11cc7dd60c21f10747190a8a97703e5f3020f63455e6119fb7a6c38f4982728
tömeg,0.06,kg,1,21875ce9fafc945a65cdd96e1eea9ef07f1395b44a87a4eefbadf8ffffccadb0
tömeg,0.12,kg,1,38ebe49f0fd61a1b8f51d9b17e79916f32eff7e26d10614070ce47d79523940f
tömeg,0.037,kg,5,37892a006dac630578b8b296e96105c6ad6aca671ba4f55424bd83b9337e01f6
tömeg,0.4,kg,1,a79801ecd76e16a707687539ced01fcf72b131f99688668fef08ba8b9bf7fdcb
tömeg,0.25,kg,1,a464f86f6e1ca09abefbf41a448bb89758f14dd4e769641159bdfd2b6e5cc63c
tömeg,0.15,kg,1,a464f86f6e1ca09abefbf41a448bb89758f14dd4e769641159bdfd2b6e5cc63c
tömeg,0.4,kg,1,748fc312037811328fa605ccf839da4162c7a0e2f6f9d16dcb3b1f706700c094
tömeg,0.5,kg,1,d4c7bec3ec1e4717a633bea384a7913c3365c2bba5ae2c05fc530ad50205b4ed
tömeg,0.27,kg,1,4f802f3778a4bc40680d053fbdb0e1d9557f7c0d2a6d10a3b0902234b3d396a4
tömeg,0.32,kg,1,b15acfbc42b6f548f2fd0269eee7b9b663227c028474ede184239316134c398e
tömeg,0.325,kg,1,b15acfbc42b6f548f2fd0269eee7b9b663227c028474ede184239316134c398e
tömeg,0.35,kg,3,a3926d8eab8ddb1d9e996bca456cce0815c5174c4b9400fb3ce90a412f85f647
tömeg,0.35,kg,1,a3926d8eab8ddb1d9e996bca456cce0815c5174c4b9400fb3ce90a412f85f647
tömeg,0.2,kg,2,91817ab5e67f69842eff50d86e402cb9baeea2359087cdf38934a46f96f472f9
tömeg,0.3,kg,1,b9547c2780b76a1c1dc864c6f68ef8f9a2c5404e843d86532b1367e35ff30fc0
tömeg,0.1,kg,1,345f2ba0873221926c9d157695762a6d27eae5eb749cdaca9940305308117aa4
tömeg,0.23,kg,1,8f5d027b69547c9a8f4d7f25c4838e1ad4fa533519db402323f510008d2cbc35
tömeg,0.2,kg,1,8f5d027b69547c9a8f4d7f25c4838e1ad4fa533519db402323f510008d2cbc35
tömeg,0.1,kg,1,b7ec6dc48def13e5095dc99d5b53e3342f86e5300da265dcdc9d032c76e3d914
tömeg,0.4,kg,1,f5a5ea17c229330b9a9e6c1ed4b942aa3271818901d4a91c651ffb4e7c35acfd
tömeg,0.08,kg,1,8706206cb4a2a6e14c19720ec4e665ec54cf506745bce26665bfce91ad9dc552
tömeg,0.3,kg,1,3bec7a28e6fceecbfd589633c877c79de080814b424f8ca2b83cf46eb3daee68
tömeg,0.1,kg,1,2f13cc170ab72a8ef3db435500c0da9519c2b8aae04bb32b1b9c1ef98940fcb1
tömeg,0.14,kg,1,f0f4ab41ced52ecf1f3f7af9b1ad75c86c73aa44bff33eff23b483e050df68d4
tömeg,0.125,kg,1,b15c07e533f8eb47d546817fe9ca60003192ecf266c45f541ceb6e08b5692eb3
tömeg,0.12,kg,1,d8300875bc7b48c2de0e4f5b86e4c91ab51f9878a72b3116c699ad55089b1d25
tömeg,0.4,kg,1,07364413e117874e08ecb15f2f3c7361479771c17190c8940c44098ce4985f7b
tömeg,0.055,kg,1,fb332f0ad8eadff98306e45d6ca187367b679c467db6d1757a0f6697d9677099
tömeg,0.2,kg,1,6d05c08160ecfb3d1fe282490fb5886a7b0d48fecba2249f7f9ff4ec9e8f0871
tömeg,0.35,kg,1,3789afbd08aed5ccb87383ca19afcf7eb0c05659febcd51f33f91a5bbd2993da
tömeg,0.1,kg,1,bac253664c8a01721ebe6091ad1b04b5468f1ab67882af9a90ce8525980f2d64
tömeg,1,kg,1,bac253664c8a01721ebe6091ad1b04b5468f1ab67882af9a90ce8525980f2d64
tömeg,0.07,kg,1,173cb663014fb87c5721a8a4ecf5ae36d0e0286b5601441782f748d2b2e5856f
tömeg,0.3,kg,1,7d91ab2fa6a1b20dc6547dca4327d026a3411aa302cd5e11a283d01346c1bf36
tömeg,0.1,kg,1,09c576eee68458434f1a648c625029480389fc1b5a373b0f518c45d4902c8842
darabszám,1,db,1,09c576eee68458434f1a648c625029480389fc1b5a373b0f518c45d4902c8842
tömeg,0.1,kg,1,228d1cef4722c7a2295d6126ea9a6e118afe439d5cda0f11768a51abb9bc7dad
tömeg,0.08,kg,1,109820a4e539ee0148807e11b3d07ec7d855467219cc05410b32da2fc4eb8809
tömeg,0.09,kg,1,71646e1a2717bac3676f9d0562a6a9e010500bfef99882b08b3c6de60f2a72b8
tömeg,0.08,kg,1,2e49ae0e7ca9758104129302df5e7b6e4d76e9f0df04fd702f7d3fd4e5050f6b
tömeg,0.1,kg,1,7ead8ff84bbe95baa26fd668c542c8cb8aa4b7a6354418de06411019cdf4c899
tömeg,0.18,kg,1,c5e4f5025a1240177a1a0c59e6ac61b4c562b52d83bfc9800e53c789acf52ded
tömeg,1,kg,1,c5e4f5025a1240177a1a0c59e6ac61b4c562b52d83bfc9800e53c789acf52ded
tömeg,0.3,kg,1,a1dba1379d102199c02345275f511f44433ce17930134cf55ef871256326ae55
tömeg,0.25,kg,1,55bb8f10ddb54e3ac2c5325c34a9a7293ff773b376e34108f274e7f5022e5266
tömeg,0.2,kg,2,cb3d7dbee15829b879d5789ccf5d735fe6c8dd060b3ef0d4fd1c283c582f1ea7
tömeg,0.3,kg,1,525b2a0657d5400d69bd9ed7d86f1db24fbdb45ed0ded133e9ebeab15a73eb25
tömeg,0.4,kg,1,89a8aaf9a6aad8b28e02379d65bbda74cc962f5615fd909a59acdaaeeb58ccd4
tömeg,0.8,kg,1,eeef76bbe13b6a7012e0157c0cb2225b7ec3970c1ad6a6d4c2064f90ef903efa
tömeg,0.19,kg,1,a6d9d5d6da14c8bd9f4b41e51685b1977a04d81cbabd1e824acfaaf46dde3ef9
tömeg,0.25,kg,1,c9a5e9e5fad2aac1a7e4d10b7bba16e72b44cc86fcfd2f99efc72dff090cb464
tömeg,0.2,kg,1,fb35be775641b4e9b325e848b90b3043a786bb7f7790c8a83f822b0eb386f79a
tömeg,0.2,kg,2,991a7b1cb33f6d3c39f84ee46ea3ebf004df6cdc7dbd8c9f49888fc13433690d
tömeg,0.33,kg,1,03e6915394855c8d5325d414e0f4a3a1b479c9ad725438504f8379ef20f78e63
tömeg,1,kg,1,2817a78510914bb0515a976b32ffa5e86756b20683a2efb4e8ba097e515acffb
tömeg,0.5,kg,1,a330a259639da5ad4b7c67b39ac4398c26f0d890121f6a7796065b0315b916e6
tömeg,0.2,kg,1,c2554e4f5b11b49b7e9834709117b775251f70b263771d5d238f07c0e2c7b7a4
darabszám,1,db,1,d3fc96c0acaf885605d0bb66c40627ae3a8a0034c90f9aa1c165bfcd56fa35e4
űrtartalom,0.7,l,1,55cc6d10fcd912eb1864885ffbe9a36bc0120e7ef2d1cb7bf48b279f66828171
űrtartalom,1.5,l,1,779a9437b5ca9e77836116fc4b97bd67eba8e0146b80568ec4a087938f6d1b13
űrtartalom,1,l,1,a1209fea24b9abed87b5f006de4eb0a5e81254986f42fb50915e17d2d2df7f5b
űrtartalom,1,l,1,a8018fc50023fac924427f3697331c7328dde0fba551ee4cf60aab45dd2fc5c5
űrtartalom,1,l,1,1338bfb88ec0c229b673f4c91c4984b29b15c668649fbe8a8d24e55f9a710c65
űrtartalom,0.25,l,1,8e05c12b71240a7f9f6768cb614321e6af15ac4185b813900b98f1b73db71a9e
űrtartalom,1,l,1,8e05c12b71240a7f9f6768cb614321e6af15ac4185b813900b98f1b73db71a9e
tömeg,0.002,kg,20,c289c8a38981da88e3dd9d7c02977b192389c3d5998f3b73fce78f94de993eec
tömeg,0.075,kg,1,9c772ce24e9b89f5961528cf09d15742b831d1f376a13d3014f7494c68fa1d7c
tömeg,0.1,kg,1,9c772ce24e9b89f5961528cf09d15742b831d1f376a13d3014f7494c68fa1d7c
űrtartalom,1.5,l,1,f6234a4edc6eb954d42587d07211ec33f5b387ff5f418275a73b0c365d718b31
űrtartalom,2,l,1,bb99c616ce7db4b43cb4b86c2a6d4ddb4d350c741efc7018e3d7d680e4cb16b2
űrtartalom,1.75,l,1,e9127843c7774d0f8d84a0796d01e6cd50fba9141dfc58ce4325019b55cd52e9
űrtartalom,1.5,l,1,059bfdbab4840bf38b250479b60ef624aac7807b6a647a2f08be29f582345311
űrtartalom,2.5,l,1,134bac73f7b9d2346ec9336c58068fb42a4a404bb57033ed1a0beac3aa3cbfad
űrtartalom,2.5,l,1,f3e411a5d5910b19d6ab6f7dfbcbae060f3b1b874e89d945997abd457dcbc01f
darabszám,1,db,1,f3e411a5d5910b19d6ab6f7dfbcbae060f3b1b874e89d945997abd457dcbc01f
darabszám,2,db,1,f3e411a5d5910b19d6ab6f7dfbcbae060f3b1b874e89d945997abd457dcbc01f
űrtartalom,2.25,l,1,439a80d0e8e1b0fff1d09b01a123a1822d71dd4dd24f0595ad1d092073837cce
darabszám,2,db,1,439a80d0e8e1b0fff1d09b01a123a1822d71dd4dd24f0595ad1d092073837cce
űrtartalom,0.5,l,1,f1fb87c6411a59b9f63a906ba0636dd75b29d5271b13638007c4651a62e87a38
űrtartalom,1,l,1,f1fb87c6411a59b9f63a906ba0636dd75b29d5271b13638007c4651a62e87a38
űrtartalom,1.5,l,1,c30b4d74826003f7f425e600a5f93fa9678ff16959fcee874c4e7183cf6a030d
űrtartalom,1.5,l,1,d222cc5b2b6208020fb3a917c0c83a1727d8d7341d4a5ec1fc6c9fad9ae4458c
űrtartalom,1.5,l,1,c47d65005d90407b175c7cbe8d7e5258fc5e95225546e2cad7231cfca77febe7
darabszám,1,db,1,c47d65005d90407b175c7cbe8d7e5258fc5e95225546e2cad7231cfca77febe7
darabszám,2,db,1,c47d65005d90407b175c7cbe8d7e5258fc5e95225546e2cad7231cfca77febe7
űrtartalom,0.5,l,1,ec7245efd439f311a567b2c4f9b85030a4767096864e11bb917fef33b7fc40c0
űrtartalom,0.25,l,1,e40393ec68e6c1c6a92ceb0d7de019a55a584c2e163d76b33b63b374c3af91d3
tömeg,0.2,kg,1,999d6a769149146a1e4245454a3562f60a715ab0d780c05ac3aba08ec8cf4c5c
tömeg,0.0165,kg,30,37617f033df1c26e72eb9a15e7e4d5718ac5847ef353896c592e94374ce60e37
tömeg,0.044,kg,1,bcba5c9f6f1aef63e174e36ada4e2ffb23b9e7384aad151a519237e61187aeee
tömeg,0.25,kg,1,09358515cd932b608e25440fed052848c428b1b667405cd00ac0eee92ebd13d3
tömeg,1,kg,1,1dbb05b7fe5556ac6f0add5a563ee802d3dfd27e4cea458a5a973ccddc8c11f6
tömeg,0.1,kg,1,142c0ca033c77878e888ed8e81a1e3b00a05dd40fd7e8930b6e17e9d797079f7
tömeg,0.2,kg,1,6bc04efeac656e7941b84b48880c07e3d11cf047abf61ce0b997b6f7d8fc8d13
darabszám,1,db,1,9294a1ad56c79ef2c84cdca129ab823571e8afd20af20d5af58322cce1a00464
darabszám,30,db,1,9294a1ad56c79ef2c84cdca129ab823571e8afd20af20d5af58322cce1a00464
tömeg,0.0165,kg,24,078882467cf9312331c2fddfed4eacd9aa951c54c52aef2765005be0ab601487
tömeg,0.0165,kg,1,078882467cf9312331c2fddfed4eacd9aa951c54c52aef2765005be0ab601487
űrtartalom,0.25,l,1,b4ae2dfe5234ebd608e16fe591c3c344ca5c271e6dd3c63dae5b930249da7302
tömeg,0.25,kg,1,e9ffac0a9135b7ffbb00e9fc8ace1696f13e488a54da9b272a46813884a426cf
darabszám,10,db,1,c4b5c199a2fb5d90d54fbab7663c29208f3591150362bf5f81dd12a5f0692d68
tömeg,1,kg,1,f3c8fa82c0772b0932b982b466c7f3be9be5f32f4559c90faa85795bd4a29325
tömeg,0.5,kg,1,e9ed6f3f8b2a96b241c7bb94d3441b0902158b9b243a7abc10b15bcd5cb20596
tömeg,1,kg,1,e64eb2ea8ced3b3a696e77cde3cf834f3bdf95d592919f4388db2b22e6455681
űrtartalom,1,l,1,ceeb7c219f404f202f65229e27e04fcc102c06dc5ec8482b9563549747ee3488
űrtartalom,1,l,4,ca6600fd386c8987c796fc0c5e529f737f5c3d0b3e92e85fe5bf6930d08f0a70
űrtartalom,1.5,l,1,2eca247f4d8c50bbf98e2c19562e266f68b8e22b1c156e19eb949d1653bd3739
űrtartalom,1.5,l,1,9fc727fd9f9069494fa952a59a6e1f432d4360e32f0d5489007e43e6cbdda20e
űrtartalom,1,l,1,40407050c3d1aa5083b96e521cfef3e10725c6765f7a5b0eafa1220c8ab27118
űrtartalom,1.5,l,1,41100e391c8c9eb79159629655fb785ba38fc0f8ed77b4695975de6cc9f14a25
darabszám,1,db,1,41100e391c8c9eb79159629655fb785ba38fc0f8ed77b4695975de6cc9f14a25
darabszám,6,db,1,41100e391c8c9eb79159629655fb785ba38fc0f8ed77b4695975de6cc9f14a25
űrtartalom,1,l,1,b840a70b19cf7ba19e1e3e91f2cd8ef4068d9b94b8ea76382ebc84943f4bc448
űrtartalom,1.5,l,1,cea9ca2cd697d79a6ef9fbc50d41adca698fc0b747c466c0f6c82219fc379019
darabszám,6,db,1,cea9ca2cd697d79a6ef9fbc50d41adca698fc0b747c466c0f6c82219fc379019
űrtartalom,0.75,l,1,c4e9759870960e3719c1750aa0a655b964543e15a58d0f47e858505281bac564
űrtartalom,0.75,l,1,bb4480252f0d5b191318facddd25227dbdce2ce59a7dbf93c419b769cd2318f4
űrtartalom,0.75,l,1,b16bc1a78d235d122abbdce9cc7a14885b1a489e15f642e8c0f57f49331dbbb2
űrtartalom,0.5,l,1,84c67e23882fb981cfcbea9b636f43dc31a6a944a34660dd2156107eb51c28bb
űrtartalom,0.75,l,1,6971a57fff26923a677165d482c34005d328d32b1914547c1ace875f5699b2fc
űrtartalom,0.75,l,1,e013faf23266d79bb1c73f32badcad1cf0d16f78dd500564f6011eeec6e54d8a
űrtartalom,0.75,l,1,7bbd394e49d15c9d43a7bcd8fa751cfc9e663538f6d1fdf00f0fca50a7b3dc27
űrtartalom,0.75,l,1,8c810bfbc828e7190ec8c715ef6a9cdc5228b440bb9189612a5791d1d06bfb5e
űrtartalom,0.75,l,1,330854e771b1a03f480215a8dc1e3269fd52d22a06e6d282fbde2e8ea0d3a675
űrtartalom,0.75,l,1,596a3112815acb4a36a81b2241bc0842042403719cb8c0f9ee8d14e118e65f5b
űrtartalom,0.75,l,1,8e87318e579d697c6335b9deb5454e276dc5243a8fb2cb7d976b62aa3be88d1b
űrtartalom,0.75,l,1,712d2776ca2a0955d2946d1cf19d45b570a8e6f48c69722119adca9d903e3f21
űrtartalom,0.75,l,1,71c58e7ad2277f2c32bf9d646699526ac257b0ae1ecaf86c654489b34fed3684
űrtartalom,0.75,l,1,f8994bed57d453460a13cd9d7e6a36347d4c2795ac66e27dc885c0290c039db5
űrtartalom,0.75,l,1,cfc1b0ba1870e0d24513931f44897a1fe3d118a19db05193923af1e0ffa153ce
űrtartalom,0.75,l,1,403a1c2b83a07fcb26a16b6c6024330a8466bbf355fa2933356bc093eba8726e
űrtartalom,0.33,l,1,87964ea3654eba8ee7401006dfc13b57db64fed5117dfcc361cea999aaf52d44
űrtartalom,0.5,l,1,91222abd6b8b7b35ed41c50e97b5ffa4804afb1e1db320e750bd69b3d981f087
űrtartalom,0.5,l,6,4d73ff823014c1ed18af390a0687b41771c949cfc50cb1480b55d696ae22a411
űrtartalom,0.5,l,1,4d73ff823014c1ed18af390a0687b41771c949cfc50cb1480b55d696ae22a411
űrtartalom,0.5,l,6,d91c9fd2e8e8f9077073f3f00a81fc08103d3c782e8ad8ac6546abc5ee22cbcb
űrtartalom,0.5,l,1,d91c9fd2e8e8f9077073f3f00a81fc08103d3c782e8ad8ac6546abc5ee22cbcb
űrtartalom,0.5,l,1,af020404752c2ec4ddbf97ad52079146b10e1d2160c2dd042b33f71ab65627fc
űrtartalom,0.5,l,1,f3d65acb377dc40cd7bc618524301341c1e0d3a374d8c7a7d72e7653964b60cf
űrtartalom,1,l,1,f3d65acb377dc40cd7bc618524301341c1e0d3a374d8c7a7d72e7653964b60cf
űrtartalom,0.5,l,1,18fc43ea32cd101bcfdf2e8102b10df80028fc71623e3da62aa098c6c2fd0b5c
űrtartalom,0.5,l,1,56991382f0fe9b14b60acc8893c6f32c1e9145e8f95bb63b5c6a1eacde48b87b
űrtartalom,0.5,l,1,21fef65504239966d1e16f73e7bfb6c1cf919b171d287cab3133f3be200023b7
űrtartalom,0.5,l,4,749a5bdd821c6537b8e2e6ec44868ec21227736e5c4e4f9f265b3735cc5ca006
űrtartalom,0.5,l,6,0759adc9bb11a2445e4f1a44a34124b355b8ff9b825e6bf6968edc331fb42dd9
űrtartalom,0.5,l,1,abb673f0a4399f2b0e3dd247b56a87211cdaf728dac006a532400186373c6f5e
űrtartalom,1,l,1,abb673f0a4399f2b0e3dd247b56a87211cdaf728dac006a532400186373c6f5e
űrtartalom,0.33,l,1,1db81b06bdebd11061cfe8702f7b9505b8891f6244df6faa9822c57dc87fe363
űrtartalom,0.5,l,1,01057df8219381955057e2fd9224c7de336be9e30bace9dd0a7fb49dd8bfa3f3
űrtartalom,0.5,l,1,ed19cc322d09bff98ea575e0193a9c91e661aaa858bdbd154ca818cc5403ce06
űrtartalom,0.5,l,1,d4c84cf78e353675df88cad01c9c7323b231fb6ec85691d016d5bfcb1029a40c
űrtartalom,1,l,1,d4c84cf78e353675df88cad01c9c7323b231fb6ec85691d016d5bfcb1029a40c
űrtartalom,0.33,l,1,4ae4ed4fbc2accf21b11a2ce25da42293f23d8f203661e85bae910062c25d359
űrtartalom,1,l,1,4ae4ed4fbc2accf21b11a2ce25da42293f23d8f203661e85bae910062c25d359
űrtartalom,0.5,l,4,f90aabbac9384ad462a33241db779f4568c246a262e088021a2dedcddb5f99dc
űrtartalom,0.7,l,1,a6599605a8131a4c4f673277d67d4c8dd2af6808fb690650b7c5655661aaedb6
űrtartalom,1,l,1,ce977224a14d178991d2a8db2ef2b384b54ab22f5070533918339d069940c14c
űrtartalom,0.5,l,1,a94fc0d37001d6da5364a8106fe55758c07f0cf5979b7af3af44cfb0f4692302
űrtartalom,0.5,l,1,b898d2eb43ddf1c29e191b1bfe8e93502040acc9cc977aff412ed720d7823116
űrtartalom,1,l,1,518bd9dda22c2aff75eb24fa1b748808c8488e90af93d981e1386a40bacea59c
űrtartalom,0.7,l,1,56f9bb933797ffb4a385854991924860040a48c4fef0163d7a0f6548377319a4
űrtartalom,0.5,l,1,db6e36da12631250b394c25a3820f9be74d930469bd4d54cd1584621d413c6bc
űrtartalom,0.5,l,1,16f049360202a64aa55149e5af87a493d0b5a9f4a0e3997c4b088b94f1ca5a40
űrtartalom,0.7,l,1,afc1c4054aa89d3d40a4b82c934d64ba5fa19560c5de02e3e881e473835133b8
űrtartalom,0.5,l,1,a25937b0633bdb125ae49118efd34b5958d39aa208e25d0aa98f546b5d871526
űrtartalom,0.7,l,1,df073b1d86f57bcce9a7e423ecc3bc9240083c937358f43bfdf38c4189234c67
űrtartalom,0.7,l,1,78e5b4decd99bd9449ed147ec85cd4d51e975cfe61f23bfad5592486ac8ca81f
űrtartalom,0.7,l,1,a5fbcc8095b741f7c5091ca65d29a9c6a8a864f7c7f86dc21dc324e1ac646ac5
űrtartalom,0.7,l,1,22a437677a307f841ca804baf2a65b35cdc52def1ecfe91cfe40f7e5552d73ff
űrtartalom,0.7,l,1,e67f5000100a6383f7c6ec5efdd2c87373a538e549a83764af7fe88c4b5b3c4b
űrtartalom,0.7,l,1,c7fcc982fa85479c338f95cd225c70ec18c580bd177b07a8cd5d91a330c2d4b5
űrtartalom,0.7,l,1,24d6ef6fafb3b583c0c5aa8c59b082098c402acdcec3fcf4d02b134be889ec0e
űrtartalom,0.5,l,1,55c154948e7d99e8085bc5dfa9cec106cc890ea4260f9ad0712812cf212463b8
űrtartalom,0.75,l,1,2b7f9cab4e2cf67c22b5bc01df738badb2b9a60101c812f9d8ed013d4e97f2d2
űrtartalom,0.75,l,1,89efe573385a3baa06133b0ddd204186d8370e84ed539ed4a67aeb890fbd3254
űrtartalom,0.75,l,1,a7f51cf865379c2d7f01602ed1c6ea8997743ab946cf3b66142839cecfb2359f
tömeg,0.45,kg,1,10513e8ba50c32b2f657f0d05ca7b0aff4ca5f5e93c0dc32ed2bb2d2f19ccefc
darabszám,1,db,1,10513e8ba50c32b2f657f0d05ca7b0aff4ca5f5e93c0dc32ed2bb2d2f19ccefc
darabszám,3,db,1,ff691484d484e4ce74ca51e116a3db6f70eecd21389132b175f053b8bb0e7dc4
darabszám,1,db,1,ff691484d484e4ce74ca51e116a3db6f70eecd21389132b175f053b8bb0e7dc4
tömeg,0.5,kg,1,c0b99dc04b75c3205fb15aa1ef9641d1bf3ce0f2ea7e7cc73c44ac09df50e885
tömeg,1,kg,1,360afa4de3598e3890e26a2638dffc4910d9f654355b6fb92f03c2218c03e0b5
tömeg,1,kg,1,31d76ffa969150666717b0aec4f28bae4bfad24219ed63eb2834e019e4327c25
tömeg,0.75,kg,1,242b66c19b39d81031d948ee3528ebd2c6c9efd222056350ec943af3f59576ad
tömeg,0.75,kg,1,5dd9de727d627ba32af137115359a2a9b3114645a43b7e98a0b60e40f456927f
tömeg,1,kg,1,e869ddedc29e57467746424be937751750a756cf9152afc359574daba2139a2c
tömeg,0.325,kg,1,228e1fa7f89585bf2d16c6ed9e9e00e9dabcefc480b0c0a99434e37c732cd1fd
tömeg,0.45,kg,1,a09a818c9e0fdfd6551a737c6244e478180d1302147cd7ce6a4bb8f1d5a9dc5f
tömeg,2.5,kg,1,782f80271d37286c0115b5852251b10e8a747e72a9e41f59d5231ca6fa94f01b
tömeg,0.2,kg,1,3f52f17ebf30b433232fb6100e8d5698d9955a43ed83d40477715def1506c910
tömeg,1,kg,1,9ec4799ea0e3f9bc51fae32f93633f2ff06bf2729512be55db6d02c381ddf129
tömeg,0.5,kg,1,78c8ce091db3397d781a94282f1800637eb7fd4f33bf102e133e57fcc7671821
tömeg,0.5,kg,1,64e5e1516113b9b0e70720a56dcae846e57ee64e8941698e2c67b9663bf30827
darabszám,1,db,1,64e5e1516113b9b0e70720a56dcae846e57ee64e8941698e2c67b9663bf30827
tömeg,1,kg,1,64e5e1516113b9b0e70720a56dcae846e57ee64e8941698e2c67b9663bf30827
tömeg,0.5,kg,1,fe9e5942397e3e5a3947ab7584c48c3af7007e1cbe790c01d05cdd1ed0ea7315
darabszám,1,db,1,fe9e5942397e3e5a3947ab7584c48c3af7007e1cbe790c01d05cdd1ed0ea7315
tömeg,1,kg,1,fe9e5942397e3e5a3947ab7584c48c3af7007e1cbe790c01d05cdd1ed0ea7315
tömeg,0.5,kg,1,287d9b34aaaa6ec7ef31c053e664aa35bce8a91eeb1c0098f663bac7e3599409
darabszám,1,db,1,287d9b34aaaa6ec7ef31c053e664aa35bce8a91eeb1c0098f663bac7e3599409
tömeg,0.5,kg,1,94f164106606bfc1913441f0b47e47f45545ccaf5b4fd78630627c5c7ac144af
tömeg,0.5,kg,1,583650a9db5daa136f7abb794318df6825f445eb287c3930ce3763e545d7d3f2
darabszám,1,db,1,583650a9db5daa136f7abb794318df6825f445eb287c3930ce3763e545d7d3f2
tömeg,1,kg,1,583650a9db5daa136f7abb794318df6825f445eb287c3930ce3763e545d7d3f2
tömeg,0.5,kg,1,1c978717d6ee02e0536daf3858d76571790f5f24e2b42f74309da986daef10a7
tömeg,0.4,kg,1,1c978717d6ee02e0536daf3858d76571790f5f24e2b42f74309da986daef10a7
darabszám,1,db,1,1c978717d6ee02e0536daf3858d76571790f5f24e2b42f74309da986daef10a7
tömeg,0.16,kg,1,44aa74d447c695891a7d38667a2a866c513f255d7b2425f2f6c143e2afccea49
tömeg,0.19,kg,1,ec173da0045ba5ef05ede40af748f0f9dadc6ed88244a35570197759295cac46
tömeg,0.2,kg,1,7672b3a6954ff8e53477e3d4309ec2fbac290e88cea51ecc1aa5e45502b4bd98
darabszám,1,db,1,7672b3a6954ff8e53477e3d4309ec2fbac290e88cea51ecc1aa5e45502b4bd98
tömeg,0.3,kg,1,0a5be3fb30b81c957590826fb0acc48992c80b107bd365533a60c0931e6467f0
tömeg,1,kg,1,29bec29ff0be50510d9c53c39c4ab2168966f88f6b463bbefe45ede11e3ab82c
tömeg,0.5,kg,1,e55d7c7b9c7cb9d9acfa4997c2064b8f1fbd0969b4cfedd30f2600e712530ddb
tömeg,0.625,kg,1,2881792ffa5c811d5186c6de21737dd2517f5bc28ddd56da7b0b7d97e9d3d494
űrtartalom,1,l,1,4be2d1051de5cd0a7a9366f0be90382269069e02978b97a51485eefa8120241d
űrtartalom,2,l,1,74a7a848f700c47fac11e7d0f5ae5c6c9060f370c87e7d0e0182255d2ccc5a02
űrtartalom,0.045,l,9,6a65d360ae92b059972c1976f9dcf8cb0381d0236e3ee29faef692ca2b73fbca
űrtartalom,0.045,l,1,6a65d360ae92b059972c1976f9dcf8cb0381d0236e3ee29faef692ca2b73fbca
űrtartalom,0.09,l,3,5e7f59921dbfd4d192eac838b29ef36bcc53450968ad67dda4a56c5618fc0a82
űrtartalom,0.09,l,1,5e7f59921dbfd4d192eac838b29ef36bcc53450968ad67dda4a56c5618fc0a82
űrtartalom,0.825,l,1,e1c3871eb27aa3eed488272f3c3a7612220f8f09ec61af95d1eb568250528520
tömeg,0.33,kg,1,0fca3f98e565d048f812df924b9cdab67fcad1c65c9e29e3215dc9e34bf991ff
tömeg,1,kg,1,3e20c2f9b79b3990948968b41bbf2ecb584dd13cf3881f6811ca169ac626aea6
űrtartalom,0.055,l,6,e6f58893d4c19daaae485bcdcdaae09fd4e8e0f840f2a6e7d634aefe15e3f18c
űrtartalom,0.055,l,1,e6f58893d4c19daaae485bcdcdaae09fd4e8e0f840f2a6e7d634aefe15e3f18c
űrtartalom,0.204,l,1,5698a73874f2c66434b9e7953f816742433be76db0050f1b267114ecfc9e9e16
tömeg,0.25,kg,1,f31e3163f117f6c1728655e6fb424b1835996c4533c62f871fcac77eda449165
tömeg,0.36,kg,1,4ee2826c1e65e29c7b844a33346fa7b1b9fc25d723404472a0f3df5d30347509
tömeg,0.32,kg,1,4ee2826c1e65e29c7b844a33346fa7b1b9fc25d723404472a0f3df5d30347509
tömeg,0.325,kg,1,4ee2826c1e65e29c7b844a33346fa7b1b9fc25d723404472a0f3df5d30347509
tömeg,0.335,kg,1,4ee2826c1e65e29c7b844a33346fa7b1b9fc25d723404472a0f3df5d30347509
űrtartalom,0.12,l,1,f10c4c64ee3f8b8e011727cf2251926a641013a5716a2cca14312d3ef4e51dd0
tömeg,0.3,kg,1,19cd42889f79fa34ed00367a8a418a948c3cb8a9a14e9874b6a024e601603136
tömeg,1,kg,1,907528e49442b491b464de2e8340e9a3e37dfcdf72f3e71e229d849afe3004c2
tömeg,1,kg,1,0c0a9579f5d81cf68ea2e4db5c7da28ee030d46954a652056d1d38280f070bea
tömeg,0.2,kg,1,cf01d99b3e8c2088ddf34e2e94f3eb93cb38ac16d1f4ce82d3061102cea4eebd
tömeg,0.75,kg,1,cc41fdb4bac8dc2d3761d5e204278ba4f49c0d6aa6d44cca2539bb6c9190a42b
tömeg,0.75,kg,1,7d4536aaab2422d5a86548bc5f38428c9ee1ea42048d161c28f1dbd02075cf5e
űrtartalom,0.085,l,4,95bb29c39f8a03789fed30e8db0e9b3a68f034723dc0371f5b2ed5c82c8f2986
űrtartalom,1,l,1,95bb29c39f8a03789fed30e8db0e9b3a68f034723dc0371f5b2ed5c82c8f2986
tömeg,1,kg,1,94eb0f268ba49d2c9a3beca81939064e07603de32c78c3c4713a3a701dff1ccf
tömeg,0.325,kg,1,8951d7cf8fc55ff69863b899a65892da39910b043c806529ad62224ce9c38a71
tömeg,0.35,kg,1,f95b50caa587b01a020c311cb25c6f7cb91ef4613eb62397993fec697d8905e2
űrtartalom,0.9,l,1,668b9d0e98692ed5ca31ca44da65b8cb4e0ec850b2c39ed6d618f6e59a1e8de7
tömeg,0.45,kg,1,a888d3ca70da3e6f9c15932842e10862e1628b84794715fbd29ff64de951d809
tömeg,0.5,kg,1,4e87b48004ce7b62a7d91395a100bd5d38d0ad87262910d06c5303c6f07d0316
tömeg,0.264,kg,1,c59c94f34aa53624281dec9b6f71e2ca57a8b88963cfc1c60ce72afdce5b3887
tömeg,0.34,kg,1,c59c94f34aa53624281dec9b6f71e2ca57a8b88963cfc1c60ce72afdce5b3887
tömeg,2.5,kg,1,9ef99e925e59afce38b0e0298681cd6966a780d36f7eb607ba0179e07ade16ba
darabszám,3,db,1,58cbb096e565cae83622da5d2698eb310308e63abef108a607e06d60b716c853
űrtartalom,0.27,l,1,58cbb096e565cae83622da5d2698eb310308e63abef108a607e06d60b716c853
űrtartalom,0.36,l,1,58cbb096e565cae83622da5d2698eb310308e63abef108a607e06d60b716c853
tömeg,0.5,kg,1,d9b315656a79d60a83b727efd407b797f8520f86fe76509045fa7be68c2030ec
tömeg,0.54,kg,1,d9b315656a79d60a83b727efd407b797f8520f86fe76509045fa7be68c2030ec
tömeg,0.48,kg,1,d9b315656a79d60a83b727efd407b797f8520f86fe76509045fa7be68c2030ec
űrtartalom,0.055,l,8,0ef61015a827167f791c545a44cf13cf1fa493c64e86e6393b2c260319635395
űrtartalom,1,l,1,0ef61015a827167f791c545a44cf13cf1fa493c64e86e6393b2c260319635395
tömeg,0.9,kg,1,7dbeb761c6205bab873dd39fb68049bfb1cb63b0926a3b9f09af6fd8029bf473
tömeg,0.8,kg,1,17404b42d5067f12da3dca92447db29ca6fbaea85906360a6e1aee84af0ffa23
tömeg,0.64,kg,1,ac1379b2c4e29bcfe66dbd15833da5c7a0a7b204dfab47d4b15e299c63e07593
tömeg,0.25,kg,1,bbb13e0d6024a1d37fefc250ac44fd23db0a8f43621040c9315f44bbc70c9c4c
tömeg,0.25,kg,1,d064dc1fb782eba84eccc94e210597b0860aa03d0d6c90f29c3c3f6f5a0eef5e
tömeg,0.3,kg,1,28420e153dd5bc4254680a5ab39b4e5981112d45b589cee10f58c380020ba798
tömeg,1,kg,1,8e57fa61e6269d56efd0c484a411702df182c9700fad4a4cac444f425247844e
tömeg,0.125,kg,2,a050e7f35d1ec53d1b39fd695c54b001074a41f2da7c2b4f221a915763f87041
tömeg,0.5,kg,1,a1eb9a9752d1c47eeb2fa0b03551cf70107c1f337fb7db83210c78132d246baa
tömeg,0.5,kg,1,c9076b6023982e6c1d14c2664394e65313397610b7242eac167f2821be25fda4
tömeg,0.5,kg,1,0a015aba927bcb07120d8f84e659d9d60a7e4c050a81a8be112abc18af8016f4
tömeg,0.5,kg,1,7debb77771b2ec56b0980e55b0c985883cf3d257946c1f413f23703740afc034
tömeg,0.5,kg,1,aa26def7ba6f9ced904581a52bc9f2a07e19157ed98564f2779416c44a5f4312
tömeg,0.3,kg,1,7bbc3fef8798525e2e72ac4a64c9b0494f7fa126ff789ae6c9bab30ef8184b2e
tömeg,0.8,kg,1,b4d8021d45017f154e9b5b02399aa708d21050bc8833bcceaed3732bcb1cdce0
tömeg,0.3,kg,1,7d5fe66bf32c979534d3512d5cdee91599f5d35b3c3275cc95d73d0399b30f42
tömeg,0.5,kg,1,92bc8412c53a2fb727fe03421ee6f63470138c2e89c8306301df3f7c9d15e875
tömeg,0.175,kg,1,497c6b52f1ed3ff6d47002848c26e5f757dfc30bf4168d7e4328d58e26b4d66f
tömeg,0.125,kg,4,5ffa41c40dab49796ece0ae2387dd686f73759042a6a2036dcc133792859d4e8
tömeg,0.33,kg,1,e7c698518b6729c500b57597e3a36c8eccc4e2d78a2b51f58b9fa9041dc6007a
tömeg,0.25,kg,1,0e7287e8c742e083bf6f603227c66a2d9255e2b12de08f5b57276662315c5303
tömeg,0.9,kg,1,3b548b5c1f84131ead5696d8d161057b222b80d451e080b2b5fced16d4c11494
tömeg,0.5,kg,1,f7593c36d59fae6cf4e16aad6605acafaf4b41656e499d7dbdfc5f7f7e842343
tömeg,0.5,kg,1,1d93b64384504a3dc836c05e79dd0702ce78e201d312c84ee0b1b7bdd6153d52
tömeg,0.54,kg,1,1d93b64384504a3dc836c05e79dd0702ce78e201d312c84ee0b1b7bdd6153d52
tömeg,0.48,kg,1,1d93b64384504a3dc836c05e79dd0702ce78e201d312c84ee0b1b7bdd6153d52
tömeg,0.8,kg,1,62f19292f79c71d27bd67942dc3113479de47dfbbcf684740a81ecfa01beade0
tömeg,0.64,kg,1,15be1da4f596474696ba4f2aa3fc938e6f43b8f33a03123ded4b7a49b1e02036
tömeg,0.3,kg,1,a14e3a51ec090cd6cea45067017a1675941036d9a81406ccd99dd72d106da754
tömeg,0.25,kg,1,cc579bcfd932c53a3cbd22aad019ba8553fa289dc72599ba12703bed03d6d81f
tömeg,0.3,kg,1,5223c828827e0af09d2a8c71b6026f51443e68bdb09263056b2a6c0e72a805c3
tömeg,0.4,kg,1,e827e4bd166d05b5847e0aeb115e28d78e896a1d0738f223b9d135bfa001c897
tömeg,0.45,kg,1,96a442ef4c4db21f07528e8117e03bcd56d06558ce6d946a5f023bf3d1cbcb70
tömeg,0.6,kg,1,27ea0f732378859b755e85e9d0e8d0671b1d36b4038e0979b16f7dfd43c4531e
tömeg,0.125,kg,4,1133c62e84e6796bb453961153e20bb3d0834a719ca9654899897e696f1e7abb
tömeg,0.125,kg,1,1133c62e84e6796bb453961153e20bb3d0834a719ca9654899897e696f1e7abb
tömeg,1,kg,1,4f4b921947a48e486b541780ffdfa0c3a1a8e6c2ee084942af5553c139e66efa
tömeg,0.15,kg,1,26a2194bbc6cd0b326c344c6246867ea0b7de222f0196b85e7fb2b8ef14dc577
tömeg,0.25,kg,1,f252f7995eea64a0bfa7faef943d5252a0c0cd55fa71fe5340ce4a0d8e55c9c1
tömeg,0.33,kg,1,5498c5cd1f086a497f5185e584b418535b62ebae9d9f12cc0634d3ce1b4e3010
tömeg,0.45,kg,1,656a6e2b2d0e60415680444aa638aa40027f694bba5be6d609857556f2d3c3e9
tömeg,0.125,kg,4,714f11faa69de56778a7b9c4c143ac8165ee68e21d032c1e8badc06ddc3c3d9a
tömeg,0.1,kg,4,e828bd7ccba482f5c42ada349ff01cc658a4603ebe7fa14b4428d81564796236
tömeg,1,kg,1,e828bd7ccba482f5c42ada349ff01cc658a4603ebe7fa14b4428d81564796236
tömeg,0.125,kg,4,646124d6777ca179c1e024e3b9adaddc301aeedf9d3b2101e358c8e79484b0dc
tömeg,0.1,kg,4,7d72cb4f45e91b487f3599e52586242e408de15b14ec583fc9932b0d535d798c
tömeg,0.125,kg,4,c83a755e9ab315c48e1975f60cdce711f468301872771569401efaabc6d021ad
tömeg,1,kg,1,8d4fbec03d8b4f14e777300cd1e4af88ebec1f445d715b5d44fc378db5d9818d
tömeg,0.25,kg,1,8de6eeb1cf789d2fef9a033273dae2ef143d5dbbae329f192b1258c6376668d7
tömeg,1,kg,1,8de6eeb1cf789d2fef9a033273dae2ef143d5dbbae329f192b1258c6376668d7
darabszám,2,db,1,a2c28ae67cf12b93cb85c397040362247653bad5f705a210dfcd844fdef28a29
tömeg,0.2,kg,1,a2c28ae67cf12b93cb85c397040362247653bad5f705a210dfcd844fdef28a29
tömeg,1,kg,1,a94713904db0cd0ecb5d39db5b94ccf793c9fdb8af53d5afd92c4c83ede60d97
tömeg,0.09,kg,2,5ec178d96e29c11254647fab46976af51f7ffb8be49a62bea0dd856d3569a1b4
tömeg,0.15,kg,1,b977c35997798380df5154e4f1189f0ee52d72c05c58f9e2ac6ba6e1854892af
tömeg,0.15,kg,1,67017cd6ef67fe8d7ea37e2c67308bdee00ceed2aca4a5c9a7d01d44ffa66f5b
tömeg,0.12,kg,1,b1d8852577a01d88dee2d515c0bf15de950a579b87196f2d76e87d18d4597845
tömeg,0.2,kg,1,fac7dac597225684ea4be44dcf6dd40324602cf4cd068351ece632b68fc2041f
tömeg,0.18,kg,1,d8cdf8826f22a720f8fcbaa6717d1f5ba70447a662ed9094465c5df97928ce75
tömeg,0.12,kg,1,fa9ab5851f46852b25611e7f567362037fe87c0f24e97b91944f67f3c3669a1c
tömeg,1,kg,1,fa9ab5851f46852b25611e7f567362037fe87c0f24e97b91944f67f3c3669a1c
tömeg,0.1,kg,1,92cfb472ebb81632b779db9f229b8d22186871f15d15e2976094ba65f20ea0d1
tömeg,0.12,kg,1,706e0ca7d96f927904b0f38b704b5cbedf2518ac532ca88a622fa1a20ef833d1
tömeg,0.08,kg,1,832a26047faaf890c801157e2e89d1d5c0e18523e580df3ec2a6a83c1a8d1411
tömeg,0.1,kg,1,832a26047faaf890c801157e2e89d1d5c0e18523e580df3ec2a6a83c1a8d1411
tömeg,0.25,kg,1,f1eef59921d8275d837559fdb6927258e36d1054cf5f784ae08752d7bd4e13b9
tömeg,1,kg,1,f1eef59921d8275d837559fdb6927258e36d1054cf5f784ae08752d7bd4e13b9
tömeg,0.125,kg,1,eefe6bfca7edc2dd4ceda68a2f96762acc8d68780a9d9da3fccb8ec8f0263542
tömeg,0.24,kg,1,5c2e491d187db62f679b0f239c08484e0cf8a7c2dc1dd8f01cb1143148554a21
tömeg,0.15,kg,1,62378359f1f338327bac092873cf63945a2cd2f3c0437363e5e9d6dd4b71b76d
tömeg,1,kg,1,62378359f1f338327bac092873cf63945a2cd2f3c0437363e5e9d6dd4b71b76d
tömeg,0.3,kg,1,8c22692a882c33f98f6701c1a8c7e3d2e53d2c463375a37d8c8bc6444235a01e
tömeg,0.5,kg,1,eda62068866418a880cdf23455a91f396f3c2c3284162054d205b3852bfbe1eb
tömeg,0.2,kg,1,9ed058932a9b87f2d49be39540be80d5d8794a2b95453bf2b07e06ba69a3fd0e
tömeg,0.24,kg,3,2e1bf0eb7d6a014485711210564185642146562cb9c2c6048fd0308fbce3b6a4
tömeg,0.2,kg,1,f50ca881c190af5703fe88c667b18d76793735f8683961344672ea6fa668ec16
tömeg,0.2,kg,1,312f846d08180a1aece868ad4b4fdf8cd2efd6853c7ffd2dff5e844fb1a5fdaa
tömeg,0.2,kg,1,c4a8f96496703ba7b66b2ded7b754dc55735b02674404f2243672a3746e81645
tömeg,0.4,kg,1,80d987e7a98adcd5a2b00038795bf70edb9d57fdddd3538d1f77c7f624eb0295
űrtartalom,1,l,1,a02150d687421d1f0331aef98dd8982f23b16b64d0de6133707faca8dc000544
űrtartalom,0.5,l,1,2db09301b727f21271e9eb1f3b566ff02fd847aba0af984d2aa2e672b66651be
űrtartalom,1,l,1,39ee8678161fbd8aaade92d5de40f81ac97e35e3534e31c14defd5d2997d2c8e
űrtartalom,1,l,1,29e864210b0d38456d381697a89983a307af529e5602ca81da279a09f18764aa
űrtartalom,0.38,l,1,7691a15b3b3c494c49452c465a7523b3394b1c2cbc4a5dd4f66b2b446471a43e
űrtartalom,1,l,1,7691a15b3b3c494c49452c465a7523b3394b1c2cbc4a5dd4f66b2b446471a43e
űrtartalom,0.45,l,1,30294e4a2b887a9ad741793836b5b9fcfdf70723d24955269ee101a72610280c
űrtartalom,1,l,1,30294e4a2b887a9ad741793836b5b9fcfdf70723d24955269ee101a72610280c
tömeg,0.027,kg,1,8c87ca26c37d548270d02262d2dd244ef33e698bdd13edb0aa5f95fe21b0eb51
tömeg,0.03,kg,4,2f6e77172d476ab9369f515a7478ce3c7239a99a1dcc40bf9b7eb6c7a8f7b60e
tömeg,0.03,kg,1,8f91e968c87fe1161669c37522b5df451be46ad71adeb36c157b2df8333584c1
tömeg,0.051,kg,1,706ab22976704f152040560170d1f571e08b3f9a91664aaa324a582e53a705ee
tömeg,0.09,kg,1,93ff2742ba010adb574d16ae50bb47d7ba1cd1e852dd5b5a172f829e124ac1b4
tömeg,0.09,kg,1,ec3d00d14bd6c7bc30f5688da1515acd780fc40481da572b1d09d6419561c7ab
tömeg,0.051,kg,5,9e0ad2ca2dca5316a5e0db9517d476450c140bd443c69318ddb3943ad177e4a2
tömeg,0.051,kg,1,9e0ad2ca2dca5316a5e0db9517d476450c140bd443c69318ddb3943ad177e4a2
tömeg,0.2,kg,1,a73f0381685600402042b55d8cf9c158ea94e0a6ea25f5b110e82811b4aeebcc
tömeg,1,kg,1,a73f0381685600402042b55d8cf9c158ea94e0a6ea25f5b110e82811b4aeebcc
tömeg,0.2,kg,1,a84096fc240b96779ca8e8a1de4846ebc5bb342d36510bbe884162724a1ec958
tömeg,0.22,kg,1,4402917cdc5870ae9eb9a7930c585aad3ae33d513d2e7224d19dd143a4bf8dbd
tömeg,0.15,kg,1,4c17da74a83db9e91c7cdfa29dcf12ddb654d77620e0b975283d88f3a1178618
tömeg,0.18,kg,1,c24379efae2169ef521d294ae20c14b21805377630e2e187bf5be6a5ba7000a6
tömeg,0.051,kg,5,2ef05d3f5c2af0c8b65408915468031095bf022378ff501552a2bda9bd960607
tömeg,1,kg,1,2ef05d3f5c2af0c8b65408915468031095bf022378ff501552a2bda9bd960607
tömeg,0.03,kg,6,230f5034e5c73a7368e8c76ca12d7ac2fd4870cd14a81f31f1e708a2bd18463d
tömeg,0.125,kg,4,9097333f2a52d0c0f542667a593b2521b6d03fbc41a8620b3b0e427fdf3d7fb4
tömeg,0.051,kg,6,7265c5f29997ba3c2bfca6d8c127b9a019b8b40c31413878c24cf14542f0125a
tömeg,0.035,kg,6,7265c5f29997ba3c2bfca6d8c127b9a019b8b40c31413878c24cf14542f0125a
tömeg,0.03,kg,11,9cef0a70de0612689c178792c60f8248826aaf4c019ef88801180b512fe9d11b
űrtartalom,0.25,l,1,07f5e8442220b1852b52c7d63ea7b7448e6e2985adc1a72a9fe5a33db0fd0b56
űrtartalom,0.5,l,1,15230bda50044c3b4b111e13bcea7bf21d540579ce12e57901af23166b4e84b6
tömeg,0.33,kg,1,4d7d0e21f94ced4b20dfd35750fbe841b87a238f9e23b9998e4c5ec41a8cdde8
űrtartalom,0.2,l,1,6c674e165d8efdcfcb1c747bd3ab4f90923be263dc982318fb00fa6ab8cf5ee2
tömeg,0.8,kg,1,631da7c077a925d2adf3b1230097d03c9511f62858348850a49d1958303865c3
tömeg,0.5,kg,1,3c9cef17ad6d55029df937eb70d29be683dd961c46c91c740a971a39ccc4b7fd
darabszám,1,db,1,3c9cef17ad6d55029df937eb70d29be683dd961c46c91c740a971a39ccc4b7fd
tömeg,0.4,kg,1,5a794ebceb70da95df4f8ca782978b09a38351f8e2d74531858629905fd1d6b5
tömeg,0.18,kg,1,3e15322ad8308dab44778a403e86550a826824a47b9429c912370a1224929f0c
tömeg,0.03,kg,1,2cef494b22ad4418b7806335e98b5594794d6bde55aa351788a053c55144807d
tömeg,0.075,kg,1,112233e7ba57104d1302ef1a072e5b00a00e2459c021b80e2b086fe65a2bb0cf
tömeg,0.027,kg,1,afdfba238640bba15dc4169e0a1bb4f026e76920b9e8945480111a4e56e09029
tömeg,0.17,kg,1,969db3e6e0c9545229e6a6c8460f96a7521d00cb133522baceba29b4e3e3f644
tömeg,0.2,kg,1,6cd5418cbb5d33902cfeb812db0a7ba7ff68e44db64b57f7e9383c13eef1d27d
tömeg,0.09,kg,1,9522c9aa94d1ee25714d81b00179b606d35f21a21e1fbddf8092ebe52068e1b6
tömeg,0.038,kg,1,13e3ed0fd2170b4397c1c9dde4d7e7cbfd0fee5cc4c1300b23156049ea6f8d02
tömeg,0.3,kg,1,d0a3072e5400b76af501b444fe30d3ffd084e3c146b98226d6c2b29ecb9f95d2
tömeg,0.04,kg,1,5a33eaf27a9a4aa063f1b40fefbcef19e3bad5cfa1d00b49c05e264fa4419171
tömeg,0.2,kg,1,669859be621b3759148ce2dae90b5a4abdcee5b2215c80b169fbd8a140bc84d0
tömeg,0.03,kg,1,238a283b4aae5dfa4a53c0006f8ee990505d8eb93bc72b0bec1df92031c55752
tömeg,0.051,kg,1,41e8d9cdd4fee8904316f4b9903b855cfc5d396405fe4be876d761266b543173
tömeg,0.04,kg,1,816926567524954239c18ee5de5795beffd9300000c0ddb2ab257cd6b23891be
tömeg,0.07,kg,1,a64ec46b0e5026f9d968b923b73ffc6b815f4559b1ea5aa7f1fa660a16e303ab
tömeg,0.1,kg,1,fe40563b4c77476b50ed7b60fb856cfa686c6b943ef3011000677517bd9ae721
tömeg,0.1,kg,1,4776105c531a7f9cc463e5466ba46470e0a341fd5829d782ac98826025209896
tömeg,0.039,kg,3,90fcd72ba2bc00aeb619311722f61200668c55a976f0246922debe4bb85fa3ad
tömeg,1,kg,1,90fcd72ba2bc00aeb619311722f61200668c55a976f0246922debe4bb85fa3ad
darabszám,5,db,1,0d93e3303bb9415e13b37e786f53a5edbfa6dce91efe01266ec6f56539365dcb
tömeg,0.105,kg,1,0d93e3303bb9415e13b37e786f53a5edbfa6dce91efe01266ec6f56539365dcb
tömeg,0.18,kg,1,b021dcd85bf1ec2cfbc6b0b4504e5c3e2a5d250a8a1766110e3608d623bec277
tömeg,0.295,kg,1,b220cbfc965921e15bb0f1e18b204b9960a0a1bb9a9f93a5334946883c6c9f3e
tömeg,1,kg,1,b220cbfc965921e15bb0f1e18b204b9960a0a1bb9a9f93a5334946883c6c9f3e
tömeg,0.3,kg,1,383eb4127ae70ce0268e70360e1679114c8a48f63754936778925639fbbd86eb
tömeg,0.152,kg,1,9911ab9cec88f86afe027c046280d973c4b7bc8822bbca353abcc5bf322bcb90
tömeg,0.3,kg,1,30864bbaac49058fa2d893ae18b91a44ef279f860976d769cad113d4d62d8d1d
tömeg,0.4,kg,1,7256efd9afa3d298a38418cc9badf2dc08875c95cc6f35e34099d7a76c6257b7
tömeg,0.3,kg,1,cfbf0e788d66e1123b7938bfc500bd92ea65e483c68e5c0f37de69b39b192b62
tömeg,0.18,kg,1,28c21588e6efdd8be454f1ef8947eb28e243880ee35dda70cc63764840561491
tömeg,0.071,kg,1,d322d5c03ae2643c7d605341c4fbef34e0acca14bb0c1db3fb3aa7fcd27ccc48
tömeg,0.4,kg,1,1daaeaa02fd86b6e0d32b8d26c0462496beae1d7f070515b4b5230ed3e67e9e0
tömeg,0.18,kg,1,709151845b3f0955ee3bbd8fcb92ef0c2db357c142f807b0011a52125685d291
tömeg,0.15,kg,1,ab76a736f5aa9869dc503d75b28feda5ab6deb7e546b0af4cacae34d9a6757eb
tömeg,0.15,kg,1,19545a8c2c555e7895694754b4fa19b8811feeddc1f39acc34cc796d8d8f2dd4
tömeg,0.15,kg,1,9a74d828adef3014ed25d80efe6961ab594d3fb47422c138f0333ac2c72a92a3
tömeg,0.18,kg,1,378432690222eee32093c507022cd0ab1680204b19c3faea2848b125743d0c8e
tömeg,1,kg,1,b9ed4c260b3806afe6f15da33c818809bdf8fb84d4215a457a46d8617412039b
tömeg,0.225,kg,1,0728171a8e7f9b4346bf487fc7ae5f1677e43d3bb7508010a497f8875bd6f5f9
tömeg,0.04,kg,1,0b9e31416a7aa1952f15bea3c94d58bf56136bee41081821196bb33cf45870e6
tömeg,0.042,kg,1,0b9e31416a7aa1952f15bea3c94d58bf56136bee41081821196bb33cf45870e6
tömeg,0.045,kg,1,0b9e31416a7aa1952f15bea3c94d58bf56136bee41081821196bb33cf45870e6
tömeg,0.2,kg,1,a9e5e5253a4f311c4cc055db7b0b93a4e5ee4072c7ba2875b6ca844a63a01120
darabszám,1,db,1,a9e5e5253a4f311c4cc055db7b0b93a4e5ee4072c7ba2875b6ca844a63a01120
tömeg,0.128,kg,1,8cc7390c1bf1cc1204237ae04ed3459177101489a2bba6577a2b176492e1f8fb
tömeg,1,kg,1,8cc7390c1bf1cc1204237ae04ed3459177101489a2bba6577a2b176492e1f8fb
tömeg,0.5,kg,1,f5396f683fe4edc85bca3161299bd24c1aba56e708c912322c11c5ae3d4962cc
tömeg,1,kg,1,f5396f683fe4edc85bca3161299bd24c1aba56e708c912322c11c5ae3d4962cc
tömeg,0.1,kg,1,62b576081e4720040668cb7b3f6c4dd1061043b89f4fb0e5ef85bfb6ec1b5bf2
tömeg,0.08,kg,1,62b576081e4720040668cb7b3f6c4dd1061043b89f4fb0e5ef85bfb6ec1b5bf2
tömeg,0.25,kg,1,4dcaabd8ed14c0f47bb210cfe4117f6eebe24a40701ead8e46bd25c0dfef1ef0
tömeg,0.138,kg,1,292cc6e1886d202b013840fef3e6f6f14ffb1e9ace81e39a0f831bb523b91edd
tömeg,0.33,kg,1,a3c1e9737fcfa6b86d16211e444c9532b24037f17e2466cd438256ac4415f371
tömeg,0.23,kg,1,987c71c7e0abfac1cf3d847a6140932108403f63254b232e989a4c697f6cc46f
tömeg,0.54,kg,1,f363245c5c59d4163b6be7d4eb89a5f5f4fc6f1aef42be0e762c6613b3a579d2
tömeg,0.065,kg,1,1efabc0be2f1250f197da032cd829b840090fee97cfc460998fb543b71c4b3c4
tömeg,0.5,kg,1,93fbfc95d374c4ecd2e41687c3f276d3a0bdddf72e8ecef69a503700825a4c65
tömeg,0.5,kg,1,dfe2361c0cd5c1f96e489712fe6d62e38a23f6102d3745945d6f797d35977571
tömeg,0.5,kg,1,fa8c1c3fc6ff43bbb530eec9b1b6becea8439e9747031a311e828636125b76e5
tömeg,1,kg,1,fa8c1c3fc6ff43bbb530eec9b1b6becea8439e9747031a311e828636125b76e5
tömeg,0.2,kg,1,98a8d948a1ba1129274914402f5a1e26861062e7876c728a40f8ff2bd3ce8823
tömeg,0.2,kg,1,5ea566921973675b4cfc6451f111f819c844cce5260407b0c7120ed792b5ffbc
tömeg,0.5,kg,1,1d2cd49f69a72447efdca2294a7f5c0e757e21380adb8c39aa5a2715bc8647c1
tömeg,2,kg,1,0abb9c55a70d2457dde1e46540f4e9a1a42106faa54cc42d4e3daed42115b264
tömeg,0.24,kg,1,f75c5655c7844472d5fe3a23fe6dcdb314b94dc72f9a080b0e1ca375bb5ee5dc
tömeg,1,kg,1,f75c5655c7844472d5fe3a23fe6dcdb314b94dc72f9a080b0e1ca375bb5ee5dc
tömeg,0.5,kg,1,73cd7b0e22a4129951c57bb0938ab4950b20ed60758bd98e073a775032619d3b
tömeg,0.2,kg,1,e7b68af3984de0e18ba30ff82a4150712d9846f6a870c6923461358380d50edf
tömeg,0.5,kg,1,8073fdb03fa9bed43387414ec0d3ce2505fa80927990431d63c86f93011b835b
tömeg,0.4,kg,1,f91022e7b6aa984fa3858a5f237a0334006b579cdefd1cc1c47207602dee1651
tömeg,1,kg,1,29e367be8dc621bc6339d09c04cb6e4ab2063a4825d983a92bcfecd81845f79c
tömeg,1,kg,1,1a7be27daa911bda8b8fb9c8693751389c0e6ae36258d4cabd4f18f25150ef3e
tömeg,0.065,kg,1,e90eb8a7b57dd88b5a3b507c2bec52d2e2ffe5c179fad73ed3db13515a710b70
tömeg,0.2,kg,1,70d3ee90a1f979303562cbb36f5072f0f15037d6e8fa117c25dc7da11b9a9deb
tömeg,0.18,kg,1,608b96e2ca2d768b3e3ae8d16f0f13f7f7e7deed1e474f9039cc274a98b0da63
tömeg,0.5,kg,1,05f748274a73d886c90985f879bb1a15d968a0e540d2191c647ed2f1f9213823
tömeg,0.03,kg,1,5ea4cfeaee679fca4113384ed9879ae8890d6da12fc2ac9f516aecff321943b3
tömeg,0.03,kg,1,18629631e63a91c311a1f1e528f0a0f6eb0359665ea013d592ff18b2b3a33f4b
tömeg,0.375,kg,1,c4b8be8b8767a74ae71bc34f9d7e5fb384930ff49211398e5943aa46fb38b219
tömeg,0.02,kg,1,870726cb88efc29d5820e0b8ce1801474999081f8ae7cd77e36a6cbaa4adcc2e
darabszám,1,db,1,bd7a1e4d7eaa10d32ff9e7989f59c230688609d35f3bcd0bb1c3574474b7f893
tömeg,0.035,kg,1,d7bbb8c7aa92d9c95f84450be1cccb9be059b0d0479652d32302a065f46e4d8e
darabszám,1,db,1,c3bf798ce0baafa4a58f4c890f3105aff91dee2471b5dc058bab17263b795ccb
darabszám,18,db,1,a542c14bab87787481cd21a1c97821a2b568c568f7b1d643eaaa04bbb532c727
tömeg,0.16,kg,1,a542c14bab87787481cd21a1c97821a2b568c568f7b1d643eaaa04bbb532c727
tömeg,0.45,kg,1,282bfeebcb23bfa03854054af868bb5a6f8e71746622d1924041044c275eccfb
tömeg,0.385,kg,1,b284741e831d86a02f0f08089249113366287bd7cb6d9ae9ae84f443af9b95ba
tömeg,0.175,kg,1,3c184df06f12e09fbea41ca51a385631a8a68054aa0f5d3d708cddcf5dcadab1
tömeg,0.29,kg,1,09dde6ccd38ceef830c985e7c72ace2a32d8c1f460452aeb4add7f8bcc80fb18
tömeg,0.1,kg,1,1ead320e6a38bacd923fb5167b54fb83d8a7b30f9fae1f4647bfa825a46e3c24
tömeg,0.095,kg,1,52d51fb13da060d3d038d64c76e583cfbe46960841757f0731177fa98bde4b87
tömeg,0.2,kg,1,35b7bd1cce7f3952742c1a36efb79e403ff7a15ff1e5895d0b57e6f182fc0176
tömeg,0.16,kg,1,b378e5c21253918efbe9c4435d7ba60bc893eca22c167c19f444bdbeac223e68
tömeg,0.32,kg,1,cb30c03030e3b892614a799ad555af38a5c94e1e0a9a820c398fc8a0289b0bb0
tömeg,0.24,kg,1,cab027638b430b8642785413375b684736cbfa254b3e17a7ec2e64bad1fa0651
tömeg,0.5,kg,1,d67973c7d8e4835812e99bdc948b2c090d193e175b3a9e039e79cd345607bdbc
tömeg,0.8,kg,1,9dd474d24ae92be93e8b64616a651b5f93441bf4acca2ae866c95e18d70b99f4
tömeg,0.13,kg,1,84c865066ba291cb04ad9aebd741a8930e04e1a15f31b0ee9d4f48911e17a910
űrtartalom,0.5,l,1,5b9a5b79f7e397501ea88fd522a5df5423f4eca105946af1b6cea2b94323fe0a
űrtartalom,1,l,1,bb00d6581d07fe484cf708c07e3497afb0fba40414866d5bbebe310f130a324e
űrtartalom,1,l,1,db67773109ef933247ad7047faf6070e5dc6102adfd4e50b100ed1ab494f0c4f
űrtartalom,0.75,l,1,8a8594ec17cc8e68eceb83452ba53cc4222a8d1fc11e6daa75feb2d3a3707851
tömeg,0.1,kg,1,1f01cfe52cd47ffd503d634a2e1c4c45c67b98e68a03cf0e2357604d6aeace61
tömeg,0.07,kg,1,8e4e408162755e8cd830784f0d6d21e7c283d22a4a83b5428ac8d0e390a8394b
tömeg,0.2,kg,1,9efd7bba51520f8e3f83f4314c6d791890c80f0e7599e5688b0a56970fef0f3c
tömeg,0.125,kg,1,742ae4c3379e795df266df72f0bc271cb8c71a1f380e6cdd40bdb1019264a127
tömeg,0.15,kg,1,870de0a754bf9583f804b75cede904f54d85e0406b58606a8ea802cad2327439
tömeg,0.09,kg,1,c15240463743394f8e1c27f2c99cdfb783d017cf5196f1fcb454413ac1274e86
tömeg,0.04,kg,1,e0078078ab4e04f38509654afc3c0f4f6aadd707ba8f1fb3aef356346c0bcad7
tömeg,0.2,kg,1,ce97b78c5954241e69c92904bdf85cb4f1952f69854b593452f334517df3a205
tömeg,0.13,kg,1,cedfac212d99a68573f3b19e0b6c1d5b5192362b8812e30221daf8b15dd0a22a
tömeg,0.06,kg,1,869004188879196ac708044bf7dd548688038c77b83b87697f21d3a33affd7af
tömeg,0.1,kg,1,95c4c64329edfbe08418a371eeb510596f2f47a948248bc42bc849bd3233d466
tömeg,0.3,kg,1,7212ab4accb6bf7c92a097eada774feff7a15cc3e204c783d161d35933bcab7c
tömeg,0.25,kg,1,5d3f23b3caa518c80162450fb5316ea921961b003d79f55e114635f01e233510
tömeg,0.7,kg,1,75544e3f72b99d8de8aa532aa48585e1c0fb5bd3e4767876bbd2ef56e9adc936
tömeg,0.05,kg,1,a493c4a0cdcc96fbd6b5946f59a13a038744ef884653b45bc72b49c0e10492f0
tömeg,0.18,kg,1,04dc3f3eaca9ba4d1514d9c3e3f66c46e6c52ba1fbc168421d13af26b72924e4
darabszám,1,db,1,04dc3f3eaca9ba4d1514d9c3e3f66c46e6c52ba1fbc168421d13af26b72924e4
tömeg,0.45,kg,1,60d5abaa9eaab0ec4a053caceaffd3766548258cc4ada6f18d5e4a25aabe1825
tömeg,0.15,kg,1,3771b0405aeda8c626a494cae7ea59dcc8c92b86902806c4a841118a18f6e1b3
tömeg,0.2,kg,1,3f59293d0667856a60b5b5850eb4991bc1e3024249a93b9dcd2ae0f74b263d72
tömeg,0.12,kg,1,f0ead4a5c1e4f02f7614668addca75f3633d441cf3fb919823d6d1b5583f20f0
tömeg,0.1,kg,1,d605a515c4c4a2633c75dc0a267675b4f2e03519aec7f1af9bff81f1da453381
darabszám,1,db,1,d605a515c4c4a2633c75dc0a267675b4f2e03519aec7f1af9bff81f1da453381
tömeg,0.055,kg,1,7d12e7e953c924efc2d62105bf54a984a2d14c708ad7cff4a31ab1bad8b15873
tömeg,0.07,kg,1,7d12e7e953c924efc2d62105bf54a984a2d14c708ad7cff4a31ab1bad8b15873
tömeg,0.156,kg,1,c8bdac023e93875395176d808f852197b7ceec6f94503e9ff3c724cd3d3c3a1b
tömeg,0.062,kg,1,afac57d0eb8cab241073ea53ec8f65b249c113269779aead2a3313e6f885dcbf
tömeg,1,kg,1,afac57d0eb8cab241073ea53ec8f65b249c113269779aead2a3313e6f885dcbf
darabszám,1,db,1,455da94630b63a97209dd7955adb9891de8d5d9ce2ac75c242d3d12e5978b470
tömeg,0.062,kg,1,cc7223b890ebf426a85ed3cd6cbf46801ac67d890b3c7f811515d23452450cfe
tömeg,0.059,kg,1,cc7223b890ebf426a85ed3cd6cbf46801ac67d890b3c7f811515d23452450cfe
tömeg,0.043,kg,1,cc7223b890ebf426a85ed3cd6cbf46801ac67d890b3c7f811515d23452450cfe
darabszám,1,db,1,cc7223b890ebf426a85ed3cd6cbf46801ac67d890b3c7f811515d23452450cfe
tömeg,0.092,kg,1,9e12a5ab2c1bc97925095638e8095fe23a7328095fd18aafaf609954bc9f1155
tömeg,0.093,kg,1,9e12a5ab2c1bc97925095638e8095fe23a7328095fd18aafaf609954bc9f1155
tömeg,0.18,kg,1,569229eea22e1660bcd82410a8f87221f069be342e83fdf639f4b2ce94ca460d
tömeg,0.43,kg,1,49d47c5e1984c6be3ef8e5585d9d21a2299f6b4c240e9db325555fe6dbfbb1f1
tömeg,0.255,kg,1,7a2dbcfc3277fa96c674d1fb83406405bbe2ae4f3d411efc05c3f21aa8130c82
tömeg,0.45,kg,1,7986d0b9be493c7d148d1aa0fd69ffe687884dfbd4cd2fe8e9b4859cdb38d9b2
tömeg,0.41,kg,1,5d3c6c589fad11d622f2d6159a059acb71615227a542db5262c4caaff93ee168
tömeg,0.5,kg,1,d956486aecf94c895347a3776e6ad61a82e692755d9b23f85f4016039ae47aa1
űrtartalom,0.25,l,1,46831daad9068d03ec229b51a70928be5471dba03237e8e42192f829ae43d667
tömeg,0.2,kg,1,e2e215e6426d50a76966a486274119c23835974ac7e5cfa886f58c57feafad2a
tömeg,0.5,kg,1,6fda8f770cbaafc7d940839e6de73300ac57b02e2803418a026f09260fe40956
tömeg,0.2,kg,1,c51c25aa908339512aba8ba5c70e9a7ed33ada4df710e9fce870ac47581c01f5
tömeg,0.7,kg,1,001a14d68566eeb5a91605dd17a38335f59b34f19d43d6cf81315a23a411d1b8
tömeg,0.61,kg,1,521d27b76406e48878d0768a8bfd96730b85d4eeb34e7bffb56f475f3dbbfbfa
tömeg,0.408,kg,1,165903d42709d2f6e42277905bb2f75305da915773ad9f0e872da797b2033e2a
tömeg,1,kg,1,70256ba893722765a8b210df46ea7baf45781674d9e3799c126b2e0a4f937d0c
tömeg,0.2,kg,1,91322c44417607af092665957429c48f6c3e775acd176130a1ec6636c886437d
tömeg,0.5,kg,1,5d67bb926ac045450f80cf374e56cbc69979dbb66eb108073ef4591e1d970946
tömeg,0.39,kg,1,43ac8d6b4b4197f484f637320d4ee009a8cc364c9223f3fc87325b16781794c9
tömeg,0.065,kg,1,a0bc87301878927f32392b0af94ff51ee95c9a95b99995ea50c824bfb6228676
tömeg,1,kg,1,daa9adbfb37d70ed17809b87ddab34ae7ce6680ed6a2bdef75f17adba56f25a6
tömeg,0.008,kg,4,4eb3d2907c7ef1119886a8b218be51da9077f9822ea7fb61f1deca0b86fc58a0
tömeg,0.5,kg,1,a82d948653d393630e2893bb37944b2c7963969228703608c2a861a3310fa424
tömeg,1,kg,1,9dacd299c8b959080e2bb2d0603f098a21711608a8de323a7a94c3902772c432
tömeg,0.1,kg,1,d0daa42931259537f240c0009aa787ded9631934d2f3843fec0a60c4a6daa18c
tömeg,0.6,kg,1,8b2c18d6fb331fa25ec7dffd6a090a133419aed6acdb971c3cc9e60ad85686b3
tömeg,0.0075,kg,10,6d4a4e6e9449d74e317189a0a00873e2ef83e038e5279b7fa174559b0ca1fb87
darabszám,9,db,1,417e916d3aec8137afacfd6a08e746e37241101ff531d64056af0ef30478d7c1
darabszám,1,db,1,417e916d3aec8137afacfd6a08e746e37241101ff531d64056af0ef30478d7c1
tömeg,0.017,kg,1,417e916d3aec8137afacfd6a08e746e37241101ff531d64056af0ef30478d7c1
tömeg,0.5,kg,1,3d264ff786ec061d8d48beecb741b40b23fccea414e4f5f599220b98eaccb793
tömeg,0.5,kg,1,afeeaab6cee8e0f73f816f7e9f76c8f633428b765c6b81355bb9f28814ac5384
tömeg,1,kg,1,afeeaab6cee8e0f73f816f7e9f76c8f633428b765c6b81355bb9f28814ac5384
tömeg,0.5,kg,1,e00a83aa98a9d71376ccd16cb5b113372b58de98595323ab559c0354e085d580
tömeg,1,kg,1,e00a83aa98a9d71376ccd16cb5b113372b58de98595323ab559c0354e085d580
tömeg,0.5,kg,1,7b5abcfc093b6956bc6c01904a313b8db478f1242958bb0465815f35391955a7
tömeg,0.5,kg,1,0d8ddb6b2bcb5bdc81814bd74321cc28bab4ef48d576994bf5db9c96224d064d
tömeg,0.5,kg,1,c876178f571fef24597184f1e29c6122f4e21e9783954ee2617561169f3b73e7
tömeg,0.5,kg,1,8b3b377c38a37e5411327496f2a19cba685e1784054bcd45434208a22780b969
tömeg,0.5,kg,1,fb696cd3ce78508288537ac69811d2df712eeb01094d2c969b547230ca000f3d
tömeg,0.22,kg,1,d3dcf994317497a31f762c0f6173559a1684f06b4ff27e8f4c715d15fee7ef0d
tömeg,0.5,kg,1,3bc3344507e31a113bd416e8f7f762cbd30afdc54d09098c3e113039c120745b
tömeg,0.5,kg,1,ba19c13703e46f4b460d5c2b602d8f6fb2dad7808d22c1a50583adc834412401
tömeg,0.5,kg,1,ca9a52b9b47a1e9b5feafcf1dafeeb16f08c944248779b30872e44bb4322428b
tömeg,0.25,kg,1,ba848529bfc54feb6d67710c8f22d006cb16252edfa8026efb314f25546bac7b
tömeg,1,kg,1,c6df14c9a8d02ee9f9c41b8433402cbb4ad001a55a13e1864dce6aab04ada75a
tömeg,0.35,kg,1,163e080af97145a96ac277c7397563bcc6be1e7f84f1c8f0d4183d903d100a86
tömeg,0.75,kg,1,a17fd01da8153aca1b64b7bb314c2b763d835e5cf79f68ad4f140760c23b27de
tömeg,0.324,kg,1,201869df9c03719f88dfa933b00f4717ba96119b29d564652cdb4fc43a20d208
tömeg,0.052,kg,1,c316011008d8e4f7e074b24d208db7aab51f2e8c1cfc8c561a8a4b841884ea17
tömeg,0.095,kg,1,d92bdff30f1c8f54572bb1d268a35ee2250499eba76d14d46b797dbfaa004e7d
tömeg,0.095,kg,1,f62e4d00a14023f24911919e18573c55a50e1a0d913fc69b9d1afae7ad10d324
tömeg,0.075,kg,1,b38f27efc35e1ed7c424267499f386fd0f083cbf8f87b0b8dbc6751d5fec4531
tömeg,0.1,kg,1,1b835d92eb3f48748cea743b86d01e11dc0b79f77d700b78646c6c1e85d49db9
tömeg,0.1,kg,1,e8716d54986c38944aa1e942cab1f089dd06cfc3703a0e64da735cd5251b7e56
darabszám,1,db,1,9305c92cbb75f717e825c23d32ff726775d3b536a9f23c7c9ef4b5644490da40
tömeg,0.095,kg,1,31b701a3d1c618950bc235e2f01bfede4bacaac58461b89baa4a04aa76b0e2fc
tömeg,1,kg,1,31b701a3d1c618950bc235e2f01bfede4bacaac58461b89baa4a04aa76b0e2fc
tömeg,0.068,kg,1,aaa2a4aae13541df1ee721b27fdeeb11b2910c8f32c49795777e26d5ad62227f
tömeg,1,kg,1,aaa2a4aae13541df1ee721b27fdeeb11b2910c8f32c49795777e26d5ad62227f
tömeg,0.08,kg,1,b7f61b4013fc291d2d01a6b8a4ce9989aefa767422934daf8a0425d557c3ea41
tömeg,0.1,kg,1,dcfa52fb7d9fdb8092baac6a9318f27c857d8eb13d8b1cba172aeb3e54398922
tömeg,0.1,kg,1,da4f6947a08c294148a0ce0d19b13816d317d1448085feb9c3639cef7431de9e
tömeg,0.09,kg,1,3b325a303b08ee63dd2fe08362396c993ae2f060b0c522e70d385815579495c3
tömeg,0.3,kg,1,1e670257e5fd854fa43463ada389299951559d0b2958363e19621d96bdbb3ec4
tömeg,1,kg,1,1e670257e5fd854fa43463ada389299951559d0b2958363e19621d96bdbb3ec4
tömeg,0.15,kg,1,acbfd74503ce0f59cf2e80e537664f30b6adabe684dd8e7d35872c175df96724
darabszám,4,db,1,eda60478582aaacaa23aba2d1e761bb5867bf31a41dcc7a2f45c433c9931c4a6
darabszám,1,db,1,eda60478582aaacaa23aba2d1e761bb5867bf31a41dcc7a2f45c433c9931c4a6
tömeg,0.25,kg,1,eda60478582aaacaa23aba2d1e761bb5867bf31a41dcc7a2f45c433c9931c4a6
darabszám,3,db,1,997d15de4b03df4f0fdb5548abb528768492def2e6dd14be1a1dc40e51f070b2
darabszám,1,db,1,997d15de4b03df4f0fdb5548abb528768492def2e6dd14be1a1dc40e51f070b2
tömeg,0.18,kg,1,997d15de4b03df4f0fdb5548abb528768492def2e6dd14be1a1dc40e51f070b2
tömeg,0.25,kg,1,e80af0c7e679af3e16083db33f8a8864c960615eff336d5e745588f319891229
tömeg,0.05,kg,6,4f40aed32ed1986bc798cffb60e086589a9df2fb9af39b95cadfab18140040e5
darabszám,6,db,1,d1eca5309eafe5455145aeca0796caf50b742f5aa939315c75dbfd07f6c44370
darabszám,1,db,1,d1eca5309eafe5455145aeca0796caf50b742f5aa939315c75dbfd07f6c44370
tömeg,0.3,kg,1,d1eca5309eafe5455145aeca0796caf50b742f5aa939315c75dbfd07f6c44370
tömeg,0.065,kg,4,a897adad553790cf4d5a700c1afc61b94ee81072d9fb5209d7b64187db46afd9
tömeg,0.075,kg,2,db31ad6bcb27b275966b914f5e2a0f0e229c79ef9acd48bf86fc7e56aa2d1af4
darabszám,5,db,1,467bd5ca3967ffadd5ebeb72549bbe9aa6a6ffc176aeed806fbb083c4bf57aaf
darabszám,1,db,1,467bd5ca3967ffadd5ebeb72549bbe9aa6a6ffc176aeed806fbb083c4bf57aaf
tömeg,0.4,kg,1,467bd5ca3967ffadd5ebeb72549bbe9aa6a6ffc176aeed806fbb083c4bf57aaf
tömeg,0.32,kg,1,dc80259d09b55308cfb71d77448a2855ab2c29120149eb60b20dcc1711ce778f
tömeg,0.1,kg,1,c5725a240a06d1dbe28eeeefd402b2812da62bbce95e47a148ce2650d59fe0a7
tömeg,0.1,kg,1,3b46b85c58cabd35bd826fdc0c5d15d47e21ccb58d37dbd24022b4a1926a16c4
tömeg,0.12,kg,1,5f4f2de147f920d18b1accc636e578c76ed1a7e2cd07c7af29434e10ad202e5d
tömeg,0.24,kg,1,1c2e3f5186b4c2f8efc186768b5f4a01ff31115b9f828fbc8b0362497de52d56
tömeg,0.2,kg,1,72b2ad022202217780216c5ea72bd1dc70e9cd0524f71a439bec5a312f4dd022
tömeg,0.35,kg,1,d0c7f17b426e9f93c35292da3ceb4889cf3304e3eb246640e4353285dee62db7
tömeg,0.5,kg,1,cfb5950a8b82da2ebb30a597482e7a3c1ed1a369447f72df3bcdf9f0d40c41fb
tömeg,0.625,kg,1,6640599d519ae7c70c85520fa964b916e9777b4db179a2c4e2cb42529e2098ea
tömeg,0.36,kg,1,1affbc590f045517ef055d56d21d482e9b093e3d4a0bc7b0f785809034f7ba15
tömeg,0.32,kg,1,1affbc590f045517ef055d56d21d482e9b093e3d4a0bc7b0f785809034f7ba15
tömeg,0.325,kg,1,1affbc590f045517ef055d56d21d482e9b093e3d4a0bc7b0f785809034f7ba15
tömeg,0.335,kg,1,1affbc590f045517ef055d56d21d482e9b093e3d4a0bc7b0f785809034f7ba15
tömeg,0.35,kg,1,9ead1e9dbecfbb2bfb545350401fc7cb415f4ea86634b3d0450e1f77a68ae319
tömeg,0.1,kg,1,4cd163bec29ed37ae78d4c74e103974534575b3c745c8598a84e3f0d9fa84245
tömeg,1,kg,1,4cd163bec29ed37ae78d4c74e103974534575b3c745c8598a84e3f0d9fa84245
tömeg,0.07,kg,1,4f8e31870225475fe0b8f8c059d55f22c70bf874f3a15e5f67c4bcdaa2f30afc
tömeg,0.075,kg,1,19555da7dfaea1295d47fb732e37a2b5e3b04c02cb0c6319a4c3e02ae0ba9e42
tömeg,0.2,kg,1,729b57f89a24c4e7a3f1541d0109ef297fa099f167ceac804b148a3173516440
tömeg,0.25,kg,1,43fe6297a2bf7ac6302c4c147f2520d271da0e249c24ef390eb1f41bbee19ac2
tömeg,0.1,kg,1,bf5f2cdbf5d97b3fa02f496294f42b31eb2be0b7dba23c6267051a62300494b3
tömeg,0.35,kg,1,289e4e1cfefcc482b065e91048cacd3cf10c9ddd2aa3bfafa9b2550f7bde68b4
tömeg,0.1,kg,1,94145dd6c72bdbf3ba14d2df2733216898b006d1b497966c13ceb87066dab5d1
tömeg,0.14,kg,1,eef1a0c7c96035e0d5012bf15f2abc8e299ddc0f2c942ba1d3e319c60507e131
tömeg,0.06,kg,1,fa82b1df3ef30a6e80732e72f1cd7ca7e4c789fda08ef66296c4edc0bdfa6a6a
tömeg,0.07,kg,1,2206576c7b6eb31cc5d90e7f59140881a2f0d176ce81bbb5dca5e17e8aa5f168
tömeg,0.3,kg,1,82a22cde636ae1e0088712444e09d79e7f98fbcce02294dc52bd6690f5525275
tömeg,0.75,kg,1,4bba64465220397e5f38900a1691eb3b9071c34b9326ec8c828e61b46e158e98
darabszám,6,db,1,f59bde71ce805534406d6fa57a723ed1a9224a0f34325ffb5d3bafcb16327aba
darabszám,1,db,1,f59bde71ce805534406d6fa57a723ed1a9224a0f34325ffb5d3bafcb16327aba
tömeg,0.3,kg,1,f59bde71ce805534406d6fa57a723ed1a9224a0f34325ffb5d3bafcb16327aba
tömeg,0.1,kg,1,4bd75da36901c27c254e7a432d051b47ab980feae1838b033c2784330fe92e52
tömeg,1,kg,1,4bd75da36901c27c254e7a432d051b47ab980feae1838b033c2784330fe92e52
tömeg,0.1,kg,1,9816f41ad9f80b15c22219b350993b624cef1b988d3ee5600e8fe604e31679d9
tömeg,1,kg,1,9816f41ad9f80b15c22219b350993b624cef1b988d3ee5600e8fe604e31679d9
tömeg,0.15,kg,1,7251c726a6ea2ff191f18e44f812e7ea15d8feb0665b0c455219632e77c01ca5
darabszám,1,db,1,7251c726a6ea2ff191f18e44f812e7ea15d8feb0665b0c455219632e77c01ca5
tömeg,0.09,kg,1,c4dc9c8232d223ec5e4e4f23d587060158345d378b95d09b749672ec02fc2b5f
tömeg,0.07,kg,1,1ecfc7193ab2e83677b5b43ea11c0e5bb7c49f45763a8cae5d60d099e208218d
tömeg,0.1,kg,1,85ad8774018e918009a14202053c3fd5589e3fc322a51cb96b3cee2ce781dee6
tömeg,1,kg,1,85ad8774018e918009a14202053c3fd5589e3fc322a51cb96b3cee2ce781dee6
tömeg,0.07,kg,1,0129d7d2b7836fc28fce530ee30d936a4753e4ff4f85699e947efcbbd9c2d67f
tömeg,1,kg,1,0129d7d2b7836fc28fce530ee30d936a4753e4ff4f85699e947efcbbd9c2d67f
tömeg,0.1,kg,1,4a05e4442769245c97eac2ee1ddcdb9ad68f2681742e5f9faf92628e8eb68177
tömeg,0.1,kg,1,f2a33faa8b3d985ab785c6f9db71b790d972482fba7d19bb02ffed486ff19045
tömeg,0.15,kg,1,fdc2951d906ead0a2854f16e0061316f6c2f504c8ddabc7a7de12c8794db920d
darabszám,1,db,1,fdc2951d906ead0a2854f16e0061316f6c2f504c8ddabc7a7de12c8794db920d
tömeg,0.35,kg,1,037a48e308153e1971642e3753c85b36d437d69b5f5a79ba817ac48fbf80e6c6
tömeg,0.3,kg,1,d42cd4ef29c738833f73125e484531862435f2b7918743b30c2b4d489614bc93
tömeg,1,kg,1,d42cd4ef29c738833f73125e484531862435f2b7918743b30c2b4d489614bc93
tömeg,0.15,kg,2,e579c1a1a38a8e70a9388ca9a55086ff2fe703f6cf6b6e3b1ad44b6523e8553c
tömeg,0.3,kg,1,98b66d7bb2dd40a8e011e78671e83e73511fcb76a3a860ec518ce57e3d3e65ee
tömeg,0.1,kg,1,bc1fe353e2c382c276f76654e2abf54866da30496e0bee1d90bd9ff7466db685
tömeg,0.5,kg,1,e1d47ba78942e81dc7ff3687d1bf8574f310cf2cd817c15143efd8760adec8b1
tömeg,0.05,kg,3,69c54c8eb3d1e053dfeb4e2590a5bc514b06ad7d1bf54964194d71258e1333b3
tömeg,0.3,kg,1,390e778840e885b24b44096c801dd5717a23fbe9704f10c1e0c6b55442dbf3ae
tömeg,0.4,kg,1,ebc3a9c142480291ac8471b8954eac7658fc0e86c25f291ae81414b59c9f352d
darabszám,1,db,1,ebc3a9c142480291ac8471b8954eac7658fc0e86c25f291ae81414b59c9f352d
tömeg,0.4,kg,1,883e3c1fdea38f217bdbf9c373b678560bb136130990f4c53043f757732ce8de
tömeg,0.25,kg,1,a6634b46cd13e887fe8f1f0c2d913e8a9f32f04678c4def60704621df8010535
tömeg,0.8,kg,1,73bbc559e487368fc1ae7e0cf882751c694f296aa286b4e51722331a61c4f3e2
tömeg,0.08,kg,1,c9963f2924dee0900c7848589ae395fc8cde601229016610e99bc1ce7c407061
tömeg,0.1,kg,1,56c6e477c65b0ed580c6db2512d31fe2229cc45def4036489bcd6fe401305ccc
tömeg,0.38,kg,1,c9782ce6ad8fb2e9ea7a0b45ef21d2ca906ba442dec6d0aded6efaceebc4a30d
tömeg,0.75,kg,1,e55d39f468eb99e4dc8607aea843bf16b6ea69aabc50bf4b35ceecc51073c949
tömeg,1,kg,1,8bdd9fe3d49d6741ea7a26439e98909e98c7da2502ce099d5822b758553748d5
tömeg,0.2,kg,1,fb35be775641b4e9b325e848b90b3043a786bb7f7790c8a83f822b0eb386f79a
tömeg,0.125,kg,1,2fd48ae6df14563aacee7e90d9f587802a7a3d69ed3607a980b97b8bf1f95059
tömeg,0.1,kg,1,3206040bb7d737b5a1648ee834466dbd4549b14b42dd94255690eab88bf6b4f2
tömeg,0.2,kg,1,4a9a2ab6f26f723d9eccc91ac6abcbcf036135db818bbcbda217976460dec389
tömeg,0.5,kg,1,4acaa53ac6098f154ea0f24ac9dd052140d47a2c7a73c484366bc2bee7fc14c7
tömeg,0.2,kg,1,c0719b15877c0396be02e1aa812ed691e19be8c917d689fc8b30633cbb36b092
tömeg,1,kg,1,c0719b15877c0396be02e1aa812ed691e19be8c917d689fc8b30633cbb36b092
tömeg,0.23,kg,1,1b88cd2a77a51968563815c499ec434d85cf2f2453926c210589dbf9aa4482ff
tömeg,0.23,kg,1,66f824225d7a2afc297352f521ad7df84f88ee11239661096fcef27bbd17dbea
tömeg,0.2,kg,1,2e3df89f59feeaa1ea3f8d3f5b2bad84c4d5dddc757add4cbf08fce4f3128a3b
tömeg,0.03,kg,1,2e3df89f59feeaa1ea3f8d3f5b2bad84c4d5dddc757add4cbf08fce4f3128a3b
darabszám,4,db,1,df9c3eefcfcf853273357d1ae04c6f2f9659001f95844a56fd00073faca497e5
tömeg,0.3,kg,1,ef460551f15e81517d1212b4385b82d54077a9fed7da59432a1832d3c7a045e4
tömeg,1,kg,1,d7d5467d78ec32feaa081235cd6e91795837cfcd4bd6934a1d91a51ee49d8fa7
tömeg,1,kg,1,d7d5467d78ec32feaa081235cd6e91795837cfcd4bd6934a1d91a51ee49d8fa7
tömeg,0.22,kg,1,d7d5467d78ec32feaa081235cd6e91795837cfcd4bd6934a1d91a51ee49d8fa7
tömeg,0.24,kg,1,ab64bb97ea3b7bccafe764b9b02a73e9e032a1468c370f7c3be96d3b018ed97d
tömeg,0.2,kg,1,9bd616b140ea232d2f8385be687e6ac8b7fe1e30e327158644b58d3ae803e8e3
tömeg,0.16,kg,1,06827a6d356c56cced4c5472d934b23b08fbfedd0762c1fd05fd20adac8151da
darabszám,1,db,1,7e7fb4a613a19c5a80ef50fafe60def2934539c3806f28e1b5199a16c064c58f
tömeg,0.25,kg,1,70672028b9cf030a2b014f088af48f26c25bbe872083a7d5472f408aeca695bd
tömeg,0.375,kg,1,ff199b2dfeb02db5cc99b19feedf994687256df5712837695a32c1dc0cdb8680
tömeg,0.5,kg,1,2f42745f120b24a29013e1df4a88c85fe097e6274c4a853f7cca7c0d94839374
űrtartalom,1,l,1,75d20ac1a96b0e852abe5a0d20e79bb354d9f05f2556e9f2f0fdeb905856ed7f
űrtartalom,2,l,1,f57f5368ef40d39a26c427a9a3665b8b4b3ea72b37acaa9c03e680303936a6ad
űrtartalom,1,l,1,1623c2bae047abf935dfaae7659b7c5d5cda58d176fdca6c7df899b660dd64f0
űrtartalom,2,l,1,71b943b87843b9695cd5cf079574603ba3c04878485bb995a023ac1c71a2dfd7
űrtartalom,0.2,l,1,2a1a31ad7164164cbb9fadb0c58e4bea2cf5c6d9c339ccf0491d92eea61c9bdf
űrtartalom,1,l,1,a0e3bfe05a90172232df379c7ccd170c41c24f39cb36d0382b41be77c0d228c3
űrtartalom,0.2,l,10,0fed712a4fd93fd2762501adb08200ded969ba7e07a6cbaa9c46f2565a8e1f6c
űrtartalom,0.25,l,1,4d1c67e91e3de02e114ec9e662191577bc848c36baafeb93d93349eea7ff0bc3
űrtartalom,1,l,1,c94160e399d3031376a5ad5e4c6cdc9762b8fa10dc68cc95b1dc0fc6b8f30b8f
űrtartalom,1,l,1,a8018fc50023fac924427f3697331c7328dde0fba551ee4cf60aab45dd2fc5c5
űrtartalom,1.5,l,1,a362df7074937e2255aede028e9f50a9f732a449e89050aca16353bb66c0c4ab
űrtartalom,1,l,1,e8ea6dbc164ca99ab6e2b9998a18a13e938bf959284b87ed6560322f5cf28f0e
űrtartalom,1,l,1,8fc4c6e7ac7e41f82b35067acdd7500ebb4ea69287a58394c74e88c909278e67
űrtartalom,0.25,l,1,f4dffcb7d0935b6295fb42ec5d59767bee169ad289db5e14d0794b1dc627a24f
űrtartalom,0.33,l,1,f4dffcb7d0935b6295fb42ec5d59767bee169ad289db5e14d0794b1dc627a24f
űrtartalom,1,l,1,ca2f8765cde5c96bbf4e86eef2a8361b352a8b4e39114f78349127447ff1fd0c
űrtartalom,1,l,1,4f5361f73f5fc3134d206703ca5bd77565f0caa3a02ef142e7797ac6a3db3cba
űrtartalom,1,l,1,727ab53b58c1d69fd6b65fea66db8f78b93c3668e1e10e5bc82e81395811c8a9
űrtartalom,1,l,1,95639bd0a28127fab47b5e1f2025a9901f7e8dc7ff8476c7157f4ac03b14869e
darabszám,1,db,1,95639bd0a28127fab47b5e1f2025a9901f7e8dc7ff8476c7157f4ac03b14869e
darabszám,2,db,1,95639bd0a28127fab47b5e1f2025a9901f7e8dc7ff8476c7157f4ac03b14869e
űrtartalom,0.75,l,1,c1b39484713f5362387baf30cd962dbce1a8264e9e151848e65350c4d8cd47b8
űrtartalom,1,l,1,c1b39484713f5362387baf30cd962dbce1a8264e9e151848e65350c4d8cd47b8
űrtartalom,1.5,l,1,f038c27bf62d2c77360b717b5a62c80f8582e53451b1159321d3446bca8e53dd
űrtartalom,1.25,l,1,58594a342fd926af7b5e4cf251c96d50e42361773f7dd0d3413ea1339b2df3ca
űrtartalom,2,l,1,d001b50b0915dfa927fa14f17366d6d9d903f3a0bb3de7ca696bb087219a0b59
űrtartalom,0.5,l,1,aed4dc70bcb5a48d1ea1290e48d4be00f9be1d64d17785edecc69ec2aa5c2d10
űrtartalom,2,l,1,cb8dbe683a5885de02a005d2e3286b4e933cb2dfcb54bde055b405b5600700e3
űrtartalom,2,l,1,cb8dbe683a5885de02a005d2e3286b4e933cb2dfcb54bde055b405b5600700e3
űrtartalom,2.5,l,1,be10148ba2110d1076dbab9b35131eff18df293e478c8768332cdc1c798b442f
űrtartalom,1.5,l,1,744f2ea73072baa772dbc5a8bfae2ff7e1ee10940e8a7295be23bb815252c385
űrtartalom,1.75,l,2,d8b58c24c4d7f3e25ef1b21e0156888a94a7d9d5c96da85d1a6dc85d2f6bac4d
űrtartalom,1.75,l,1,d8b58c24c4d7f3e25ef1b21e0156888a94a7d9d5c96da85d1a6dc85d2f6bac4d
űrtartalom,0.33,l,1,ea1fd49e3b66f99a56bf20e666ea77508121785dc4df8fcae74e50b6b323d80a
darabszám,2,db,1,ea1fd49e3b66f99a56bf20e666ea77508121785dc4df8fcae74e50b6b323d80a
űrtartalom,2,l,1,cac85aaf877dadc1473f82294378115f03a135798b18f3fe3e88b86a771b7a1f
űrtartalom,1.75,l,1,1f771214d83434343725f768e4a64f57c66315044100b914934f86180956feed
űrtartalom,1.5,l,1,812d66d621add818819de2baafdef36884c8265e795186044ea97e172b9fe82e
űrtartalom,1.5,l,1,74e8a7d519da47394e90e778b01cad1547a4e8e447fc9d0808a8ab5460e03569
űrtartalom,0.75,l,1,d6bf58346b05864f3dda47b82dfcd4575cd31aeccd60d2bd7976ff419225ba8f
űrtartalom,1.5,l,1,d7c2a37dfca89a8eb1c40022ce2fe0fdb9233d18d001e4f0021c5f83be35eda2
űrtartalom,1.5,l,1,2fc02db5929910564f2d34cd9826f12cb2940ec68a32cce604ba13a71e16fceb
űrtartalom,1.5,l,1,9678dab255973427b148f64c41a11f021945edc4c736b3fb60242672cdd83a8f
űrtartalom,1.5,l,1,c3b6190dbec05981ab867b3d54382099806a86f0fe231d2882d609e61905ab5c
darabszám,1,db,1,c3b6190dbec05981ab867b3d54382099806a86f0fe231d2882d609e61905ab5c
darabszám,2,db,1,c3b6190dbec05981ab867b3d54382099806a86f0fe231d2882d609e61905ab5c
űrtartalom,0.5,l,1,393ef71d5220b546a5d7e83cc3bbdd09f398bf3061bab680061da9b19ade54f2
űrtartalom,0.25,l,1,7e91b1255d6d6fb6d8241a116160840f768f1f625be926c5aa7d12556309f458
darabszám,1,db,1,7e91b1255d6d6fb6d8241a116160840f768f1f625be926c5aa7d12556309f458
darabszám,4,db,1,7e91b1255d6d6fb6d8241a116160840f768f1f625be926c5aa7d12556309f458
űrtartalom,0.5,l,1,27e943010d7670f717a6c88add61156e392a6cc2788ec8087a8857f86a7629c2
űrtartalom,0.25,l,1,3b7992a0cc27a02608505810b4735f4fb7a1b36ab0d8fe350ddf66fdd2b62509
űrtartalom,1,l,1,3b7992a0cc27a02608505810b4735f4fb7a1b36ab0d8fe350ddf66fdd2b62509
tömeg,0.017,kg,24,a26fbed779311d52ee64a50bad2da7dac88d20ec25a4aa8082852a80d2e7cf66
tömeg,0.017,kg,1,a26fbed779311d52ee64a50bad2da7dac88d20ec25a4aa8082852a80d2e7cf66
tömeg,0.057,kg,1,738db99da585de41c463ecd04a280f9a8e0ca61c0a8301fd9ee31dbb91622eaf
tömeg,0.2,kg,1,20c387819d6e883fc1fa80754b783e0e23846ddf566150072de6bada74c2df2b
tömeg,1,kg,1,2dff755f5a5936725980f0b3d1b99783112dfe3f435530e391c418c01cdc1591
darabszám,20,db,1,c5f4d305187f70bbb7c1b68dde34e6568133ed2f67efba84e277e024bf2aad85
tömeg,1,kg,1,f86418550aaf47b037025d67eea9b2d75a3a2763604fb1c15492a94ddf4cd623
tömeg,1,kg,1,13f0a8cbfade9b24b6eb3aed7302640e842a959a29a1d9996225a51d18057f44
tömeg,1,kg,1,6269664c0335c9864ea2e09f37d1bd7856adb7c6c0d46082b0811f8695d6ab8c
tömeg,0.2,kg,1,26e34877445fad3e02018adcbbf0ff9c076d91496a722cfcb3511cb1ed57abc8
tömeg,0.016,kg,24,f0026c1121aec2af3f8d088cb687150522573c205d88687d19f4c1d9f1d659dd
tömeg,1,kg,1,491e6028a964daa608d34f22e3af8b22d6702eb6ae07abdd6b3b380c3d73a371
tömeg,0.12,kg,1,ee34213dd819c7ad23abb18f2e3e8b6f6713d287c3bfad28249c5c902b6a0e97
tömeg,0.25,kg,1,410f5efd2d6b1558043fd876596b59fe83c332aef8057af1749d69062967ec46
tömeg,0.214,kg,1,d1e2dad8acce85965e4d7bb96e0bd54d3ce402d8f44f347b2ad49b83ba35328c
darabszám,10,db,1,3007c671af94f36cac93fc2500d95ee1683088294c757b7b657740bdb9322919
tömeg,0.2,kg,1,ba2e0798a5651cc372a6db4548c6e4a7c55bd9d439749fee4698c47dea698920
tömeg,0.225,kg,1,a8cf77d780ba41c2e6310570243fc184002be9c068e5027eccf5848106c7611d
tömeg,0.25,kg,1,bef44328ba5eb4b3543504ad38063391214d578fc1cbe8bf9a62c73c22e049b1
tömeg,0.2,kg,1,abb3555bb111e8d1a21f67aa084bbb540f60eeceb2047a617e34d3eed09e862e
darabszám,1,db,1,8ac07e50970b37514b0eba0713a57aad637708f367089fbf29d184c71467f76e
darabszám,40,db,1,8ac07e50970b37514b0eba0713a57aad637708f367089fbf29d184c71467f76e
darabszám,1,db,1,df28dd39d6f057c4d7cf4659797f7d65ab6c90019e3f68858b5ec2d0321842c7
darabszám,30,db,1,df28dd39d6f057c4d7cf4659797f7d65ab6c90019e3f68858b5ec2d0321842c7
űrtartalom,1,l,1,354c67255d50ee99f61656a090e9ac8503f309813e8d2d69de135b1d256f0de8
űrtartalom,1.5,l,1,cffd7ac67c5b83b834db57485eff0efc3b89fa9c584ce31e63bebb8b1b580535
űrtartalom,0.33,l,1,77b56a55cf7d714e925b71e818f1177fcfe6bbb0ce1d3b8b00c5df85624a26ef
űrtartalom,1.5,l,1,7ece707cf20d2b098ae2e8213326f79eb60c82502932acf4156c4a1c7b769faa
darabszám,1,db,1,7ece707cf20d2b098ae2e8213326f79eb60c82502932acf4156c4a1c7b769faa
darabszám,6,db,1,7ece707cf20d2b098ae2e8213326f79eb60c82502932acf4156c4a1c7b769faa
űrtartalom,1.5,l,1,e71b1c1c64b98e74bffd41142876c9d474752638bd86076a7b0fa3c55a93d087
darabszám,6,db,1,e71b1c1c64b98e74bffd41142876c9d474752638bd86076a7b0fa3c55a93d087
űrtartalom,0.75,l,1,bee7f8d2134d6efe01d02292effd24947cb55a24bd9e2dc43f8888da6ad31a71
űrtartalom,0.75,l,1,b8fed8a222c8c8949bc94e28597c2662e6ad5f132e9a2c1c5ffe3d886f0b99fa
űrtartalom,0.75,l,1,8d2c52dca00fd44d7bed328159badc785b95967650233729dacc8459adeed0a1
űrtartalom,0.75,l,1,2ac4909df8e84261561f1da2559fa298ade93db5ede3d81eaad5255ebe9f9f10
űrtartalom,0.75,l,1,5e008121d9f5d690c626042502caf6186a5c5f1d50271a85eddb627e43f6f540
űrtartalom,0.75,l,1,3c9424d04e807b5b8f444a7543bdbe09a3193ef6ad30e61233d5515be80b3905
űrtartalom,0.75,l,1,4e7f43716609ebe720326fedbec8b9ef6417a5ebc5f227b57140e1da9a3cc502
űrtartalom,0.75,l,1,c7fb2c214184216525cd9e8e719c603145f8705303ddd673dd40a08ad55ffca9
űrtartalom,0.75,l,1,8406d961c0edbbfe1d4c1352d5133bed9d07a1ed20f2cc4e5cbc734275aba446
űrtartalom,0.75,l,1,0f6291c57132435a75fe4de9cda37168894b280f656af427adcfef51ffe29f68
űrtartalom,0.75,l,1,f503d4c3d1d9450b2667820c2c0271ab697042da8b0c4e2ec7433d4cec127da2
űrtartalom,0.75,l,1,5c841511ec2e1eda5b846c1b4638717c9e0684878f0723a7c35be616333a7a8f
űrtartalom,0.75,l,1,712f141ebb030114fab14628673c75d12c0c13b8665b54e5cbf43e7168fac528
űrtartalom,0.75,l,1,85469c57eeff74a40cb8553467feecccfe7ddf05d8cba56fcf633b7117ddccc0
űrtartalom,3,l,1,4e27bf8a1232889a1b990dd86951dc67b3676d8a70096fdd5fe141e1043099b7
űrtartalom,0.75,l,1,a0c4c47d7727cc21a695c2d1373599be967517f189c9a8161b37f7957229a817
űrtartalom,1,l,1,a0c4c47d7727cc21a695c2d1373599be967517f189c9a8161b37f7957229a817
űrtartalom,0.5,l,1,8b3fa2e5dc1c2d8900f7c4f6df9ec041f8575fb61ffe6a37271a1c5b6b641050
űrtartalom,0.33,l,1,3b588b3221c4783fc4f935363ea0f843373ea00f6e2f5854eb49cada07db9893
űrtartalom,0.5,l,1,1a00702ebdda400faecd68f546d88fbe184a9bacc921d6f03f13992d20c8794a
űrtartalom,0.5,l,1,ed8adf9b63e0f8f0d7f4449d5fd9623aded6b885b0763e827581cbaca75a29ce
űrtartalom,0.5,l,6,66a14df96f1a6d525aa00903abc7372086e242dcf3f3cf42e2f61f1c935f2529
űrtartalom,0.5,l,1,66a14df96f1a6d525aa00903abc7372086e242dcf3f3cf42e2f61f1c935f2529
űrtartalom,0.5,l,6,1599857c3edccea400051d356f00fcc0f6a231b39ace0cff07a7f51a3219c44f
űrtartalom,0.5,l,1,a7dd82ba291ab093cb3f798299407c996aa21e42f81658ffc74524b82694b8a0
űrtartalom,0.5,l,1,09a7437142548a4a01ea7efa76033950a894c4d7076cf3e7e57d1104d2eb1711
űrtartalom,0.5,l,6,ef5d5d103df2d23052e34d1f5e849b5cf4fcf688d6ab43ee7f3a72818e92ab91
űrtartalom,0.5,l,1,ef5d5d103df2d23052e34d1f5e849b5cf4fcf688d6ab43ee7f3a72818e92ab91
űrtartalom,0.33,l,1,70af5b406544a3143c11f8c580bf63d5fc9fd982aaeae49ba292c367af69e266
űrtartalom,0.5,l,1,122c6b9adbd5020dec3d4edb16d715efd71f47d3f0bc66114c44de529f7ffa30
űrtartalom,0.5,l,1,05f846b55848a2d163e3fc1fc0398e373c55e4debc941bc4108e75bf0a8de39d
űrtartalom,1,l,1,05f846b55848a2d163e3fc1fc0398e373c55e4debc941bc4108e75bf0a8de39d
űrtartalom,0.5,l,1,b97de6791456e0dec8afa419b4f3918b8f7de279a4472a4954b4dc4dacb0bce2
űrtartalom,1,l,1,b97de6791456e0dec8afa419b4f3918b8f7de279a4472a4954b4dc4dacb0bce2
űrtartalom,0.5,l,1,b06386626c741c57382ab124b20d35c8de1653f6e81a076e2ad5e6e5a0257dc5
űrtartalom,1,l,1,b06386626c741c57382ab124b20d35c8de1653f6e81a076e2ad5e6e5a0257dc5
űrtartalom,0.5,l,1,70937d6b135c14766d370435349d052ea89420822d09a2361fa21e3df86cee60
űrtartalom,0.5,l,1,08188a2cb833543a36d2884a775e7e33ae51c2da5578ceb38aad80c80e8bee0e
űrtartalom,1,l,1,08188a2cb833543a36d2884a775e7e33ae51c2da5578ceb38aad80c80e8bee0e
űrtartalom,0.5,l,1,f3f79a289298198055a7cca251590fbce745fcf6c83420a97d21c1c5a450a6ea
űrtartalom,0.5,l,1,61ffdd81c7427bf7aa97c90f063dbe819fd6c2e2c5690825e7f11e8f92cc2602
űrtartalom,0.25,l,1,2b2d7a9cf0f89479f73ac331f6d2e79a82c0148bfe2ee6f36116f7cdd2b550cd
darabszám,2,db,1,2b2d7a9cf0f89479f73ac331f6d2e79a82c0148bfe2ee6f36116f7cdd2b550cd
űrtartalom,0.5,l,6,7024a2d63a67d09168e6e4da96e24a8873e56941e73abaa5be15bd401e143d43
űrtartalom,0.7,l,1,319912600a89b2a62642b83b6a7f2dc96e4a5d2a8d2443eecace5622e2ba6f80
űrtartalom,0.7,l,1,dd3fd620276464dcd3781c308967c41306bcdb58310982a1bd7b6c2e03add191
űrtartalom,0.7,l,1,6a24dc820f984f32e5cedfd98d6340b015de4014375ae9095160297a638e6e4a
űrtartalom,0.7,l,1,0259983476ea9b3d3b4279625b04a9d462a87f241b912800ba4694325764e621
űrtartalom,0.7,l,1,4c79689d3d6a22011886c97bbe47e1dee819358b5d32cbfc755e757862d503d7
űrtartalom,1,l,1,4c69ae9da5d66537652683daf8c66c7f23a11694982373590954162e5d91b09c
űrtartalom,0.7,l,1,61659ba654152bfd7fb84908d6dd194859d820fa37a2847a951e75827f589b1a
űrtartalom,0.7,l,1,9f2606eeaf65c9e5a04d3e9bd457e1824b21671e2d0bc657f91a1ff61bf48b1d
űrtartalom,0.5,l,1,1e1f68373a72de4cead49d05779ab010e43d55399d084fa1c31ce0666cf2d7eb
űrtartalom,0.5,l,1,c20af312797b82cc970c818563c8f3ea88546c9dd868288ab062bdbd0480c3bb
űrtartalom,0.5,l,1,93b7babf10f31bc4e4e672b9ca7297b6f25fdf6597be62ed9b35688f8c11dd84
űrtartalom,0.5,l,1,93b7babf10f31bc4e4e672b9ca7297b6f25fdf6597be62ed9b35688f8c11dd84
űrtartalom,1.5,l,1,96908337c0a1adfd0866bc25af2560f7db37ea4d130b300ff42c3b949666119c
űrtartalom,1,l,1,9163888dfc631293e0afded1f6ea6cf8f950611a13a107547221b8a4a93e1c85
űrtartalom,1,l,1,67bc65968a2e7d77c8170de20d62b24dcb736e9784927b7a9e1e21d004bce1eb
űrtartalom,0.7,l,1,15d129fb06d2c243426af49c9e9d761f3304e9fe60ff13094e2b1ccc85db62f4
űrtartalom,0.2,l,1,72606f294d10e4b9c05452b6ee836356c6a36775e290d1af398f177c3ab9d384
űrtartalom,0.7,l,1,72606f294d10e4b9c05452b6ee836356c6a36775e290d1af398f177c3ab9d384
űrtartalom,1,l,1,d373c161e900d519319cce04123a2469cda884a8253161a07c3c3a94b030116b
űrtartalom,0.7,l,1,835e3abfb466aaae3e7dc51101d013dc5ff007a1dbf1da1cc301f7e846f50d09
űrtartalom,0.7,l,1,d53e723b0337411d80cac958add5acfc743765c243043e031bea5cfeeee2d565
űrtartalom,1,l,1,d53e723b0337411d80cac958add5acfc743765c243043e031bea5cfeeee2d565
űrtartalom,0.75,l,1,7278fc7a038738798dc47c1b52e131633988948512c506ac338a82accfb3f25c
űrtartalom,0.75,l,1,e387b26ae400e5a1ead19e19c4c36e29d39d1723e45f95fa1e9c3d7be5bd924b
űrtartalom,0.75,l,1,ef5a56aef99ccd62453660bcccf4d9445566662b8c13e54f2551a14885e37cd5
